raw_row_id,field_id,farm_id,season,crop,variety,area,area_unit,planting_date,harvest_date,date_swapped,yield_value,yield_unit,yield_t_ha,yield_converted,yield_outlier,grain_moisture_pct,fertilizer_n_kg_ha,pesticide_apps,irrigation,irrigation_unit,irr_neg_flag,rainfall_season,rainfall_unit,rain_neg_flag,temp_avg_c,temp_outlier,ndvi_mean,ndvi_max,ndvi_clipped,ndvi_swap,ndvi_imputed,lat,lon,coord_swapped,soil_type,contractor,note,obs_date,area_neg_flag,base_field
292,F0001,FARM12,2024,Soy,Soy-V2,101.3,ha,2024-03-19,2024-09-12,0,2.0101221561199054,t_ha,2.0101221561199054,0,0,17.93795979418792,154.9,3,0,mm,0,NA,NA,0,13.458090962609276,0,0.6622624289244413,0.7487519555492327,0,0,0,49.4540542535414,30.06492411188316,0,Chernozem,UkrAgroTech,перевірити,2024-05-05,0,F0001
389,F0001,FARM12,2024,Soy,Soy-V2,101.3,ha,2024-03-19,2024-09-12,0,2.0101221561199054,t_ha,2.0101221561199054,0,0,17.93795979418792,154.9,3,NA,NA,0,590.9014337114058,mm,0,13.458090962609276,0,0.5756274523679167,0.6825635521439835,0,0,0,49.4540542535414,30.06492411188316,0,Chernozem,UkrAgroTech,перевірити,2024-06-17,0,F0001
1046,F0001,FARM12,2024,Soy,Soy-V2,101.3,ha,2024-03-19,2024-09-12,0,NA,NA,NA,0,0,17.93795979418792,154.9,3,0,mm,0,590.9014337114058,mm,0,13.458090962609276,0,0.5085395643487572,0.6269174113636836,0,0,0,49.4540542535414,30.06492411188316,0,Chernozem,UkrAgroTech,перевірити,2024-07-02,0,F0001
750,F0001,FARM12,2024,Soy,Soy-V2,101.3,ha,2024-03-19,2024-09-12,0,2.0101221561199054,t_ha,2.0101221561199054,1,0,17.93795979418792,154.9,3,0,mm,0,590.9014337114058,mm,0,13.458090962609276,0,0.6323570814216509,0.7705982027109712,0,0,0,49.4540542535414,30.06492411188316,0,Chernozem,UkrAgroTech,перевірити,2024-07-28,0,F0001
252,F0001,FARM12,2024,Soy,Soy-V2,101.3,ha,2024-03-19,2024-09-12,0,2.0101221561199054,t_ha,2.0101221561199054,0,0,17.93795979418792,154.9,3,0,mm,0,590.9014337114058,mm,0,13.458090962609276,0,0.44277046110946683,0.5799337604315951,0,0,0,49.4540542535414,30.06492411188316,0,Chernozem,UkrAgroTech,перевірити,2024-07-30,0,F0001
184,F0001,FARM12,2024,Soy,Soy-V2,101.3,ha,2024-03-19,2024-09-12,0,2.0101221561199054,t_ha,2.0101221561199054,1,0,17.93795979418792,154.9,3,0,mm,0,590.9014337114058,mm,0,13.458090962609276,0,0.560879681748338,0.6587459090165794,0,0,0,49.4540542535414,30.06492411188316,0,Chernozem,UkrAgroTech,перевірити,2024-08-04,0,F0001
124,F0001,FARM12,2024,Soy,Soy-V2,101.3,ha,2024-03-19,2024-09-12,0,2.0101221561199054,t_ha,2.0101221561199054,1,0,17.93795979418792,154.9,3,0,mm,0,590.9014337114058,mm,0,13.458090962609276,0,NA,NA,0,0,0,49.4540542535414,30.06492411188316,0,Chernozem,UkrAgroTech,перевірити,2024-08-24,0,F0001
1486,F0001,FARM12,2024,Soy,Soy-V2,NA,NA,2024-03-19,2024-09-12,0,2.0101221561199054,t_ha,2.0101221561199054,0,0,17.93795979418792,154.9,3,0,mm,0,590.9014337114058,mm,0,13.458090962609276,0,0.5695840231142938,0.6845411276677623,0,0,0,49.4540542535414,30.06492411188316,0,Chernozem,UkrAgroTech,перевірити,2024-09-08,0,F0001
747,F0002,FARM02,2024,Wheat,Wheat-V1,69.4,ha,2024-03-23,2024-09-02,0,4.806339310714975,t_ha,4.806339310714975,0,0,26.463998208288103,100.9,3,0,mm,0,151.70989924808964,mm,0,16.566699263639748,0,NA,NA,0,0,0,49.5349362976132,33.65781548029557,0,NA,AgroService Ltd,норма,2024-05-20,0,F0002
544,F0002,FARM02,2024,Wheat,Wheat-V1,69.4,ha,2024-03-23,2024-09-02,0,4.806339310714975,t_ha,4.806339310714975,0,0,26.463998208288103,100.9,3,0,mm,0,151.70989924808964,mm,0,16.566699263639748,0,0.4632556463126093,0.5670854242052883,0,0,0,49.5349362976132,33.65781548029557,0,Clay,AgroService Ltd,норма,2024-07-28,0,F0002
1225,F0002,FARM02,2024,Wheat,Wheat-V1,69.36311903880001,ha,2024-03-23,2024-09-02,0,4.806339310714975,t_ha,4.806339310714975,0,0,26.463998208288103,100.9,3,0,mm,0,151.70989924808964,mm,0,16.566699263639748,0,NA,NA,0,0,0,49.5349362976132,33.65781548029557,0,Clay,AgroService Ltd,норма,2024-08-04,0,F0002
709,F0002,FARM02,2024,Wheat,Wheat-V1,69.4,ha,2024-03-23,2024-09-02,0,4.806339310714975,t_ha,4.806339310714975,0,0,26.463998208288103,100.9,3,0,mm,0,151.70989924808964,mm,0,16.566699263639748,0,0.4886709882644936,0.5419681847793981,0,0,0,49.5349362976132,33.65781548029557,0,Clay,AgroService Ltd,норма,2024-08-07,0,F0002
514,F0002,FARM02,2024,Wheat,Wheat-V1,69.36311903880001,ha,2024-03-23,2024-09-02,0,4.806339310714975,t_ha,4.806339310714975,1,0,26.463998208288103,100.9,3,NA,NA,0,151.70989924808964,mm,0,16.566699263639748,0,0.7956461535301059,0.8937369124265387,0,0,0,49.5349362976132,33.65781548029557,0,Clay,AgroService Ltd,норма,2024-08-17,0,F0002
318,F0002,FARM02,2024,Wheat,Wheat-V1,69.4,ha,2024-03-23,2024-09-02,0,4.806339310714975,t_ha,4.806339310714975,1,0,26.463998208288103,100.9,3,0,mm,0,151.70989924808964,mm,0,16.566699263639748,0,0.5038684894330799,0.6341406875522807,0,0,0,49.5349362976132,33.65781548029557,0,Clay,AgroService Ltd,норма,2024-08-24,0,F0002
1271,F0002,FARM02,2024,Wheat,Wheat-V1,69.4,ha,2024-03-23,2024-09-02,0,4.806339310714975,t_ha,4.806339310714975,1,0,26.463998208288103,100.9,3,0,mm,0,151.70989924808964,mm,0,16.566699263639748,0,NA,NA,0,0,0,49.5349362976132,33.65781548029557,0,Clay,AgroService Ltd,норма,2024-09-02,0,F0002
156,F0002,FARM02,2024,Wheat,Wheat-V1,69.4,ha,2024-03-23,2024-09-02,0,4.806339310714975,t_ha,4.806339310714975,0,0,26.463998208288103,100.9,3,0,mm,0,151.70989924808964,mm,0,16.566699263639748,0,0.46679972684942184,0.5339476353721693,0,0,0,49.5349362976132,33.65781548029557,0,Clay,AgroService Ltd,норма,2024-09-24,0,F0002
1253,F0002,FARM02,2024,Wheat,Wheat-V1,69.36311903880001,ha,2024-03-23,2024-09-02,0,4.806339310714975,t_ha,4.806339310714975,0,0,26.463998208288103,100.9,3,0,mm,0,151.70989924808964,mm,0,16.566699263639748,0,0.7163421989185735,0.8014737442834302,0,0,0,49.5349362976132,33.65781548029557,1,Clay,AgroService Ltd,норма,2024-09-26,0,F0002
1269,F0003,FARM01,2024,Corn,Corn-V5,17.603825427,ha,2024-04-02,2024-08-23,0,6.222345068352297,t_ha,6.222345068352297,0,0,17.268254621885717,170.8,0,257.12129306048155,mm,0,643.5089216916822,mm,0,20.552715743426234,0,0.6430624320870265,0.7671967116184533,0,0,0,49.836275325906,28.9835720234802,0,Chernozem,SunField Co,добре,2024-05-09,0,F0003
818,F0003,FARM01,2024,Corn,Corn-V5,17.6,ha,2024-04-02,2024-08-23,0,NA,NA,NA,0,0,17.268254621885717,170.8,0,257.12129306048155,mm,0,NA,NA,0,20.552715743426234,0,0.6535707715898752,0.7646254653809592,0,0,0,49.836275325906,28.9835720234802,0,Chernozem,SunField Co,добре,2024-05-18,0,F0003
1170,F0003,FARM01,2024,Corn,Corn-V5,17.603825427,ha,2024-04-02,2024-08-23,0,6.222345068352297,t_ha,6.222345068352297,0,0,17.268254621885717,170.8,0,257.12129306048155,mm,0,643.5089216916822,mm,0,20.552715743426234,0,0.8173419173341244,0.8960147874429821,0,0,0,49.836275325906,28.9835720234802,0,Chernozem,SunField Co,добре,2024-05-29,0,F0003
440,F0003,FARM01,2024,Corn,Corn-V5,17.603825427,ha,2024-04-02,2024-08-23,0,NA,NA,NA,0,0,17.268254621885717,170.8,0,257.12129306048155,mm,0,643.5089216916822,mm,0,20.552715743426234,0,0.4942631937260739,0.7073042141273618,0,1,0,49.836275325906,28.9835720234802,0,Chernozem,SunField Co,добре,2024-07-23,0,F0003
665,F0003,FARM01,2024,Corn,Corn-V5,17.6,ha,2024-04-02,2024-08-23,0,6.222345068352297,t_ha,6.222345068352297,1,0,17.268254621885717,170.8,0,257.12129306048155,mm,0,643.5089216916822,mm,0,20.552715743426234,0,0.39195298987906424,0.5,0,0,0,49.836275325906,28.9835720234802,0,Chernozem,SunField Co,добре,2024-08-20,0,F0003
1267,F0003,FARM01,2024,Corn,Corn-V5,17.6,ha,2024-04-02,2024-08-23,0,6.222345068352297,t_ha,6.222345068352297,1,0,17.268254621885717,170.8,0,NA,NA,0,643.5089216916822,mm,0,20.552715743426234,0,NA,NA,0,0,0,49.836275325906,28.9835720234802,0,Chernozem,SunField Co,добре,2024-08-28,0,F0003
50,F0003,FARM01,2024,Corn,Corn-V5,17.603825427,ha,2024-04-02,2024-08-23,0,6.222345068352297,t_ha,6.222345068352297,1,0,17.268254621885717,170.8,0,257.12129306048155,mm,0,643.5089216916822,mm,0,20.552715743426234,0,0.486152398888953,0.6353659051703289,0,0,0,49.836275325906,28.9835720234802,0,Chernozem,SunField Co,добре,2024-09-02,0,F0003
895,F0003,FARM01,2024,Corn,Corn-V5,17.6,ha,2024-04-02,2024-08-23,0,6.222345068352297,t_ha,6.222345068352297,0,0,17.268254621885717,170.8,0,257.12129306048155,mm,0,643.5089216916822,mm,0,20.552715743426234,0,0.4547514136880636,0.5641232805559411,0,0,0,49.836275325906,28.9835720234802,0,Chernozem,SunField Co,добре,2024-09-12,0,F0003
1086,F0004,FARM04,2024,Soy,Soy-V3,89.3,ha,2024-05-14,2024-09-24,0,NA,NA,NA,0,0,24.181020002113655,167.7,5,70.20687271142378,mm,0,274.96327471453696,mm,0,13.058448714902624,0,0.790402936656028,0.9054141293279826,0,0,0,49.49969187557697,33.00418895693403,0,NA,Field Master,добре,2024-05-22,0,F0004
1285,F0004,FARM04,2024,Soy,Soy-V3,89.3141211894,ha,2024-05-14,2024-09-24,0,3.6313035796629265,t_ha,3.6313035796629265,1,0,24.181020002113655,167.7,5,70.20687271142378,mm,0,274.96327471453696,mm,0,13.058448714902624,0,0.5781778767937794,0.7279183563310653,0,0,0,49.49969187557697,33.00418895693403,0,Loam,Field Master,добре,2024-05-23,0,F0004
1494,F0004,FARM04,2024,Soy,Soy-V3,89.3,ha,2024-05-14,2024-09-24,0,3.6313035796629265,t_ha,3.6313035796629265,0,0,24.181020002113655,167.7,5,NA,NA,0,274.96327471453696,mm,0,13.058448714902624,0,0.46270762723870573,0.5776409403420985,0,0,0,49.49969187557697,33.00418895693403,0,Loam,Field Master,добре,2024-06-11,0,F0004
1351,F0004,FARM04,2024,Soy,Soy-V3,NA,NA,2024-05-14,2024-09-24,0,3.6313035796629265,t_ha,3.6313035796629265,0,0,24.181020002113655,167.7,5,70.20687271142378,mm,0,274.96327471453696,mm,0,13.058448714902624,0,0.388802070193924,0.522888654912822,0,0,0,49.49969187557697,33.00418895693403,0,Loam,Field Master,добре,2024-06-27,0,F0004
6,F0004,FARM04,2024,Soy,Soy-V3,89.3,ha,2024-05-14,2024-09-24,0,3.6313035796629265,t_ha,3.6313035796629265,1,0,24.181020002113655,167.7,5,NA,NA,0,274.96327471453696,mm,0,13.058448714902624,0,0.6624964275630191,0.723114568204619,0,0,0,49.49969187557697,33.00418895693403,0,Loam,Field Master,добре,2024-07-23,0,F0004
634,F0004,FARM04,2024,Soy,Soy-V3,89.3141211894,ha,2024-05-14,2024-09-24,0,3.6313035796629265,t_ha,3.6313035796629265,1,0,24.181020002113655,167.7,5,70.20687271142378,mm,0,NA,NA,0,13.058448714902624,0,0.4217115021543577,0.5098002249840646,0,0,0,49.49969187557697,33.00418895693403,0,Loam,Field Master,добре,2024-08-14,0,F0004
214,F0004,FARM04,2024,Soy,Soy-V3,89.3141211894,ha,2024-05-14,2024-09-24,0,3.6313035796629265,t_ha,3.6313035796629265,0,0,24.181020002113655,167.7,5,70.20687271142378,mm,0,274.96327471453696,mm,0,13.058448714902624,0,0.6080196133349091,0.7019214163301513,0,0,0,49.49969187557697,33.00418895693403,0,Loam,Field Master,добре,2024-09-24,0,F0004
537,F0005,FARM11,2024,Sunflower,Sunflower-V1,83.2,ha,2024-05-09,2024-09-24,0,4.115548731456511,t_ha,4.115548731456511,1,0,19.04513090988621,176.2,0,0,mm,0,482.54294012440363,mm,0,14.62618981860578,0,0.7831390598090365,0.9226725661195814,0,0,0,49.92335815852322,30.392267190224025,0,NA,GreenCrop,норма,2024-06-01,0,F0005
468,F0005,FARM11,2024,Sunflower,Sunflower-V1,NA,NA,2024-05-09,2024-09-24,0,4.115548731456511,t_ha,4.115548731456511,0,0,19.04513090988621,176.2,0,0,mm,0,482.5429401244037,mm,0,14.62618981860578,0,NA,NA,0,0,0,49.92335815852322,30.392267190224025,0,Loam,GreenCrop,норма,2024-06-16,0,F0005
1239,F0005,FARM11,2024,Sunflower,Sunflower-V1,83.162899431,ha,2024-05-09,2024-09-24,0,4.115548731456511,t_ha,4.115548731456511,0,0,19.04513090988621,176.2,0,0,mm,0,482.5429401244037,mm,0,14.62618981860578,0,0.5955022498033941,0.6830897490726784,0,0,0,49.92335815852322,30.392267190224025,0,Loam,GreenCrop,норма,2024-07-08,0,F0005
943,F0005,FARM11,2024,Sunflower,Sunflower-V1,83.2,ha,2024-05-09,2024-09-24,0,4.115548731456511,t_ha,4.115548731456511,1,0,19.04513090988621,176.2,0,0,mm,0,482.54294012440363,mm,0,14.62618981860578,0,NA,NA,0,0,0,49.92335815852322,30.392267190224025,0,Loam,GreenCrop,норма,2024-08-18,0,F0005
615,F0005,FARM11,2024,Sunflower,Sunflower-V1,83.2,ha,2024-05-09,2024-09-24,0,4.115548731456511,t_ha,4.115548731456511,0,0,19.04513090988621,176.2,0,NA,NA,0,482.5429401244037,mm,0,14.62618981860578,0,0.6497111905133351,0.7112655344884843,0,0,0,49.92335815852322,30.392267190224025,0,Loam,GreenCrop,норма,2024-09-14,0,F0005
197,F0005,FARM11,2024,Sunflower,Sunflower-V1,83.162899431,ha,2024-05-09,2024-09-24,0,4.115548731456511,t_ha,4.115548731456511,1,0,19.04513090988621,176.2,0,0,mm,0,482.5429401244037,mm,0,14.62618981860578,0,0.6646016428945586,0.7917094703530893,0,0,0,49.92335815852322,30.392267190224025,0,Loam,GreenCrop,норма,2024-09-19,0,F0005
58,F0005,FARM11,2024,Sunflower,Sunflower-V1,83.162899431,ha,2024-05-09,2024-09-24,0,4.115548731456511,t_ha,4.115548731456511,1,0,19.04513090988621,176.2,0,NA,NA,0,482.54294012440363,mm,0,14.62618981860578,0,0.3981371961068362,0.5163325747009366,0,0,0,49.92335815852322,30.392267190224025,0,Loam,GreenCrop,норма,2024-09-24,0,F0005
1419,F0006,FARM11,2024,Sunflower,Sunflower-V3,8.2,ha,2024-03-30,2024-08-19,0,2.8886611659312624,t_ha,2.8886611659312624,0,0,24.448023564182222,80.7,1,0,mm,0,643.3132129139267,mm,0,19.931904879398644,0,NA,NA,0,0,0,48.550681429362854,33.47886777517619,0,Chernozem,UkrAgroTech,перевірити,2024-05-18,0,F0006
1371,F0006,FARM11,2024,Sunflower,Sunflower-V3,8.2,ha,2024-03-30,2024-08-19,0,2.8886611659312624,t_ha,2.8886611659312624,0,0,24.448023564182222,80.7,1,NA,NA,0,643.3132129139267,mm,0,19.931904879398644,0,0.4561432687565684,0.5786136392503977,0,0,0,48.550681429362854,33.47886777517619,0,Chernozem,UkrAgroTech,перевірити,2024-05-31,0,F0006
388,F0006,FARM11,2024,Sunflower,Sunflower-V3,8.2,ha,2024-03-30,2024-08-19,0,2.8886611659312624,t_ha,2.8886611659312624,1,0,24.448023564182222,80.7,1,0,mm,0,643.3132129139267,mm,0,19.931904879398644,0,0.6500512339989655,0.8487497067078947,0,1,0,48.550681429362854,33.47886777517619,0,Chernozem,UkrAgroTech,перевірити,2024-08-17,0,F0006
1019,F0006,FARM11,2024,Sunflower,Sunflower-V3,8.2,ha,2024-03-30,2024-08-19,0,2.8886611659312624,t_ha,2.8886611659312624,1,0,24.448023564182222,80.7,1,0,mm,0,NA,NA,0,19.931904879398644,0,0.4009766979375854,0.5444275378482416,0,0,0,48.550681429362854,33.47886777517619,0,Chernozem,UkrAgroTech,перевірити,2024-08-28,0,F0006
989,F0006,FARM11,2024,Sunflower,Sunflower-V3,8.2,ha,2024-03-30,2024-08-19,0,2.8886611659312624,t_ha,2.8886611659312624,1,0,24.448023564182222,80.7,1,0,mm,0,643.3132129139267,mm,0,19.931904879398644,0,0.40272312245021263,0.5296183585654944,0,0,1,48.550681429362854,33.47886777517619,0,NA,UkrAgroTech,перевірити,2024-08-29,0,F0006
147,F0006,FARM11,2024,Sunflower,Sunflower-V3,8.2,ha,2024-03-30,2024-08-19,0,2.8886611659312624,t_ha,2.8886611659312624,1,0,24.448023564182222,80.7,1,0,mm,0,643.3132129139267,mm,0,19.931904879398644,0,0.40621597147546706,0.5,0,0,0,48.550681429362854,33.47886777517619,0,Chernozem,UkrAgroTech,перевірити,2024-08-31,0,F0006
117,F0006,FARM11,2024,Sunflower,Sunflower-V3,8.2,ha,2024-03-30,2024-08-19,0,2.8886611659312624,t_ha,2.8886611659312624,0,0,24.448023564182222,80.7,1,0,mm,0,643.3132129139267,mm,0,19.931904879398644,0,0.6691862152889371,0.7380417453823611,0,0,0,48.550681429362854,33.47886777517619,0,Chernozem,UkrAgroTech,перевірити,2024-09-10,0,F0006
768,F0006,FARM11,2024,Sunflower,Sunflower-V3,8.2,ha,2024-03-30,2024-08-19,0,NA,NA,NA,0,0,24.448023564182222,80.7,1,NA,NA,0,643.3132129139267,mm,0,19.931904879398644,0,NA,NA,0,0,0,48.550681429362854,33.47886777517619,0,Chernozem,UkrAgroTech,перевірити,2024-09-12,0,F0006
969,F0006,FARM11,2024,Sunflower,Sunflower-V3,8.2,ha,2024-03-30,2024-08-19,0,2.8886611659312624,t_ha,2.8886611659312624,0,0,24.448023564182222,80.7,1,0,mm,0,643.3132129139267,mm,0,19.931904879398644,0,NA,NA,0,0,0,48.550681429362854,33.47886777517619,0,Chernozem,UkrAgroTech,перевірити,2024-09-20,0,F0006
1188,F0007,FARM02,2024,Corn,Corn-V3,55.8,ha,2024-05-10,2024-10-12,0,9.336246751481667,t_ha,9.336246751481667,0,0,23.95917408587411,70.1,5,177.66979649895802,mm,0,NA,NA,0,15.72732785064727,0,0.5397160282824188,0.6115519900107756,0,0,0,49.740570404905824,28.654298932748848,0,Sandy,Field Master,зрошення застосовано,2024-05-01,0,F0007
360,F0007,FARM02,2024,Corn,Corn-V3,55.8,ha,2024-05-10,2024-10-12,0,9.336246751481667,t_ha,9.336246751481667,0,0,23.95917408587411,70.1,5,177.66979649895802,mm,0,588.0648773279972,mm,0,15.72732785064727,0,0.5357142789522186,0.6216374783078208,0,0,0,49.740570404905824,28.654298932748848,0,NA,Field Master,зрошення застосовано,2024-05-07,0,F0007
1429,F0007,FARM02,2024,Corn,Corn-V3,55.8,ha,2024-05-10,2024-10-12,0,9.336246751481667,t_ha,9.336246751481667,1,0,23.95917408587411,70.1,5,177.66979649895802,mm,0,588.0648773279972,mm,0,15.72732785064727,0,0.6686665067914873,0.7714125951286405,0,0,0,49.740570404905824,28.654298932748848,0,Sandy,Field Master,зрошення застосовано,2024-05-21,0,F0007
1445,F0007,FARM02,2024,Corn,Corn-V3,55.8061500318,ha,2024-05-10,2024-10-12,0,9.336246751481667,t_ha,9.336246751481667,1,0,23.95917408587411,70.1,5,177.66979649895802,mm,0,588.0648773279972,mm,0,15.72732785064727,0,0.7696526369778439,0.9073568618390708,0,0,0,49.740570404905824,28.654298932748848,0,Sandy,Field Master,зрошення застосовано,2024-06-18,0,F0007
1061,F0007,FARM02,2024,Corn,Corn-V3,55.8061500318,ha,2024-05-10,2024-10-12,0,9.336246751481667,t_ha,9.336246751481667,0,0,23.95917408587411,70.1,5,177.66979649895802,mm,0,588.0648773279972,mm,0,15.72732785064727,0,0.6619026737986132,0.7842619134346023,0,0,0,49.740570404905824,28.654298932748848,0,Sandy,Field Master,зрошення застосовано,2024-07-07,0,F0007
865,F0007,FARM02,2024,Corn,Corn-V3,55.8061500318,ha,2024-05-10,2024-10-12,0,9.336246751481667,t_ha,9.336246751481667,1,0,23.95917408587411,70.1,5,177.66979649895802,mm,0,588.0648773279972,mm,0,15.72732785064727,0,0.81358275169041006,0.9130533683812245,0,0,0,49.740570404905824,28.654298932748848,0,NA,Field Master,зрошення застосовано,2024-07-17,0,F0007
1064,F0007,FARM02,2024,Corn,Corn-V3,55.8,ha,2024-05-10,2024-10-12,0,9.336246751481667,t_ha,9.336246751481667,1,0,23.95917408587411,70.1,5,177.66979649895802,mm,0,588.0648773279972,mm,0,15.72732785064727,0,0.44431009902618823,0.5488828701432794,0,0,0,49.740570404905824,28.654298932748848,0,Sandy,Field Master,зрошення застосовано,2024-07-21,0,F0007
810,F0007,FARM02,2024,Corn,Corn-V3,55.8,ha,2024-05-10,2024-10-12,0,9.336246751481667,t_ha,9.336246751481667,0,0,23.95917408587411,70.1,5,177.66979649895802,mm,0,588.0648773279972,mm,0,15.72732785064727,0,0.7767182453768328,0.8570646374952048,0,0,0,49.740570404905824,28.654298932748848,0,Sandy,Field Master,зрошення застосовано,2024-08-01,0,F0007
247,F0007,FARM02,2024,Corn,Corn-V3,55.8,ha,2024-05-10,2024-10-12,0,9.336246751481667,t_ha,9.336246751481667,0,0,23.95917408587411,70.1,5,177.66979649895802,mm,0,588.0648773279972,mm,0,15.72732785064727,0,0.5563108674483374,0.6941804207395762,0,0,0,49.740570404905824,28.654298932748848,0,Sandy,Field Master,зрошення застосовано,2024-09-05,0,F0007
159,F0008,FARM11,2024,Corn,Corn-V4,34.5,ha,2024-03-26,2024-10-07,0,11.21328935958445,t_ha,11.21328935958445,1,0,19.426203463226557,65.2,3,0,mm,0,337.0803668629378,mm,0,15.070234607439488,0,0.4524141430389136,0.5169825649587437,0,0,0,49.568975106118245,31.202223038999833,0,Clay,UkrAgroTech,проблема з дренажем,2024-05-16,0,F0008
497,F0008,FARM11,2024,Corn,Corn-V4,34.5,ha,2024-03-26,2024-10-07,0,22.805623050779104,t_ha,22.805623050779104,1,1,19.426203463226557,65.2,3,0,mm,0,337.0803668629378,mm,0,15.070234607439488,0,0.5250678998650983,0.6247411341406405,0,0,0,49.568975106118245,31.202223038999833,0,Clay,UkrAgroTech,проблема з дренажем,2024-06-29,0,F0008
102,F0008,FARM11,2024,Corn,Corn-V4,34.5,ha,2024-03-26,2024-10-07,0,11.21328935958445,t_ha,11.21328935958445,1,0,19.426203463226557,65.2,3,0,mm,0,337.0803668629378,mm,0,15.070234607439488,0,0.4967976584099233,0.5908513465197757,0,0,0,49.568975106118245,31.202223038999833,0,Clay,UkrAgroTech,проблема з дренажем,2024-07-04,0,F0008
494,F0008,FARM11,2024,Corn,Corn-V4,34.4792166984,ha,2024-03-26,2024-10-07,0,11.21328935958445,t_ha,11.21328935958445,0,0,19.426203463226557,65.2,3,0,mm,0,337.0803668629378,mm,0,15.070234607439488,0,0.5359449399635196,0.6771184554090723,0,0,0,49.568975106118245,31.202223038999833,0,Clay,UkrAgroTech,проблема з дренажем,2024-08-10,0,F0008
1421,F0008,FARM11,2024,Corn,Corn-V4,34.5,ha,2024-03-26,2024-10-07,0,11.21328935958445,t_ha,11.21328935958445,0,0,19.426203463226557,65.2,3,0,mm,0,337.0803668629378,mm,0,15.070234607439488,0,0.6202508042566478,0.7451894225087017,0,0,0,49.568975106118245,31.202223038999833,0,Clay,UkrAgroTech,проблема з дренажем,2024-08-21,0,F0008
999,F0008,FARM11,2024,Corn,Corn-V4,34.5,ha,2024-03-26,2024-10-07,0,11.21328935958445,t_ha,11.21328935958445,1,0,19.426203463226557,65.2,3,0,mm,0,337.0803668629378,mm,0,15.070234607439488,0,0.39470621549990026,0.5,0,0,0,49.568975106118245,31.202223038999833,0,Clay,UkrAgroTech,проблема з дренажем,2024-09-06,0,F0008
1440,F0008,FARM11,2024,Corn,Corn-V4,34.4792166984,ha,2024-03-26,2024-10-07,0,11.21328935958445,t_ha,11.21328935958445,1,0,19.426203463226557,65.2,3,0,mm,0,337.0803668629378,mm,0,15.070234607439488,0,0.42929299469105897,0.5,0,0,0,49.568975106118245,31.202223038999833,0,Clay,UkrAgroTech,проблема з дренажем,2024-09-14,0,F0008
785,F0008,FARM11,2024,Corn,Corn-V4,34.5,ha,2024-03-26,2024-10-07,0,11.21328935958445,t_ha,11.21328935958445,0,0,19.426203463226557,65.2,3,0,mm,0,337.0803668629378,mm,0,15.070234607439488,0,0.5482284209225327,0.6411087745334952,0,0,0,49.568975106118245,31.202223038999833,0,Clay,UkrAgroTech,проблема з дренажем,2024-09-15,0,F0008
1261,F0008,FARM11,2024,Corn,Corn-V4,34.4792166984,ha,2024-03-26,2024-10-07,0,11.21328935958445,t_ha,11.21328935958445,1,0,19.426203463226557,65.2,3,0,mm,0,337.0803668629378,mm,0,15.070234607439488,0,0.6673959441483021,0.7200030238134786,0,0,0,49.568975106118245,31.202223038999833,0,Clay,UkrAgroTech,проблема з дренажем,2024-09-25,0,F0008
809,F0009,FARM04,2024,Corn,Corn-V2,14.2,ha,2024-03-22,2024-09-21,0,11.774661874165758,t_ha,11.774661874165758,0,0,12.932549148332328,102.4,5,0,mm,0,245.38206818979234,mm,0,21.16372923878953,0,0.4264099606312811,0.5451116488547996,0,0,0,49.20708387859026,33.922112769877074,0,Chernozem,Pole Plus,норма,2024-05-01,0,F0009
1355,F0009,FARM04,2024,Corn,Corn-V2,14.16399747,ha,2024-03-22,2024-09-21,0,11.774661874165758,t_ha,11.774661874165758,0,0,12.932549148332328,102.4,5,0,mm,0,245.38206818979234,mm,0,21.16372923878953,0,0.4236606526188552,0.5,0,0,0,49.20708387859026,33.922112769877074,0,Chernozem,Pole Plus,норма,2024-05-08,0,F0009
864,F0009,FARM04,2024,Corn,Corn-V2,14.16399747,ha,2024-03-22,2024-09-21,0,11.774661874165758,t_ha,11.774661874165758,0,0,12.932549148332328,102.4,5,0,mm,0,245.38206818979234,mm,0,21.16372923878953,0,0.45870435822289435,0.5666170221986249,0,0,0,49.20708387859026,33.922112769877074,0,Chernozem,Pole Plus,норма,2024-05-13,0,F0009
1472,F0009,FARM04,2024,Corn,Corn-V2,14.16399747,ha,2024-03-22,2024-09-21,0,11.774661874165758,t_ha,11.774661874165758,1,0,12.932549148332328,102.4,5,0,mm,0,245.38206818979234,mm,0,21.16372923878953,0,0.7830455280141905,0.897336427308619,0,0,0,49.20708387859026,33.922112769877074,0,Chernozem,Pole Plus,норма,2024-06-13,0,F0009
28,F0009,FARM04,2024,Corn,Corn-V2,14.16399747,ha,2024-03-22,2024-09-21,0,11.774661874165758,t_ha,11.774661874165758,0,0,12.932549148332328,102.4,5,0,mm,0,245.38206818979236,mm,0,21.16372923878953,0,0.6860361879458651,0.7892070817062631,0,0,0,49.20708387859026,33.922112769877074,0,Chernozem,Pole Plus,норма,2024-06-25,0,F0009
1363,F0009,FARM04,2024,Corn,Corn-V2,14.2,ha,2024-03-22,2024-09-21,0,11.774661874165758,t_ha,11.774661874165758,0,0,12.932549148332328,102.4,5,0,mm,0,NA,NA,0,21.16372923878953,0,0.4782619552221149,0.5695030651055276,0,0,0,49.20708387859026,33.922112769877074,0,Chernozem,Pole Plus,норма,2024-07-07,0,F0009
1308,F0009,FARM04,2024,Corn,Corn-V2,14.2,ha,2024-03-22,2024-09-21,0,NA,NA,NA,0,0,12.932549148332328,102.4,5,0,mm,0,245.38206818979234,mm,0,21.16372923878953,0,0.46891373782418666,0.589177980995737,0,0,0,49.20708387859026,33.922112769877074,0,Chernozem,Pole Plus,норма,2024-07-08,0,F0009
1120,F0009,FARM04,2024,Corn,Corn-V2,14.16399747,ha,2024-03-22,2024-09-21,0,11.774661874165758,t_ha,11.774661874165758,1,0,12.932549148332328,102.4,5,0,mm,0,245.38206818979234,mm,0,21.16372923878953,0,0.4983333291253075,0.5728567566955461,0,0,0,49.20708387859026,33.922112769877074,0,Chernozem,Pole Plus,норма,2024-08-20,0,F0009
811,F0009,FARM04,2024,Corn,Corn-V2,14.2,ha,2024-03-22,2024-09-21,0,11.774661874165758,t_ha,11.774661874165758,0,0,12.932549148332328,102.4,5,0,mm,0,245.38206818979234,mm,0,21.16372923878953,0,NA,NA,0,0,0,49.20708387859026,33.922112769877074,0,NA,Pole Plus,норма,2024-08-26,0,F0009
756,F0010,FARM11,2024,Corn,Corn-V3,97.5,ha,2024-04-09,2024-09-30,0,8.576223785756156,t_ha,8.576223785756156,1,0,33.94990235893056,0.8,3,NA,NA,0,358.02558216964826,mm,0,17.11128444923088,0,0.7143705279100686,0.7870882822666317,0,0,0,48.529781022499776,28.984314635482153,0,Chernozem,Field Master,проблема з дренажем,2024-05-25,0,F0010
1175,F0010,FARM11,2024,Corn,Corn-V3,97.5,ha,2024-04-09,2024-09-30,0,8.576223785756156,t_ha,8.576223785756156,1,0,33.94990235893056,0.8,3,NA,mm,1,358.02558216964826,mm,0,17.11128444923088,0,0.5536762060597539,0.662063281959854,0,0,0,48.529781022499776,28.984314635482153,0,Chernozem,Field Master,проблема з дренажем,2024-06-09,0,F0010
598,F0010,FARM11,2024,Corn,Corn-V3,97.5,ha,2024-04-09,2024-09-30,0,8.576223785756156,t_ha,8.576223785756156,1,0,33.94990235893056,0.8,3,0,mm,0,358.02558216964826,mm,0,17.11128444923088,0,NA,NA,0,0,0,48.529781022499776,28.984314635482153,0,Chernozem,Field Master,проблема з дренажем,2024-06-21,0,F0010
490,F0010,FARM11,2024,Corn,Corn-V3,97.5,ha,2024-04-09,2024-09-30,0,8.576223785756156,t_ha,8.576223785756156,0,0,33.94990235893056,0.8,3,0,mm,0,358.02558216964826,mm,0,17.11128444923088,0,0.8483041122322902,0.9224775610258803,0,0,0,48.529781022499776,28.984314635482153,0,Chernozem,Field Master,проблема з дренажем,2024-06-22,0,F0010
1146,F0010,FARM11,2024,Corn,Corn-V3,97.5,ha,2024-04-09,2024-09-30,0,8.576223785756156,t_ha,8.576223785756156,0,0,33.94990235893056,0.8,3,0,mm,0,358.02558216964826,mm,0,17.11128444923088,0,0.5134481906658038,0.6066911990521475,0,0,0,48.529781022499776,28.984314635482153,0,Chernozem,Field Master,проблема з дренажем,2024-07-19,0,F0010
678,F0010,FARM11,2024,Corn,Corn-V3,97.4483025936,ha,2024-04-09,2024-09-30,0,8.576223785756156,t_ha,8.576223785756156,1,0,33.94990235893056,0.8,3,0,mm,0,358.02558216964826,mm,0,17.11128444923088,0,0.41943171215243635,0.5,0,0,0,48.529781022499776,28.984314635482153,0,Chernozem,Field Master,проблема з дренажем,2024-08-13,0,F0010
1270,F0010,FARM11,2024,Corn,Corn-V3,97.5,ha,2024-04-09,2024-09-30,0,8.576223785756156,t_ha,8.576223785756156,1,0,33.94990235893056,0.8,3,0,mm,0,358.02558216964826,mm,0,17.11128444923088,0,0.4697858368977904,0.5237550027668476,0,0,0,48.529781022499776,28.984314635482153,1,Chernozem,Field Master,проблема з дренажем,2024-08-22,0,F0010
1090,F0011,FARM09,2024,Soy,Soy-V2,12.1,ha,2024-03-21,2024-09-10,0,1.7823932317551225,t_ha,1.7823932317551225,0,0,15.288367704488337,168.7,6,0,mm,0,556.8665997125208,mm,0,19.363613890949637,0,NA,NA,0,0,0,49.25161404642835,32.07060271275882,0,Sandy,AgroService Ltd,проблема з дренажем,2024-05-05,0,F0011
571,F0011,FARM09,2024,Soy,Soy-V2,12.1,ha,2024-03-21,2024-09-10,0,1.7823932317551225,t_ha,1.7823932317551225,0,0,15.288367704488337,168.7,6,0,mm,0,556.8665997125208,mm,0,19.363613890949637,0,NA,NA,0,0,0,49.25161404642835,32.07060271275882,0,Sandy,AgroService Ltd,проблема з дренажем,2024-06-05,0,F0011
1467,F0011,FARM09,2024,Soy,Soy-V2,12.1,ha,2024-03-21,2024-09-10,0,1.7823932317551225,t_ha,1.7823932317551225,1,0,15.288367704488337,168.7,6,0,mm,0,556.8665997125208,mm,0,19.363613890949637,0,0.7419931408017874,0.7923738879151642,0,0,0,49.25161404642835,32.07060271275882,0,Sandy,AgroService Ltd,проблема з дренажем,2024-06-11,0,F0011
301,F0011,FARM09,2024,Soy,Soy-V2,12.1,ha,2024-03-21,2024-09-10,0,1.7823932317551225,t_ha,1.7823932317551225,1,0,35,168.7,6,0,mm,0,556.8665997125208,mm,0,19.363613890949637,0,0.7570464427350089,0.8380095485132187,0,0,0,49.25161404642835,32.07060271275882,0,Sandy,AgroService Ltd,проблема з дренажем,2024-07-20,0,F0011
358,F0011,FARM09,2024,Soy,Soy-V2,12.0596321316,ha,2024-03-21,2024-09-10,0,1.7823932317551225,t_ha,1.7823932317551225,0,0,15.288367704488337,168.7,6,0,mm,0,556.8665997125208,mm,0,19.363613890949637,0,0.7665867218980565,0.8472488080151379,0,0,0,49.25161404642835,32.07060271275882,0,Sandy,AgroService Ltd,проблема з дренажем,2024-08-14,0,F0011
202,F0011,FARM09,2024,Soy,Soy-V2,12.0596321316,ha,2024-03-21,2024-09-10,0,1.7823932317551225,t_ha,1.7823932317551225,0,0,15.288367704488337,168.7,6,0,mm,0,556.8665997125208,mm,0,19.363613890949637,0,0.6572953706141561,0.7392610479611903,0,0,0,49.25161404642835,32.07060271275882,0,Sandy,AgroService Ltd,проблема з дренажем,2024-08-20,0,F0011
140,F0011,FARM09,2024,Soy,Soy-V2,12.1,ha,2024-03-21,2024-09-10,0,1.7823932317551225,t_ha,1.7823932317551225,0,0,15.288367704488337,168.7,6,0,mm,0,556.8665997125208,mm,0,19.363613890949637,0,0.6011835163459182,0.6716369684319943,0,0,0,49.25161404642835,32.07060271275882,0,Sandy,AgroService Ltd,проблема з дренажем,2024-09-08,0,F0011
1199,F0011,FARM09,2024,Soy,Soy-V2,12.0596321316,ha,2024-03-21,2024-09-10,0,1.7823932317551225,t_ha,1.7823932317551225,1,0,15.288367704488337,168.7,6,0,mm,0,556.8665997125208,mm,0,19.363613890949637,0,0.7256645406829193,0.8224034108454361,0,0,0,49.25161404642835,32.07060271275882,0,Sandy,AgroService Ltd,проблема з дренажем,2024-09-24,0,F0011
5,F0012,FARM08,2024,Wheat,Wheat-V1,59.7316007592,ha,2024-03-29,2024-08-08,0,3.7818684447556734,t_ha,3.7818684447556734,1,0,15.898796650581062,61.5,3,0,mm,0,200.00586214009672,mm,0,19.253235162701458,0,0.8027965693268925,0.9414873558562249,0,0,0,49.69919395426847,33.494804591340014,0,Clay,AgroService Ltd,без примітки,2024-05-02,0,F0012
1044,F0012,FARM08,2024,Wheat,Wheat-V1,59.7,ha,2024-03-29,2024-08-08,0,3.7818684447556734,t_ha,3.7818684447556734,0,0,15.898796650581062,61.5,3,0,mm,0,200.00586214009672,mm,0,19.253235162701458,0,0.8334939043503254,0.9409402092918753,0,0,0,49.69919395426847,33.494804591340014,0,Clay,AgroService Ltd,без примітки,2024-06-01,0,F0012
87,F0012,FARM08,2024,Wheat,Wheat-V1,59.7316007592,ha,2024-03-29,2024-08-08,0,3.7818684447556734,t_ha,3.7818684447556734,1,0,15.898796650581062,61.5,3,NA,NA,0,200.00586214009672,mm,0,19.253235162701458,0,0.49011413138359783,0.5550105383386835,0,0,0,49.69919395426847,33.494804591340014,0,Clay,AgroService Ltd,без примітки,2024-06-05,0,F0012
14,F0012,FARM08,2024,Wheat,Wheat-V1,59.7,ha,2024-03-29,2024-08-08,0,3.7818684447556734,t_ha,3.7818684447556734,0,0,15.898796650581062,61.5,3,0,mm,0,200.00586214009672,mm,0,19.253235162701458,0,0.7770645431242883,0.8300240360433235,0,0,0,49.69919395426847,33.494804591340014,0,Clay,AgroService Ltd,без примітки,2024-06-25,0,F0012
465,F0012,FARM08,2024,Wheat,Wheat-V1,59.7,ha,2024-03-29,2024-08-08,0,3.7818684447556734,t_ha,3.7818684447556734,1,0,15.898796650581062,61.5,3,0,mm,0,200.00586214009672,mm,0,19.253235162701458,0,0.49082952728495,0.60907757862005385,0,0,0,49.69919395426847,33.494804591340014,0,Clay,AgroService Ltd,без примітки,2024-07-04,0,F0012
974,F0012,FARM08,2024,Wheat,Wheat-V1,59.7,ha,2024-03-29,2024-08-08,0,3.7818684447556734,t_ha,3.7818684447556734,1,0,15.898796650581062,61.5,3,0,mm,0,200.00586214009672,mm,0,19.253235162701458,0,0.7194638732122257,0.8201977190328762,0,0,0,49.69919395426847,33.494804591340014,0,NA,AgroService Ltd,без примітки,2024-07-06,0,F0012
1176,F0012,FARM08,2024,Wheat,Wheat-V1,59.7,ha,2024-03-29,2024-08-08,0,3.7818684447556734,t_ha,3.7818684447556734,0,0,15.898796650581062,61.5,3,0,mm,0,200.00586214009672,mm,0,19.253235162701458,0,0.4215087888529524,0.5586343014379963,0,0,0,49.69919395426847,33.494804591340014,0,Clay,AgroService Ltd,без примітки,2024-08-12,0,F0012
795,F0013,FARM07,2024,Soy,Soy-V4,30.4,ha,2024-03-24,2024-07-31,0,NA,NA,NA,0,0,18.23589786584489,99,3,0,mm,0,268.4657947975211,mm,0,15.249980145599693,0,0.6834185209823772,0.7405770541867241,0,0,0,48.841545167677566,33.74680080015305,0,NA,UkrAgroTech,перевірити,2024-05-09,0,F0013
569,F0013,FARM07,2024,Soy,Soy-V4,30.3918917142,ha,2024-03-24,2024-07-31,0,1.5638884480576962,t_ha,1.5638884480576962,0,0,18.23589786584489,99,3,0,mm,0,268.4657947975211,mm,0,15.249980145599693,0,0.39031069092685355,0.5155606473563239,0,1,0,48.841545167677566,33.74680080015305,0,Loam,UkrAgroTech,перевірити,2024-05-16,0,F0013
11,F0013,FARM07,2024,Soy,Soy-V4,30.4,ha,2024-03-24,2024-07-31,0,NA,NA,NA,0,0,18.23589786584489,99,3,0,mm,0,268.4657947975211,mm,0,15.249980145599693,0,0.8306429697200656,0.95,0,0,0,48.841545167677566,33.74680080015305,0,Loam,UkrAgroTech,перевірити,2024-05-17,0,F0013
325,F0013,FARM07,2024,Soy,Soy-V4,30.3918917142,ha,2024-03-24,2024-07-31,0,1.5638884480576962,t_ha,1.5638884480576962,0,0,18.23589786584489,99,3,0,mm,0,NA,NA,0,15.249980145599693,0,0.7051697334041819,0.838917258544825,0,0,0,48.841545167677566,33.74680080015305,0,Loam,UkrAgroTech,перевірити,2024-06-14,0,F0013
1482,F0013,FARM07,2024,Soy,Soy-V4,30.4,ha,2024-03-24,2024-07-31,0,NA,NA,NA,0,0,18.23589786584489,99,3,NA,NA,0,268.4657947975211,mm,0,15.249980145599693,0,NA,NA,0,0,0,48.841545167677566,33.74680080015305,0,NA,UkrAgroTech,перевірити,2024-06-21,0,F0013
8,F0013,FARM07,2024,Soy,Soy-V4,30.4,ha,2024-03-24,2024-07-31,0,1.5638884480576962,t_ha,1.5638884480576962,1,0,18.23589786584489,99,3,0,mm,0,268.4657947975211,mm,0,15.249980145599693,0,0.8250019386410713,0.95,0,0,0,48.841545167677566,33.74680080015305,0,Loam,UkrAgroTech,перевірити,2024-06-26,0,F0013
183,F0013,FARM07,2024,Soy,Soy-V4,NA,NA,2024-03-24,2024-07-31,0,NA,NA,NA,0,0,18.23589786584489,99,3,0,mm,0,268.4657947975211,mm,0,15.249980145599693,0,NA,NA,0,0,0,48.841545167677566,33.74680080015305,0,NA,UkrAgroTech,перевірити,2024-08-28,0,F0013
85,F0013,FARM07,2024,Soy,Soy-V4,30.3918917142,ha,2024-03-24,2024-07-31,0,1.5638884480576962,t_ha,1.5638884480576962,0,0,18.23589786584489,99,3,0,mm,0,268.4657947975211,mm,0,15.249980145599693,0,0.6654480388620868,0.8142001202097162,0,0,0,48.841545167677566,33.74680080015305,0,Loam,UkrAgroTech,перевірити,2024-09-08,0,F0013
93,F0014,FARM01,2024,Sunflower,Sunflower-V5,NA,NA,2024-05-07,2024-08-31,0,NA,NA,NA,0,0,33.71312448033132,134.9,0,320.32549518626183,mm,0,501.0063139721751,mm,0,14.761905671097338,0,0.43451505412813274,0.5524841624777764,0,0,0,49.2867364769727,29.94537253516866,0,Chernozem,GreenCrop,норма,2024-05-28,0,F0014
401,F0014,FARM01,2024,Sunflower,Sunflower-V5,100.3,ha,2024-05-07,2024-08-31,0,2.067710507288575,t_ha,2.067710507288575,0,0,33.71312448033132,134.9,0,320.32549518626183,mm,0,501.0063139721751,mm,0,14.761905671097338,0,0.7587159236660227,0.8499501863727346,0,0,0,49.2867364769727,29.94537253516866,0,Chernozem,GreenCrop,норма,2024-06-14,0,F0014
65,F0014,FARM01,2024,Sunflower,Sunflower-V5,100.3,ha,2024-05-07,2024-08-31,0,2.067710507288575,t_ha,2.067710507288575,0,0,33.71312448033132,134.9,0,320.32549518626183,mm,0,501.0063139721751,mm,0,14.761905671097338,0,NA,NA,0,0,0,49.2867364769727,29.94537253516866,0,Chernozem,GreenCrop,норма,2024-06-19,0,F0014
1399,F0014,FARM01,2024,Sunflower,Sunflower-V5,100.3,ha,2024-05-07,2024-08-31,0,2.067710507288575,t_ha,2.067710507288575,0,0,33.71312448033132,134.9,0,320.32549518626183,mm,0,501.0063139721751,mm,0,14.761905671097338,0,0.3704783282242715,0.5,0,0,0,49.2867364769727,29.94537253516866,0,Chernozem,GreenCrop,норма,2024-07-06,0,F0014
1000,F0014,FARM01,2024,Sunflower,Sunflower-V5,100.3,ha,2024-05-07,2024-08-31,0,2.067710507288575,t_ha,2.067710507288575,0,0,33.71312448033132,134.9,0,320.32549518626183,mm,0,501.0063139721751,mm,0,14.761905671097338,0,0.40025335832033304,0.5,0,0,0,49.2867364769727,29.94537253516866,0,Chernozem,GreenCrop,норма,2024-07-30,0,F0014
273,F0014,FARM01,2024,Sunflower,Sunflower-V5,100.3,ha,2024-05-07,2024-08-31,0,2.067710507288575,t_ha,2.067710507288575,1,0,33.71312448033132,134.9,0,320.32549518626183,mm,0,501.0063139721751,mm,0,14.761905671097338,0,NA,NA,0,0,0,49.2867364769727,29.94537253516866,0,Chernozem,GreenCrop,норма,2024-08-05,0,F0014
769,F0014,FARM01,2024,Sunflower,Sunflower-V5,100.3,ha,2024-05-07,2024-08-31,0,2.067710507288575,t_ha,2.067710507288575,1,0,33.71312448033132,134.9,0,NA,NA,0,501.0063139721751,mm,0,14.761905671097338,0,0.6068009176757186,0.6819477213313803,0,0,0,49.2867364769727,29.94537253516866,0,Chernozem,GreenCrop,норма,2024-08-19,0,F0014
1275,F0014,FARM01,2024,Sunflower,Sunflower-V5,100.3,ha,2024-05-07,2024-08-31,0,2.067710507288575,t_ha,2.067710507288575,1,0,33.71312448033132,134.9,0,320.32549518626183,mm,0,501.0063139721751,mm,0,14.761905671097338,0,0.7774109259713441,0.9161935606738552,0,0,0,49.2867364769727,29.94537253516866,0,Chernozem,GreenCrop,норма,2024-09-25,0,F0014
683,F0014,FARM01,2024,Sunflower,Sunflower-V5,100.3215706518,ha,2024-05-07,2024-08-31,0,2.067710507288575,t_ha,2.067710507288575,1,0,33.71312448033132,134.9,0,320.32549518626183,mm,0,501.0063139721751,mm,0,14.761905671097338,0,NA,NA,0,0,0,49.2867364769727,29.94537253516866,0,Chernozem,GreenCrop,норма,2024-09-30,0,F0014
477,F0015,FARM12,2024,Soy,Soy-V4,12.5,ha,2024-04-18,2024-10-09,0,NA,t_ha,NA,0,0,8.886731988750398,111.7,0,105.8902857475914,mm,0,580.1193816005252,mm,0,19.334382025059313,0,0.392902692919597,0.5,0,0,0,48.51713964290591,33.08347146948008,0,Loam,AgroService Ltd,посуха,2024-05-03,0,F0015
506,F0015,FARM12,2024,Soy,Soy-V4,NA,NA,2024-04-18,2024-10-09,0,NA,t_ha,NA,0,0,8.886731988750398,111.7,0,105.8902857475914,mm,0,580.1193816005252,mm,0,19.334382025059313,0,0.8307504827622324,0.95,0,0,0,48.51713964290591,33.08347146948008,0,Loam,AgroService Ltd,посуха,2024-05-08,0,F0015
209,F0015,FARM12,2024,Soy,Soy-V4,12.5047863378,ha,2024-04-18,2024-10-09,0,NA,t_ha,NA,0,0,8.886731988750398,111.7,0,105.8902857475914,mm,0,580.1193816005252,mm,0,19.334382025059313,0,0.8454839051933959,0.921268750121817,0,0,0,48.51713964290591,33.08347146948008,0,Loam,AgroService Ltd,посуха,2024-05-12,0,F0015
572,F0015,FARM12,2024,Soy,Soy-V4,NA,NA,2024-04-18,2024-10-09,0,NA,t_ha,NA,0,0,8.886731988750398,111.7,0,105.8902857475914,mm,0,580.1193816005252,mm,0,19.334382025059313,0,0.5070422181393951,0.6250189553946256,0,0,0,48.51713964290591,33.08347146948008,0,Loam,AgroService Ltd,посуха,2024-07-08,0,F0015
1283,F0015,FARM12,2024,Soy,Soy-V4,12.5,ha,2024-04-18,2024-10-09,0,NA,t_ha,NA,0,0,8.886731988750398,111.7,0,105.8902857475914,mm,0,580.1193816005252,mm,0,19.334382025059313,0,0.5041484757326543,0.5968426771229133,0,0,0,48.51713964290591,33.08347146948008,0,Loam,AgroService Ltd,посуха,2024-07-11,0,F0015
73,F0015,FARM12,2024,Soy,Soy-V4,12.5,ha,2024-04-18,2024-10-09,0,NA,NA,NA,0,0,8.886731988750398,111.7,0,105.8902857475914,mm,0,580.1193816005252,mm,0,19.334382025059313,0,0.38508662967942653,0.5150069380644708,0,0,0,48.51713964290591,33.08347146948008,0,Loam,AgroService Ltd,посуха,2024-08-25,0,F0015
1468,F0015,FARM12,2024,Soy,Soy-V4,12.5,ha,2024-04-18,2024-10-09,0,NA,t_ha,NA,0,0,8.886731988750398,111.7,0,105.8902857475914,mm,0,580.1193816005252,mm,0,19.334382025059313,0,0.460140509204939,0.5973740072222427,0,0,0,48.51713964290591,33.08347146948008,0,Loam,AgroService Ltd,посуха,2024-09-25,0,F0015
198,F0016,FARM11,2024,Soy,Soy-V2,45.2033862114,ha,2024-04-27,2024-09-13,0,NA,t_ha,NA,0,0,21.399339329684153,217.6,2,396.9857170712203,mm,0,620.5024522962049,mm,0,12.320830673677847,0,0.36432600698899475,0.5,0,0,0,49.810932067984254,31.087154991895893,0,Loam,UkrAgroTech,норма,2024-05-11,0,F0016
1177,F0016,FARM11,2024,Soy,Soy-V2,45.2,ha,2024-04-27,2024-09-13,0,NA,t_ha,NA,0,0,21.399339329684153,217.6,2,396.9857170712203,mm,0,620.5024522962049,mm,0,12.320830673677847,0,0.7617198461899534,0.8957965971436351,0,0,0,49.810932067984254,31.087154991895893,0,Loam,UkrAgroTech,норма,2024-05-22,0,F0016
779,F0016,FARM11,2024,Soy,Soy-V2,45.2033862114,ha,2024-04-27,2024-09-13,0,NA,t_ha,NA,0,0,21.399339329684153,217.6,2,396.9857170712203,mm,0,620.5024522962049,mm,0,12.320830673677847,0,0.7782226914074272,0.8511890761787072,0,0,0,49.810932067984254,31.087154991895893,0,Loam,UkrAgroTech,норма,2024-06-16,0,F0016
1438,F0016,FARM11,2024,Soy,Soy-V2,45.2,ha,2024-04-27,2024-09-13,0,NA,t_ha,NA,0,0,21.399339329684153,217.6,2,396.9857170712203,mm,0,620.5024522962049,mm,0,12.320830673677847,0,NA,NA,0,0,0,49.810932067984254,31.087154991895893,0,Loam,UkrAgroTech,норма,2024-07-13,0,F0016
91,F0016,FARM11,2024,Soy,Soy-V2,45.2,ha,2024-04-27,2024-09-13,0,NA,NA,NA,0,0,21.399339329684153,217.6,2,396.9857170712203,mm,0,620.5024522962049,mm,0,12.320830673677847,0,0.8157086485531181,0.8837690095417201,0,0,0,49.810932067984254,31.087154991895893,0,Loam,UkrAgroTech,норма,2024-08-13,0,F0016
1237,F0016,FARM11,2024,Soy,Soy-V2,45.2,ha,2024-04-27,2024-09-13,0,NA,NA,NA,0,0,21.399339329684153,217.6,2,396.9857170712203,mm,0,620.5024522962049,mm,0,12.320830673677847,0,0.38640591108705846,0.5,0,0,0,49.810932067984254,31.087154991895893,0,Loam,UkrAgroTech,норма,2024-09-13,0,F0016
1142,F0016,FARM11,2024,Soy,Soy-V2,45.2,ha,2024-04-27,2024-09-13,0,NA,t_ha,NA,0,0,21.399339329684153,217.6,2,396.9857170712203,mm,0,620.5024522962049,mm,0,12.320830673677847,0,0.834585264348425,0.95,0,0,0,49.810932067984254,31.087154991895893,0,Loam,UkrAgroTech,норма,2024-09-24,0,F0016
298,F0017,FARM11,2024,Wheat,Wheat-V3,28.287526375800002,ha,2024-05-07,2024-09-08,0,NA,t_ha,NA,0,0,23.96355865523219,218.7,5,296.03390557458624,mm,0,248.1187612283975,mm,0,14.853540858486667,0,NA,NA,0,0,0,49.38711796706217,33.68186379124084,0,Chernozem,GreenCrop,перевірити,2024-05-31,0,F0017
691,F0017,FARM11,2024,Wheat,Wheat-V3,28.287526375800002,ha,2024-05-07,2024-09-08,0,NA,t_ha,NA,0,0,23.96355865523219,218.7,5,296.03390557458624,mm,0,248.1187612283975,mm,0,14.853540858486667,0,0.4062503250548616,0.5173688160721213,0,0,0,49.38711796706217,33.68186379124084,0,Chernozem,GreenCrop,перевірити,2024-06-17,0,F0017
130,F0017,FARM11,2024,Wheat,Wheat-V3,28.287526375800002,ha,2024-05-07,2024-09-08,0,NA,t_ha,NA,0,0,23.96355865523219,218.7,5,296.03390557458624,mm,0,NA,NA,0,14.853540858486667,0,0.7499097415944561,0.8350272187730298,0,0,0,49.38711796706217,33.68186379124084,0,Chernozem,GreenCrop,перевірити,2024-07-16,0,F0017
66,F0017,FARM11,2024,Wheat,Wheat-V3,28.3,ha,2024-05-07,2024-09-08,0,NA,t_ha,NA,0,0,23.96355865523219,218.7,5,296.03390557458624,mm,0,NA,NA,0,14.853540858486667,0,0.6071808664361015,0.6655326164560392,0,0,0,49.38711796706217,33.68186379124084,0,Chernozem,GreenCrop,перевірити,2024-07-22,0,F0017
168,F0017,FARM11,2024,Wheat,Wheat-V3,28.3,ha,2024-05-07,2024-09-08,0,NA,t_ha,NA,0,0,23.96355865523219,218.7,5,296.03390557458624,mm,0,248.1187612283975,mm,0,14.853540858486667,0,NA,NA,0,0,0,49.38711796706217,33.68186379124084,0,Chernozem,GreenCrop,перевірити,2024-07-24,0,F0017
289,F0017,FARM11,2024,Wheat,Wheat-V3,28.287526375800002,ha,2024-05-07,2024-09-08,0,NA,t_ha,NA,0,0,23.96355865523219,218.7,5,296.03390557458624,mm,0,248.1187612283975,mm,0,14.853540858486667,0,0.5526770066004246,0.6169466007733717,0,0,0,49.38711796706217,33.68186379124084,0,Chernozem,GreenCrop,перевірити,2024-08-06,0,F0017
919,F0017,FARM11,2024,Wheat,Wheat-V3,28.3,ha,2024-05-07,2024-09-08,0,NA,NA,NA,0,0,23.96355865523219,218.7,5,296.03390557458624,mm,0,248.1187612283975,mm,0,14.853540858486667,0,NA,NA,0,0,0,49.38711796706217,33.68186379124084,0,Chernozem,GreenCrop,перевірити,2024-09-04,0,F0017
560,F0018,FARM05,2024,Wheat,Wheat-V1,29.9,ha,2024-05-20,2024-10-03,0,5.230952668469399,t_ha,5.230952668469399,0,0,28.708287546411157,60.7,4,NA,mm,1,159.66044400120154,mm,0,18.360134464222938,0,0.7800164864398539,0.87663125779945394,0,0,0,49.05453972245147,30.744031787103975,0,Chernozem,AgroService Ltd,добре,2024-05-01,0,F0018
1356,F0018,FARM05,2024,Wheat,Wheat-V1,29.9,ha,2024-05-20,2024-10-03,0,5.230952668469399,t_ha,5.230952668469399,0,0,28.708287546411157,60.7,4,295.58003002312034,mm,0,159.66044400120154,mm,0,18.360134464222938,0,0.4521524497773498,0.5039464697008952,0,0,0,49.05453972245147,30.744031787103975,0,Chernozem,AgroService Ltd,добре,2024-05-18,0,F0018
1232,F0018,FARM05,2024,Wheat,Wheat-V1,29.9,ha,2024-05-20,2024-10-03,0,5.230952668469399,t_ha,5.230952668469399,1,0,28.708287546411157,60.7,4,NA,NA,0,159.66044400120154,mm,0,18.360134464222938,0,0.835494194785133,0.9201889238320291,0,0,0,49.05453972245147,30.744031787103975,0,Chernozem,AgroService Ltd,добре,2024-07-08,0,F0018
893,F0018,FARM05,2024,Wheat,Wheat-V1,29.9,ha,2024-05-20,2024-10-03,0,5.230952668469399,t_ha,5.230952668469399,1,0,28.708287546411157,60.7,4,295.58003002312034,mm,0,159.66044400120154,mm,0,18.360134464222938,0,0.4867778208805248,0.5480028377380222,0,0,0,49.05453972245147,30.744031787103975,0,Chernozem,AgroService Ltd,добре,2024-07-15,0,F0018
1394,F0018,FARM05,2024,Wheat,Wheat-V1,NA,NA,2024-05-20,2024-10-03,0,5.230952668469399,t_ha,5.230952668469399,0,0,28.708287546411157,60.7,4,295.58003002312034,mm,0,159.66044400120154,mm,0,18.360134464222938,0,0.8136746251489967,0.95,0,0,0,49.05453972245147,30.744031787103975,0,Chernozem,AgroService Ltd,добре,2024-08-13,0,F0018
281,F0018,FARM05,2024,Wheat,Wheat-V1,29.946737508000002,ha,2024-05-20,2024-10-03,0,5.230952668469399,t_ha,5.230952668469399,0,0,28.708287546411157,60.7,4,295.58003002312034,mm,0,159.66044400120154,mm,0,18.360134464222938,0,0.5699260470224544,0.7176906492328271,0,0,0,NA,NA,0,Chernozem,AgroService Ltd,добре,2024-08-23,0,F0018
1475,F0018,FARM05,2024,Wheat,Wheat-V1,29.9,ha,2024-05-20,2024-10-03,0,5.230952668469399,t_ha,5.230952668469399,1,0,28.708287546411157,60.7,4,295.58003002312034,mm,0,159.66044400120154,mm,0,18.360134464222938,0,0.6399111666483804,0.7147894113557413,0,0,0,49.05453972245147,30.744031787103975,0,Chernozem,AgroService Ltd,добре,2024-08-29,0,F0018
702,F0018,FARM05,2024,Wheat,Wheat-V1,29.9,ha,2024-05-20,2024-10-03,0,5.230952668469399,t_ha,5.230952668469399,0,0,28.708287546411157,60.7,4,295.58003002312034,mm,0,159.66044400120154,mm,0,18.360134464222938,0,0.8277288294862956,0.95,0,0,0,49.05453972245147,30.744031787103975,0,Chernozem,AgroService Ltd,добре,2024-09-09,0,F0018
832,F0018,FARM05,2024,Wheat,Wheat-V1,29.946737508000002,ha,2024-05-20,2024-10-03,0,NA,NA,NA,0,0,28.708287546411157,60.7,4,295.58003002312034,mm,0,159.66044400120154,mm,0,18.360134464222938,0,0.6461598350666463,0.794805951602757,0,0,0,49.05453972245147,30.744031787103975,0,Chernozem,AgroService Ltd,добре,2024-09-30,0,F0018
95,F0019,FARM11,2024,Wheat,Wheat-V2,NA,NA,2024-05-10,2024-09-11,0,5.31180421425961,t_ha,5.31180421425961,0,0,32.17060883902013,156.6,4,0,mm,0,271.8910946161486,mm,0,17.419262438081205,0,0.4541726233670488,0.5186425597406924,0,0,0,49.75099767027749,33.50730465129996,0,Chernozem,UkrAgroTech,норма,2024-05-09,0,F0019
416,F0019,FARM11,2024,Wheat,Wheat-V2,60.7,ha,2024-05-10,2024-09-11,0,5.31180421425961,t_ha,5.31180421425961,0,0,32.17060883902013,156.6,4,0,mm,0,271.8910946161486,mm,0,17.419262438081205,0,0.8046307699056342,0.9427056622458622,0,0,0,49.75099767027749,33.50730465129996,0,Chernozem,UkrAgroTech,норма,2024-05-11,0,F0019
1305,F0019,FARM11,2024,Wheat,Wheat-V2,60.7,ha,2024-05-10,2024-09-11,0,5.31180421425961,t_ha,5.31180421425961,0,0,32.17060883902013,156.6,4,0,mm,0,271.8910946161486,mm,0,17.419262438081205,0,0.3648948187706992,0.5,0,0,0,49.75099767027749,33.50730465129996,0,Chernozem,UkrAgroTech,норма,2024-05-12,0,F0019
451,F0019,FARM11,2024,Wheat,Wheat-V2,60.7,ha,2024-05-10,2024-09-11,0,5.31180421425961,t_ha,5.31180421425961,0,0,32.17060883902013,156.6,4,0,mm,0,271.8910946161486,mm,0,17.419262438081205,0,0.7686421458143741,0.8354514874285087,0,0,0,49.75099767027749,33.50730465129996,0,Chernozem,UkrAgroTech,норма,2024-06-19,0,F0019
1439,F0019,FARM11,2024,Wheat,Wheat-V2,60.7,ha,2024-05-10,2024-09-11,0,5.31180421425961,t_ha,5.31180421425961,0,0,32.17060883902013,156.6,4,0,mm,0,271.8910946161486,mm,0,17.419262438081205,0,0.4563562826020643,0.5438549276208505,0,0,0,49.75099767027749,33.50730465129996,0,Chernozem,UkrAgroTech,норма,2024-08-29,0,F0019
59,F0019,FARM11,2024,Wheat,Wheat-V2,60.7,ha,2024-05-10,2024-09-11,0,5.31180421425961,t_ha,5.31180421425961,0,0,32.17060883902013,156.6,4,0,mm,0,271.8910946161486,mm,0,17.419262438081205,0,0.42447811029851434,0.5394017345504835,0,0,0,49.75099767027749,33.50730465129996,0,Chernozem,UkrAgroTech,норма,2024-09-15,0,F0019
1249,F0019,FARM11,2024,Wheat,Wheat-V2,60.7,ha,2024-05-10,2024-09-11,0,5.31180421425961,t_ha,5.31180421425961,1,0,32.17060883902013,156.6,4,0,mm,0,NA,NA,0,17.419262438081205,0,0.3733533615246415,0.5,0,0,0,49.75099767027749,33.50730465129996,0,Chernozem,UkrAgroTech,норма,2024-09-25,0,F0019
373,F0020,FARM09,2024,Wheat,Wheat-V5,59.4,ha,2024-04-14,2024-08-21,0,4.126031083986163,t_ha,4.126031083986163,0,0,15.103385385824367,146.9,0,348.0788524495438,mm,0,577.8672700398602,mm,0,14.666194134391844,0,0.8489073554752394,0.95,0,0,0,49.69430242420454,33.80321978305187,0,Chernozem,SunField Co,добре,2024-05-03,0,F0020
872,F0020,FARM09,2024,Wheat,Wheat-V5,59.4,ha,2024-04-14,2024-08-21,0,4.126031083986163,t_ha,4.126031083986163,1,0,15.103385385824367,146.9,0,348.0788524495438,mm,0,577.8672700398602,mm,0,14.666194134391844,0,NA,NA,0,0,0,49.69430242420454,33.80321978305187,0,Chernozem,SunField Co,добре,2024-05-22,0,F0020
1147,F0020,FARM09,2024,Wheat,Wheat-V5,59.407852245600004,ha,2024-04-14,2024-08-21,0,NA,NA,NA,0,0,15.103385385824367,146.9,0,348.0788524495438,mm,0,577.8672700398602,mm,0,14.666194134391844,0,0.6621573480311781,0.7181100090499967,0,0,0,49.69430242420454,33.80321978305187,0,Chernozem,SunField Co,добре,2024-07-01,0,F0020
110,F0020,FARM09,2024,Wheat,Wheat-V5,59.4,ha,2024-04-14,2024-08-21,0,4.126031083986163,t_ha,4.126031083986163,1,0,15.103385385824367,146.9,0,348.0788524495438,mm,0,577.8672700398602,mm,0,14.666194134391844,0,0.40958316777832804,0.5301696719136089,0,0,0,49.69430242420454,33.80321978305187,0,Chernozem,SunField Co,добре,2024-07-22,0,F0020
391,F0020,FARM09,2024,Wheat,Wheat-V5,59.407852245600004,ha,2024-04-14,2024-08-21,0,4.126031083986163,t_ha,4.126031083986163,1,0,15.103385385824367,146.9,0,348.0788524495438,mm,0,577.8672700398602,mm,0,14.666194134391844,0,0.8001672072801739,0.88444774444215,0,0,0,49.69430242420454,33.80321978305187,0,Chernozem,SunField Co,добре,2024-07-25,0,F0020
410,F0020,FARM09,2024,Wheat,Wheat-V5,59.407852245600004,ha,2024-04-14,2024-08-21,0,4.126031083986163,t_ha,4.126031083986163,0,0,15.103385385824367,146.9,0,348.0788524495438,mm,0,577.8672700398602,mm,0,14.666194134391844,0,0.7482328897109255,0.8065106387482955,0,0,0,49.69430242420454,33.80321978305187,0,Chernozem,SunField Co,добре,2024-08-01,0,F0020
22,F0020,FARM09,2024,Wheat,Wheat-V5,59.4,ha,2024-04-14,2024-08-21,0,4.126031083986163,t_ha,4.126031083986163,1,0,15.103385385824367,146.9,0,348.0788524495438,mm,0,577.8672700398602,mm,0,14.666194134391844,0,0.3520427177660167,0.5,0,0,0,49.69430242420454,33.80321978305187,0,Chernozem,SunField Co,добре,2024-09-09,0,F0020
1391,F0020,FARM09,2024,Wheat,Wheat-V5,59.407852245600004,ha,2024-04-14,2024-08-21,0,4.126031083986163,t_ha,4.126031083986163,1,0,15.103385385824367,146.9,0,348.0788524495438,mm,0,577.8672700398602,mm,0,14.666194134391844,0,0.43219058101531116,0.5520885112462565,0,0,0,49.69430242420454,33.80321978305187,0,Chernozem,SunField Co,добре,2024-09-15,0,F0020
577,F0020,FARM09,2024,Wheat,Wheat-V5,NA,NA,2024-04-14,2024-08-21,0,4.126031083986163,t_ha,4.126031083986163,0,0,15.103385385824367,146.9,0,NA,NA,0,577.8672700398602,mm,0,14.666194134391844,0,0.7353600163711235,0.8110941094579175,0,0,0,49.69430242420454,33.80321978305187,0,Chernozem,SunField Co,добре,2024-09-29,0,F0020
914,F0021,FARM09,2024,Corn,Corn-V5,21.326933333400003,ha,2024-04-15,2024-08-13,0,7.374145211419091,t_ha,7.374145211419091,0,0,17.89746408117935,57,6,NA,NA,0,679.3555625830777,mm,0,20.370814201654866,0,0.6283738367725163,0.7675218044780194,0,0,0,48.94283583210548,33.610315172569365,0,Loam,Field Master,перевірити,2024-05-24,0,F0021
1292,F0021,FARM09,2024,Corn,Corn-V5,21.3,ha,2024-04-15,2024-08-13,0,7.374145211419091,t_ha,7.374145211419091,1,0,17.89746408117935,57,6,0,mm,0,679.3555625830777,mm,0,20.370814201654866,0,0.5020778295816853,0.5548680231906473,0,0,0,48.94283583210548,33.610315172569365,0,Loam,Field Master,перевірити,2024-07-15,0,F0021
724,F0021,FARM09,2024,Corn,Corn-V5,21.326933333400003,ha,2024-04-15,2024-08-13,0,7.374145211419091,t_ha,7.374145211419091,0,0,17.89746408117935,57,6,0,mm,0,679.3555625830777,mm,0,20.370814201654866,0,0.720728435809724,0.8310454466613009,0,0,0,48.94283583210548,33.610315172569365,0,Loam,Field Master,перевірити,2024-07-19,0,F0021
221,F0021,FARM09,2024,Corn,Corn-V5,21.3,ha,2024-04-15,2024-08-13,0,7.374145211419091,t_ha,7.374145211419091,1,0,17.89746408117935,57,6,0,mm,0,679.3555625830777,mm,0,20.370814201654866,0,0.4839217136846855,0.6333446265896783,0,0,0,48.94283583210548,33.610315172569365,0,Loam,Field Master,перевірити,2024-07-28,0,F0021
697,F0021,FARM09,2024,Corn,Corn-V5,21.3,ha,2024-04-15,2024-08-13,0,7.374145211419091,t_ha,7.374145211419091,1,0,17.89746408117935,57,6,0,mm,0,679.3555625830777,mm,0,20.370814201654866,0,0.4646411752561107,0.6060009259264916,0,0,0,48.94283583210548,33.610315172569365,0,NA,Field Master,перевірити,2024-07-31,0,F0021
1397,F0021,FARM09,2024,Corn,Corn-V5,21.3,ha,2024-04-15,2024-08-13,0,NA,NA,NA,0,0,17.89746408117935,57,6,0,mm,0,679.3555625830777,mm,0,20.370814201654866,0,0.4636488793417811,0.5413513283943757,0,0,0,48.94283583210548,33.610315172569365,0,Loam,Field Master,перевірити,2024-08-03,0,F0021
1424,F0021,FARM09,2024,Corn,Corn-V5,21.326933333400003,ha,2024-04-15,2024-08-13,0,7.374145211419091,t_ha,7.374145211419091,1,0,17.89746408117935,57,6,NA,mm,1,679.3555625830777,mm,0,20.370814201654866,0,0.575622191443108,0.649825401417911,0,0,0,48.94283583210548,33.610315172569365,0,Loam,Field Master,перевірити,2024-08-10,0,F0021
907,F0022,FARM01,2024,Wheat,Wheat-V1,96.0723714108,ha,2024-05-11,2024-07-27,0,7.701745363418013,t_ha,7.701745363418013,1,0,32.46988805709407,115,5,229.44771986221895,mm,0,361.0545711242594,mm,0,18.95466727297753,0,NA,NA,0,0,0,48.67405671058409,31.407883253819776,0,Chernozem,UkrAgroTech,норма,2024-05-08,0,F0022
1242,F0022,FARM01,2024,Wheat,Wheat-V1,96.1,ha,2024-05-11,2024-07-27,0,7.701745363418013,t_ha,7.701745363418013,0,0,32.46988805709407,115,5,229.44771986221895,mm,0,361.0545711242594,mm,0,18.95466727297753,0,0.6788539447821677,0.7806911211693659,0,0,0,48.67405671058409,31.407883253819776,0,Chernozem,UkrAgroTech,норма,2024-06-09,0,F0022
1227,F0022,FARM01,2024,Wheat,Wheat-V1,96.1,ha,2024-05-11,2024-07-27,0,7.701745363418013,t_ha,7.701745363418013,0,0,32.46988805709407,115,5,229.44771986221895,mm,0,361.0545711242594,mm,0,18.95466727297753,0,0.6505657508037984,0.7728096667909995,0,0,0,48.67405671058409,31.407883253819776,0,Chernozem,UkrAgroTech,норма,2024-07-31,0,F0022
340,F0022,FARM01,2024,Wheat,Wheat-V1,96.1,ha,2024-05-11,2024-07-27,0,7.701745363418013,t_ha,7.701745363418013,1,0,32.46988805709407,115,5,229.44771986221895,mm,0,361.0545711242594,mm,0,18.95466727297753,0,0.6951843806542456,0.7896046390291303,0,0,0,48.67405671058409,31.407883253819776,0,Chernozem,UkrAgroTech,норма,2024-08-01,0,F0022
1432,F0022,FARM01,2024,Wheat,Wheat-V1,96.1,ha,2024-05-11,2024-07-27,0,7.701745363418013,t_ha,7.701745363418013,0,0,32.46988805709407,115,5,NA,NA,0,361.0545711242594,mm,0,18.95466727297753,0,0.38080559032969175,0.5,0,0,0,48.67405671058409,31.407883253819776,0,Chernozem,UkrAgroTech,норма,2024-08-06,0,F0022
1215,F0022,FARM01,2024,Wheat,Wheat-V1,96.0723714108,ha,2024-05-11,2024-07-27,0,7.701745363418013,t_ha,7.701745363418013,0,0,32.46988805709407,115,5,229.44771986221895,mm,0,361.0545711242594,mm,0,18.95466727297753,0,0.6792236739071086,0.7441222483525053,0,0,0,48.67405671058409,31.407883253819776,0,Chernozem,UkrAgroTech,норма,2024-08-16,0,F0022
595,F0022,FARM01,2024,Wheat,Wheat-V1,96.0723714108,ha,2024-05-11,2024-07-27,0,7.701745363418013,t_ha,7.701745363418013,0,0,32.46988805709407,115,5,229.44771986221895,mm,0,361.0545711242594,mm,0,18.95466727297753,0,0.6583114562323317,0.798952245269902,0,0,0,48.67405671058409,31.407883253819776,0,Chernozem,UkrAgroTech,норма,2024-09-04,0,F0022
345,F0022,FARM01,2024,Wheat,Wheat-V1,96.0723714108,ha,2024-05-11,2024-07-27,0,7.701745363418013,t_ha,7.701745363418013,0,0,32.46988805709407,115,5,229.44771986221895,mm,0,361.0545711242594,mm,0,18.95466727297753,0,0.48817128632217643,0.5908074618084356,0,0,0,48.67405671058409,31.407883253819776,0,Chernozem,UkrAgroTech,норма,2024-09-14,0,F0022
1453,F0023,FARM10,2024,Wheat,Wheat-V3,57.627235420800005,ha,2024-04-23,2024-09-02,0,3.061734013725072,t_ha,3.061734013725072,0,0,17.170026327483356,51.3,3,0,mm,0,409.4043309567496,mm,0,14.805122779682279,0,0.42852265052497385,0.5,0,0,0,49.21183699728316,29.74882334249979,0,Chernozem,Pole Plus,добре,2024-05-11,0,F0023
125,F0023,FARM10,2024,Wheat,Wheat-V3,57.6,ha,2024-04-23,2024-09-02,0,3.061734013725072,t_ha,3.061734013725072,0,0,17.170026327483356,51.3,3,0,mm,0,409.4043309567496,mm,0,14.805122779682279,0,NA,NA,0,0,0,49.21183699728316,29.74882334249979,0,Chernozem,Pole Plus,добре,2024-05-17,0,F0023
131,F0023,FARM10,2024,Wheat,Wheat-V3,57.6,ha,2024-04-23,2024-09-02,0,3.061734013725072,t_ha,3.061734013725072,1,0,17.170026327483356,51.3,3,0,mm,0,409.4043309567496,mm,0,14.805122779682279,0,0.7913559485692531,0.8585780720459297,0,0,0,49.21183699728316,29.74882334249979,0,NA,Pole Plus,добре,2024-05-25,0,F0023
1280,F0023,FARM10,2024,Wheat,Wheat-V3,57.627235420800005,ha,2024-04-23,2024-09-02,0,3.061734013725072,t_ha,3.061734013725072,1,0,17.170026327483356,51.3,3,0,mm,0,409.4043309567496,mm,0,14.805122779682279,0,0.5194328578887507,0.6486668227938934,0,0,0,49.21183699728316,29.74882334249979,0,Chernozem,Pole Plus,добре,2024-06-23,0,F0023
1288,F0023,FARM10,2024,Wheat,Wheat-V3,57.627235420800005,ha,2024-04-23,2024-09-02,0,3.061734013725072,t_ha,3.061734013725072,0,0,17.170026327483356,51.3,3,0,mm,0,409.4043309567496,mm,0,14.805122779682279,0,NA,NA,0,0,0,49.21183699728316,29.74882334249979,0,Chernozem,Pole Plus,добре,2024-07-09,0,F0023
276,F0023,FARM10,2024,Wheat,Wheat-V3,57.627235420800005,ha,2024-04-23,2024-09-02,0,3.061734013725072,t_ha,3.061734013725072,0,0,17.170026327483356,51.3,3,0,mm,0,409.4043309567496,mm,0,14.805122779682279,0,0.4043286489555612,0.5315112686948851,0,0,0,49.21183699728316,29.74882334249979,0,Chernozem,Pole Plus,добре,2024-07-27,0,F0023
880,F0023,FARM10,2024,Wheat,Wheat-V3,57.6,ha,2024-04-23,2024-09-02,0,3.061734013725072,t_ha,3.061734013725072,0,0,17.170026327483356,51.3,3,0,mm,0,NA,NA,0,14.805122779682279,0,0.5505987192969769,0.6085748899029567,0,0,0,49.21183699728316,29.74882334249979,0,Chernozem,Pole Plus,добре,2024-08-20,0,F0023
948,F0023,FARM10,2024,Wheat,Wheat-V3,57.6,ha,2024-04-23,2024-09-02,0,3.061734013725072,t_ha,3.061734013725072,0,0,17.170026327483356,51.3,3,NA,mm,1,409.4043309567496,mm,0,14.805122779682279,0,0.807797797396779,0.9409608228364958,0,0,0,49.21183699728316,29.74882334249979,0,Chernozem,Pole Plus,добре,2024-09-18,0,F0023
1298,F0023,FARM10,2024,Wheat,Wheat-V3,57.6,ha,2024-04-23,2024-09-02,0,3.061734013725072,t_ha,3.061734013725072,1,0,17.170026327483356,51.3,3,0,mm,0,409.4043309567496,mm,0,14.805122779682279,0,0.5044809023616835,0.597504974831827,0,0,0,49.21183699728316,29.74882334249979,0,Chernozem,Pole Plus,добре,2024-09-21,0,F0023
1299,F0024,FARM10,2024,Wheat,Wheat-V2,71.8,ha,2024-04-13,2024-07-30,0,4.762097687460482,t_ha,4.762097687460482,0,0,19.154896181542426,181.3,5,236.8822447955608,mm,0,588.7861508992501,mm,0,18.82153136911802,0,0.728808377077803,0.8251541170757264,0,0,0,49.74122151983622,28.569316067039036,0,Loam,UkrAgroTech,добре,2024-05-06,0,F0024
430,F0024,FARM10,2024,Wheat,Wheat-V2,71.8,ha,2024-04-13,2024-07-30,0,4.762097687460482,t_ha,4.762097687460482,0,0,19.154896181542426,181.3,5,236.88224479556084,mm,0,588.7861508992501,mm,0,18.82153136911802,0,0.570237274421379,0.6215825449908152,0,0,0,49.74122151983622,28.569316067039036,0,Loam,UkrAgroTech,добре,2024-05-10,0,F0024
824,F0024,FARM10,2024,Wheat,Wheat-V2,71.8,ha,2024-04-13,2024-07-30,0,4.762097687460482,t_ha,4.762097687460482,1,0,19.154896181542426,181.3,5,236.88224479556084,mm,0,588.7861508992501,mm,0,18.82153136911802,0,0.4655241620726883,0.5466474473709241,0,0,0,49.74122151983622,28.569316067039036,0,NA,UkrAgroTech,добре,2024-05-30,0,F0024
413,F0024,FARM10,2024,Wheat,Wheat-V2,71.8,ha,2024-04-13,2024-07-30,0,4.762097687460482,t_ha,4.762097687460482,0,0,19.154896181542426,181.3,5,236.88224479556084,mm,0,588.7861508992501,mm,0,18.82153136911802,0,0.5902681951643899,0.6481692405417562,0,0,0,49.74122151983622,28.569316067039036,0,Loam,UkrAgroTech,добре,2024-06-10,0,F0024
711,F0024,FARM10,2024,Wheat,Wheat-V2,NA,NA,2024-04-13,2024-07-30,0,4.762097687460482,t_ha,4.762097687460482,0,0,19.154896181542426,181.3,5,236.88224479556084,mm,0,588.7861508992501,mm,0,18.82153136911802,0,NA,NA,0,0,0,49.74122151983622,28.569316067039036,0,Loam,UkrAgroTech,добре,2024-06-16,0,F0024
459,F0024,FARM10,2024,Wheat,Wheat-V2,71.8,ha,2024-04-13,2024-07-30,0,4.762097687460482,t_ha,4.762097687460482,0,0,19.154896181542426,181.3,5,236.88224479556084,mm,0,588.7861508992501,mm,0,18.82153136911802,0,NA,NA,0,0,0,49.74122151983622,28.569316067039036,0,Loam,UkrAgroTech,добре,2024-07-21,0,F0024
587,F0024,FARM10,2024,Wheat,Wheat-V2,NA,NA,2024-04-13,2024-07-30,0,-0.031984491273760796,t_ha,-0.031984491273760796,0,1,19.154896181542426,181.3,5,236.88224479556084,mm,0,588.7861508992501,mm,0,18.82153136911802,0,0.7708737041335553,0.846155196451582,0,0,0,49.74122151983622,28.569316067039036,0,Loam,UkrAgroTech,добре,2024-08-23,0,F0024
661,F0024,FARM10,2024,Wheat,Wheat-V2,71.8,ha,2024-04-13,2024-07-30,0,4.762097687460482,t_ha,4.762097687460482,0,0,19.154896181542426,181.3,5,236.88224479556084,mm,0,588.7861508992501,mm,0,18.82153136911802,0,0.5165579321561381,0.6323789696209132,0,0,0,49.74122151983622,28.569316067039036,0,Loam,UkrAgroTech,добре,2024-09-25,0,F0024
705,F0025,FARM05,2024,Wheat,Wheat-V3,40.4,ha,2024-03-27,2024-09-23,0,7.188766996376216,t_ha,7.188766996376216,1,0,15.889116916572675,167.3,2,0,mm,0,458.71529437135905,mm,0,12.780669684987515,0,0.365076583949849,0.5,0,0,0,48.518229485790705,29.87878834747663,0,Loam,UkrAgroTech,без примітки,2024-05-16,0,F0025
205,F0025,FARM05,2024,Wheat,Wheat-V3,40.4,ha,2024-03-27,2024-09-23,0,7.188766996376216,t_ha,7.188766996376216,1,0,15.889116916572675,167.3,2,0,mm,0,458.71529437135905,mm,0,12.780669684987515,0,NA,NA,0,0,0,48.518229485790705,29.87878834747663,0,Loam,UkrAgroTech,без примітки,2024-05-20,0,F0025
803,F0025,FARM05,2024,Wheat,Wheat-V3,40.4,ha,2024-03-27,2024-09-23,0,7.188766996376216,t_ha,7.188766996376216,1,0,15.889116916572675,167.3,2,0,mm,0,458.71529437135905,mm,0,12.780669684987515,0,0.3736025428166613,0.5,0,0,0,48.518229485790705,29.87878834747663,0,Loam,UkrAgroTech,без примітки,2024-07-07,0,F0025
293,F0025,FARM05,2024,Wheat,Wheat-V3,40.3876270716,ha,2024-03-27,2024-09-23,0,7.188766996376216,t_ha,7.188766996376216,0,0,15.889116916572675,167.3,2,0,mm,0,458.71529437135905,mm,0,12.780669684987515,0,0.41092382373753933,0.5432351380819455,0,0,0,48.518229485790705,29.87878834747663,0,Loam,UkrAgroTech,без примітки,2024-07-17,0,F0025
461,F0025,FARM05,2024,Wheat,Wheat-V3,40.4,ha,2024-03-27,2024-09-23,0,7.188766996376216,t_ha,7.188766996376216,0,0,15.889116916572675,167.3,2,0,mm,0,458.71529437135905,mm,0,12.780669684987515,0,0.561567246238701,0.6919104087399319,0,0,0,48.518229485790705,29.87878834747663,0,Loam,UkrAgroTech,без примітки,2024-08-13,0,F0025
152,F0025,FARM05,2024,Wheat,Wheat-V3,40.4,ha,2024-03-27,2024-09-23,0,7.188766996376216,t_ha,7.188766996376216,1,0,15.889116916572675,167.3,2,0,mm,0,458.71529437135905,mm,0,12.780669684987515,0,0.42425079611130057,0.5111378283705562,0,0,0,48.518229485790705,29.87878834747663,0,Loam,UkrAgroTech,без примітки,2024-08-15,0,F0025
796,F0025,FARM05,2024,Wheat,Wheat-V3,40.3876270716,ha,2024-03-27,2024-09-23,0,7.188766996376216,t_ha,7.188766996376216,0,0,15.889116916572675,167.3,2,0,mm,0,458.71529437135905,mm,0,12.780669684987515,0,0.3805443947436288,0.5,0,0,0,48.518229485790705,29.87878834747663,0,Loam,UkrAgroTech,без примітки,2024-08-19,0,F0025
1422,F0025,FARM05,2024,Wheat,Wheat-V3,40.4,ha,2024-03-27,2024-09-23,0,7.188766996376216,t_ha,7.188766996376216,0,0,15.889116916572675,167.3,2,0,mm,0,458.71529437135905,mm,0,12.780669684987515,0,0.7498889299109578,0.8073355986969545,0,0,0,48.518229485790705,29.87878834747663,0,Loam,UkrAgroTech,без примітки,2024-09-27,0,F0025
773,F0026,FARM09,2024,Wheat,Wheat-V3,52.6,ha,2024-04-18,2024-09-23,0,6.498958412092179,t_ha,6.498958412092179,0,0,35,156.6,2,0,mm,0,459.534997434821,mm,0,18.761905073188245,0,0.466685057641007,0.5402764189289883,0,0,0,49.091910933538806,30.28095093904296,0,Chernozem,Field Master,посуха,2024-05-09,0,F0026
1185,F0026,FARM09,2024,Wheat,Wheat-V3,52.60913346,ha,2024-04-18,2024-09-23,0,6.498958412092179,t_ha,6.498958412092179,1,0,8.268493281910196,156.6,2,0,mm,0,459.534997434821,mm,0,18.761905073188245,0,0.52645086313132194,0.62474175975658,0,0,0,49.091910933538806,30.28095093904296,0,Chernozem,Field Master,посуха,2024-05-16,0,F0026
435,F0026,FARM09,2024,Wheat,Wheat-V3,52.6,ha,2024-04-18,2024-09-23,0,6.498958412092179,t_ha,6.498958412092179,1,0,8.268493281910196,156.6,2,0,mm,0,459.534997434821,mm,0,18.761905073188245,0,NA,NA,0,0,0,49.091910933538806,30.28095093904296,0,Chernozem,Field Master,посуха,2024-05-26,0,F0026
1059,F0026,FARM09,2024,Wheat,Wheat-V3,52.60913346,ha,2024-04-18,2024-09-23,0,6.498958412092179,t_ha,6.498958412092179,1,0,8.268493281910196,156.6,2,0,mm,0,459.534997434821,mm,0,18.761905073188245,0,0.616306112287566,0.760454245028086,0,0,0,49.091910933538806,30.28095093904296,0,Chernozem,Field Master,посуха,2024-06-03,0,F0026
938,F0026,FARM09,2024,Wheat,Wheat-V3,52.60913346,ha,2024-04-18,2024-09-23,0,6.498958412092179,t_ha,6.498958412092179,0,0,8.268493281910196,156.6,2,0,mm,0,459.534997434821,mm,0,18.761905073188245,0,0.4607679612468928,0.5109222814673557,0,0,0,49.091910933538806,30.28095093904296,0,Chernozem,Field Master,посуха,2024-07-02,0,F0026
822,F0026,FARM09,2024,Wheat,Wheat-V3,NA,NA,2024-04-18,2024-09-23,0,6.498958412092179,t_ha,6.498958412092179,1,0,8.268493281910196,156.6,2,0,mm,0,459.534997434821,mm,0,18.761905073188245,0,0.6588779639219865,0.7195844584610313,0,0,0,49.091910933538806,30.28095093904296,0,Chernozem,Field Master,посуха,2024-08-31,0,F0026
192,F0026,FARM09,2024,Wheat,Wheat-V3,NA,ha,2024-04-18,2024-09-23,0,6.498958412092179,t_ha,6.498958412092179,0,0,8.268493281910196,156.6,2,0,mm,0,459.534997434821,mm,0,18.761905073188245,0,NA,NA,0,0,0,49.091910933538806,30.28095093904296,0,NA,Field Master,посуха,2024-09-16,1,F0026
304,F0026,FARM09,2024,Wheat,Wheat-V3,52.6,ha,2024-04-18,2024-09-23,0,6.498958412092179,t_ha,6.498958412092179,0,0,8.268493281910196,156.6,2,0,mm,0,459.534997434821,mm,0,18.761905073188245,0,0.6770477033220231,0.7548856034176424,0,0,0,49.091910933538806,30.28095093904296,0,Chernozem,Field Master,посуха,2024-09-26,0,F0026
521,F0027,FARM11,2024,Wheat,Wheat-V1,13.354626186,ha,2024-04-11,2024-08-25,0,4.780994408763945,t_ha,4.780994408763945,1,0,29.219453471014276,92.5,2,NA,NA,0,244.36179915210232,mm,0,16.26963267661631,0,0.616157605801709,0.692626157286577,0,0,0,49.28818153585587,28.92035883822758,0,Chernozem,AgroService Ltd,без примітки,2024-05-01,0,F0027
1231,F0027,FARM11,2024,Wheat,Wheat-V1,NA,NA,2024-04-11,2024-08-25,0,4.780994408763945,t_ha,4.780994408763945,0,0,29.219453471014276,92.5,2,0,mm,0,244.36179915210232,mm,0,16.26963267661631,0,0.41842194171622393,0.5,0,0,0,49.28818153585587,28.92035883822758,0,NA,AgroService Ltd,без примітки,2024-05-11,0,F0027
970,F0027,FARM11,2024,Wheat,Wheat-V1,NA,NA,2024-04-11,2024-08-25,0,4.780994408763945,t_ha,4.780994408763945,1,0,29.219453471014276,92.5,2,0,mm,0,244.36179915210232,mm,0,16.26963267661631,0,NA,NA,0,0,0,49.28818153585587,28.92035883822758,0,NA,AgroService Ltd,без примітки,2024-05-19,0,F0027
52,F0027,FARM11,2024,Wheat,Wheat-V1,13.4,ha,2024-04-11,2024-08-25,0,4.780994408763945,t_ha,4.780994408763945,1,0,29.219453471014276,92.5,2,0,mm,0,244.36179915210232,mm,0,16.26963267661631,0,0.4986640635412186,0.5519191827392206,0,0,0,49.28818153585587,28.92035883822758,0,NA,AgroService Ltd,без примітки,2024-05-21,0,F0027
224,F0027,FARM11,2024,Wheat,Wheat-V1,13.4,ha,2024-04-11,2024-08-25,0,4.780994408763945,t_ha,4.780994408763945,1,0,29.219453471014276,92.5,2,0,mm,0,244.36179915210232,mm,0,16.26963267661631,0,0.7556256753392517,0.8432570072123781,0,0,0,49.28818153585587,28.92035883822758,0,Chernozem,AgroService Ltd,без примітки,2024-07-01,0,F0027
588,F0027,FARM11,2024,Wheat,Wheat-V1,13.4,ha,2024-04-11,2024-08-25,0,4.780994408763945,t_ha,4.780994408763945,1,0,29.219453471014276,92.5,2,0,mm,0,244.36179915210232,mm,0,16.26963267661631,0,0.7117803532397374,0.8041436162311584,0,0,0,49.28818153585587,28.92035883822758,0,Chernozem,AgroService Ltd,без примітки,2024-07-26,0,F0027
278,F0027,FARM11,2024,Wheat,Wheat-V1,13.354626186,ha,2024-04-11,2024-08-25,0,4.780994408763945,t_ha,4.780994408763945,0,0,29.219453471014276,92.5,2,NA,NA,0,244.36179915210232,mm,0,16.26963267661631,0,0.6188221556600183,0.6862712050089612,0,0,0,49.28818153585587,28.92035883822758,0,Chernozem,AgroService Ltd,без примітки,2024-08-06,0,F0027
745,F0027,FARM11,2024,Wheat,Wheat-V1,13.354626186,ha,2024-04-11,2024-08-25,0,4.780994408763945,t_ha,4.780994408763945,0,0,29.219453471014276,92.5,2,0,mm,0,244.36179915210232,mm,0,16.26963267661631,0,0.5719041492789984,0.6704623674042522,0,0,0,49.28818153585587,28.92035883822758,0,Chernozem,AgroService Ltd,без примітки,2024-08-07,0,F0027
749,F0028,FARM11,2024,Wheat,Wheat-V4,62.8072116384,ha,2024-05-04,2024-09-28,0,7.444094479549676,t_ha,7.444094479549676,0,0,22.334980565821752,108.1,2,0,mm,0,549.4246130343527,mm,0,15.948781565064564,0,0.36409122045151887,0.5,0,0,0,49.552903190766926,30.733149683735334,0,Chernozem,UkrAgroTech,норма,2024-05-25,0,F0028
526,F0028,FARM11,2024,Wheat,Wheat-V4,62.8,ha,2024-05-04,2024-09-28,0,7.444094479549676,t_ha,7.444094479549676,0,0,22.334980565821752,108.1,2,0,mm,0,549.4246130343527,mm,0,15.948781565064564,0,NA,NA,0,0,0,49.552903190766926,30.733149683735334,0,Chernozem,UkrAgroTech,норма,2024-06-20,0,F0028
651,F0028,FARM11,2024,Wheat,Wheat-V4,62.8072116384,ha,2024-05-04,2024-09-28,0,7.444094479549676,t_ha,7.444094479549676,1,0,22.334980565821752,108.1,2,0,mm,0,549.4246130343527,mm,0,15.948781565064564,0,NA,NA,0,0,0,49.552903190766926,30.733149683735334,0,Chernozem,UkrAgroTech,норма,2024-06-30,0,F0028
1189,F0028,FARM11,2024,Wheat,Wheat-V4,62.8,ha,2024-05-04,2024-09-28,0,7.444094479549676,t_ha,7.444094479549676,0,0,22.334980565821752,108.1,2,0,mm,0,549.4246130343527,mm,0,15.948781565064564,0,0.6906306135002523,0.7688667282229289,0,0,0,49.552903190766926,30.733149683735334,0,Chernozem,UkrAgroTech,норма,2024-07-11,0,F0028
191,F0028,FARM11,2024,Wheat,Wheat-V4,62.8072116384,ha,2024-05-04,2024-09-28,0,7.444094479549676,t_ha,7.444094479549676,0,0,22.334980565821752,108.1,2,0,mm,0,NA,mm,1,15.948781565064564,0,0.3606377397896722,0.5,0,0,0,49.552903190766926,30.733149683735334,0,Chernozem,UkrAgroTech,норма,2024-07-15,0,F0028
624,F0028,FARM11,2024,Wheat,Wheat-V4,62.8,ha,2024-05-04,2024-09-28,0,7.444094479549676,t_ha,7.444094479549676,0,0,22.334980565821752,108.1,2,0,mm,0,549.4246130343527,mm,0,15.948781565064564,0,0.40135931586846707,0.5073718722909688,0,0,0,49.552903190766926,30.733149683735334,0,Chernozem,UkrAgroTech,норма,2024-07-26,0,F0028
881,F0028,FARM11,2024,Wheat,Wheat-V4,62.8,ha,2024-05-04,2024-09-28,0,NA,NA,NA,0,0,22.334980565821752,108.1,2,0,mm,0,549.4246130343527,mm,0,15.948781565064564,0,0.7861371180275455,0.8977947693550958,0,0,0,49.552903190766926,30.733149683735334,0,Chernozem,UkrAgroTech,норма,2024-07-28,0,F0028
489,F0028,FARM11,2024,Wheat,Wheat-V4,62.8072116384,ha,2024-05-04,2024-09-28,0,7.444094479549676,t_ha,7.444094479549676,0,0,22.334980565821752,108.1,2,0,mm,0,549.4246130343527,mm,0,15.948781565064564,0,0.5910757465986535,0.7209743942832574,0,0,0,49.552903190766926,30.733149683735334,0,Chernozem,UkrAgroTech,норма,2024-09-20,0,F0028
1028,F0028,FARM11,2024,Wheat,Wheat-V4,62.8,ha,2024-05-04,2024-09-28,0,7.444094479549676,t_ha,7.444094479549676,0,0,8,108.1,2,0,mm,0,549.4246130343527,mm,0,15.948781565064564,0,0.4227849428076297,0.5,0,0,0,49.552903190766926,30.733149683735334,0,Chernozem,UkrAgroTech,норма,2024-09-28,0,F0028
1324,F0029,FARM10,2024,Sunflower,Sunflower-V4,52.1,ha,2024-05-19,2024-08-22,0,4.1085846982430665,t_ha,4.1085846982430665,0,0,30.790966553613544,163.3,2,0,mm,0,NA,NA,0,16.463625044329092,0,0.8057468871353194,0.9358356250682845,0,0,0,48.92368549982598,33.29896603370318,0,Chernozem,UkrAgroTech,проблема з дренажем,2024-05-29,0,F0029
1448,F0029,FARM10,2024,Sunflower,Sunflower-V4,52.0830421254,ha,2024-05-19,2024-08-22,0,4.1085846982430665,t_ha,4.1085846982430665,0,0,30.790966553613544,163.3,2,0,mm,0,363.9988965704106,mm,0,16.463625044329092,0,0.7409235273022204,0.8444766098866239,0,0,0,48.92368549982598,33.29896603370318,0,Chernozem,UkrAgroTech,проблема з дренажем,2024-06-05,0,F0029
990,F0029,FARM10,2024,Sunflower,Sunflower-V4,52.0830421254,ha,2024-05-19,2024-08-22,0,4.1085846982430665,t_ha,4.1085846982430665,1,0,30.790966553613544,163.3,2,0,mm,0,NA,NA,0,16.463625044329092,0,0.4305618579033762,0.5243314908351748,0,0,0,48.92368549982598,33.29896603370318,0,Chernozem,UkrAgroTech,проблема з дренажем,2024-06-08,0,F0029
12,F0029,FARM10,2024,Sunflower,Sunflower-V4,52.1,ha,2024-05-19,2024-08-22,0,4.1085846982430665,t_ha,4.1085846982430665,0,0,30.790966553613544,163.3,2,0,mm,0,363.9988965704106,mm,0,16.463625044329092,0,0.5184361580992117,0.6185338125098496,0,0,0,48.92368549982598,33.29896603370318,0,Chernozem,UkrAgroTech,проблема з дренажем,2024-06-11,0,F0029
729,F0029,FARM10,2024,Sunflower,Sunflower-V4,52.1,ha,2024-05-19,2024-08-22,0,4.1085846982430665,t_ha,4.1085846982430665,1,0,30.790966553613544,163.3,2,0,mm,0,363.9988965704106,mm,0,16.463625044329092,0,0.45059211147017775,0.5632431883364916,0,0,0,48.92368549982598,33.29896603370318,0,Chernozem,UkrAgroTech,проблема з дренажем,2024-06-20,0,F0029
877,F0029,FARM10,2024,Sunflower,Sunflower-V4,52.1,ha,2024-05-19,2024-08-22,0,4.1085846982430665,t_ha,4.1085846982430665,1,0,30.790966553613544,163.3,2,NA,NA,0,363.9988965704106,mm,0,16.463625044329092,0,0.6509721589041874,0.7773723487509414,0,0,0,48.92368549982598,33.29896603370318,0,Chernozem,UkrAgroTech,проблема з дренажем,2024-07-16,0,F0029
157,F0029,FARM10,2024,Sunflower,Sunflower-V4,52.1,ha,2024-05-19,2024-08-22,0,4.1085846982430665,t_ha,4.1085846982430665,0,0,30.790966553613544,163.3,2,0,mm,0,363.9988965704106,mm,0,16.463625044329092,0,NA,NA,0,0,0,48.92368549982598,33.29896603370318,0,Chernozem,UkrAgroTech,проблема з дренажем,2024-08-20,0,F0029
762,F0029,FARM10,2024,Sunflower,Sunflower-V4,52.1,ha,2024-05-19,2024-08-22,0,4.1085846982430665,t_ha,4.1085846982430665,1,0,30.790966553613544,163.3,2,0,mm,0,363.9988965704106,mm,0,16.463625044329092,0,0.5554305422352627,0.6475619628559798,0,0,0,48.92368549982598,33.29896603370318,0,Chernozem,UkrAgroTech,проблема з дренажем,2024-09-02,0,F0029
1263,F0030,FARM07,2024,Wheat,Wheat-V3,50,ha,2024-04-25,2024-08-07,0,5.588218572782353,t_ha,5.588218572782353,0,0,32.997949754819274,150.9,3,303.60774827422574,mm,0,470.2351025072858,mm,0,17.842249265871942,0,0.8193192384438589,0.9066661942983046,0,0,0,49.66297258011485,33.915239915442186,0,Chernozem,AgroService Ltd,без примітки,2024-05-09,0,F0030
682,F0030,FARM07,2024,Wheat,Wheat-V3,50,ha,2024-04-25,2024-08-07,0,5.588218572782353,t_ha,5.588218572782353,0,0,32.997949754819274,150.9,3,303.60774827422574,mm,0,470.2351025072858,mm,0,17.842249265871942,0,NA,NA,0,0,0,49.66297258011485,33.915239915442186,0,NA,AgroService Ltd,без примітки,2024-05-11,0,F0030
1222,F0030,FARM07,2024,Wheat,Wheat-V3,50,ha,2024-04-25,2024-08-07,0,5.588218572782353,t_ha,5.588218572782353,0,0,32.997949754819274,150.9,3,303.60774827422574,mm,0,470.2351025072858,mm,0,17.842249265871942,0,NA,NA,0,0,0,49.66297258011485,33.915239915442186,0,Chernozem,AgroService Ltd,без примітки,2024-06-19,0,F0030
285,F0030,FARM07,2024,Wheat,Wheat-V3,50,ha,2024-04-25,2024-08-07,0,5.588218572782353,t_ha,5.588218572782353,1,0,32.997949754819274,150.9,3,303.60774827422574,mm,0,470.2351025072858,mm,0,17.842249265871942,0,NA,NA,0,0,0,49.66297258011485,33.915239915442186,0,Chernozem,AgroService Ltd,без примітки,2024-06-28,0,F0030
37,F0030,FARM07,2024,Wheat,Wheat-V3,50.0596139154,ha,2024-04-25,2024-08-07,1,5.588218572782353,t_ha,5.588218572782353,1,0,32.997949754819274,150.9,3,303.60774827422574,mm,0,470.2351025072858,mm,0,17.842249265871942,0,0.5541690533515066,0.6728431674651801,0,0,0,49.66297258011485,33.915239915442186,0,Chernozem,AgroService Ltd,без примітки,2024-08-12,0,F0030
753,F0030,FARM07,2024,Wheat,Wheat-V3,50.0596139154,ha,2024-04-25,2024-08-07,0,5.588218572782353,t_ha,5.588218572782353,1,0,32.997949754819274,150.9,3,303.60774827422574,mm,0,470.2351025072858,mm,0,17.842249265871942,0,0.5697900210740044,0.6787491283845156,0,0,0,49.66297258011485,33.915239915442186,0,Chernozem,AgroService Ltd,без примітки,2024-08-31,0,F0030
1133,F0030,FARM07,2024,Wheat,Wheat-V3,50.0596139154,ha,2024-04-25,2024-08-07,0,5.588218572782353,t_ha,5.588218572782353,0,0,32.997949754819274,150.9,3,303.60774827422574,mm,0,470.2351025072858,mm,0,17.842249265871942,0,NA,NA,0,0,0,49.66297258011485,33.915239915442186,0,Chernozem,AgroService Ltd,без примітки,2024-09-20,0,F0030
1443,F0030,FARM07,2024,Wheat,Wheat-V3,NA,NA,2024-04-25,2024-08-07,0,5.588218572782353,t_ha,5.588218572782353,1,0,32.997949754819274,150.9,3,303.60774827422574,mm,0,470.2351025072858,mm,0,17.842249265871942,0,0.5771919028135016,0.6329241688363254,0,0,0,49.66297258011485,33.915239915442186,0,Chernozem,AgroService Ltd,без примітки,2024-09-25,1,F0030
1038,F0030,FARM07,2024,Wheat,Wheat-V3,50.0596139154,ha,2024-04-25,2024-08-07,0,5.588218572782353,t_ha,5.588218572782353,0,0,32.997949754819274,150.9,3,303.60774827422574,mm,0,470.2351025072858,mm,0,17.842249265871942,0,0.4830400537699461,0.5335209429729729,0,0,0,49.66297258011485,33.915239915442186,0,Chernozem,AgroService Ltd,без примітки,2024-09-26,0,F0030
63,F0031,FARM05,2024,Soy,Soy-V3,109.5,ha,2024-04-03,2024-07-30,0,2.228302590432577,t_ha,2.228302590432577,0,0,26.67496727243997,135.5,3,0,mm,0,667.4061808153056,mm,0,19.135653902310878,0,0.5218729422427714,0.6437988625839353,0,0,0,49.35609250772931,33.76655535801966,0,Chernozem,UkrAgroTech,зрошення застосовано,2024-06-01,0,F0031
1211,F0031,FARM05,2024,Soy,Soy-V3,109.5,ha,2024-04-03,2024-07-30,0,2.228302590432577,t_ha,2.228302590432577,1,0,26.67496727243997,135.5,3,0,mm,0,667.4061808153056,mm,0,19.135653902310878,0,NA,NA,0,0,0,49.35609250772931,33.76655535801966,0,Chernozem,UkrAgroTech,зрошення застосовано,2024-06-14,0,F0031
609,F0031,FARM05,2024,Soy,Soy-V3,109.5,ha,2024-04-03,2024-07-30,0,2.228302590432577,t_ha,2.228302590432577,0,0,26.67496727243997,135.5,3,NA,NA,0,667.4061808153056,mm,0,19.135653902310878,0,0.514851987734437,0.576253523491323,0,0,0,49.35609250772931,33.76655535801966,0,Chernozem,UkrAgroTech,зрошення застосовано,2024-07-09,0,F0031
566,F0031,FARM05,2024,Soy,Soy-V3,NA,NA,2024-04-03,2024-07-30,0,2.228302590432577,t_ha,2.228302590432577,0,0,26.67496727243997,135.5,3,0,mm,0,667.4061808153056,mm,0,19.135653902310878,0,0.7465269817272201,0.8140096524031832,0,0,0,49.35609250772931,33.76655535801966,0,Chernozem,UkrAgroTech,зрошення застосовано,2024-08-10,0,F0031
936,F0031,FARM05,2024,Soy,Soy-V3,109.5,ha,2024-04-03,2024-07-30,0,2.228302590432577,t_ha,2.228302590432577,1,0,26.67496727243997,135.5,3,0,mm,0,667.4061808153056,mm,0,19.135653902310878,0,0.5394387217471376,0.6490771817509084,0,0,0,49.35609250772931,33.76655535801966,0,Chernozem,UkrAgroTech,зрошення застосовано,2024-08-12,0,F0031
1161,F0031,FARM05,2024,Soy,Soy-V3,109.5,ha,2024-04-03,2024-07-30,0,NA,NA,NA,0,0,26.67496727243997,135.5,3,0,mm,0,NA,NA,0,19.135653902310878,0,0.6270082978531718,0.7753395037958398,0,0,0,49.35609250772931,33.76655535801966,0,Chernozem,UkrAgroTech,зрошення застосовано,2024-08-30,0,F0031
1389,F0031,FARM05,2024,Soy,Soy-V3,109.5,ha,2024-04-03,2024-07-30,0,2.228302590432577,t_ha,2.228302590432577,0,0,26.67496727243997,135.5,3,0,mm,0,667.4061808153056,mm,0,19.135653902310878,0,0.4752473691711202,0.6149913391564041,0,0,0,49.35609250772931,33.76655535801966,0,Chernozem,UkrAgroTech,зрошення застосовано,2024-09-05,0,F0031
116,F0031,FARM05,2024,Soy,Soy-V3,109.5,ha,2024-04-03,2024-07-30,0,2.228302590432577,t_ha,2.228302590432577,1,0,26.67496727243997,135.5,3,0,mm,0,667.4061808153056,mm,0,19.135653902310878,0,0.6574539034860208,0.756882081599906,0,0,0,49.35609250772931,33.76655535801966,0,Chernozem,UkrAgroTech,зрошення застосовано,2024-09-06,0,F0031
1372,F0031,FARM05,2024,Soy,Soy-V3,109.5,ha,2024-04-03,2024-07-30,0,2.228302590432577,t_ha,2.228302590432577,0,0,26.67496727243997,135.5,3,0,mm,0,667.4061808153056,mm,0,19.135653902310878,0,0.4062289380468428,0.513592403777875,0,0,0,49.35609250772931,33.76655535801966,0,Chernozem,UkrAgroTech,зрошення застосовано,2024-09-18,0,F0031
248,F0032,FARM01,2024,Wheat,Wheat-V2,42.3301181532,ha,2024-05-03,2024-08-14,0,-0.44558331195730716,t_ha,-0.44558331195730716,1,1,33.50682721869089,66.1,0,135.23330679163337,mm,0,646.1757565150037,mm,0,18.733013882068917,0,0.5276806814596057,0.5962855156511068,0,0,0,49.57713327798201,32.340360407900064,0,Loam,Field Master,добре,2024-05-09,0,F0032
947,F0032,FARM01,2024,Wheat,Wheat-V2,NA,NA,2024-05-03,2024-08-14,0,7.017467534868047,t_ha,7.017467534868047,1,0,33.50682721869089,66.1,0,135.23330679163337,mm,0,646.1757565150037,mm,0,18.733013882068917,0,NA,NA,0,0,0,49.57713327798201,32.340360407900064,0,Loam,Field Master,добре,2024-06-01,0,F0032
958,F0032,FARM01,2024,Wheat,Wheat-V2,42.3301181532,ha,2024-05-03,2024-08-14,0,NA,NA,NA,0,0,33.50682721869089,66.1,0,135.23330679163337,mm,0,646.1757565150037,mm,0,18.733013882068917,0,0.6394546019379049,0.7196932145860045,0,0,0,49.57713327798201,32.340360407900064,0,NA,Field Master,добре,2024-06-24,0,F0032
965,F0032,FARM01,2024,Wheat,Wheat-V2,42.3,ha,2024-05-03,2024-08-14,0,7.017467534868047,t_ha,7.017467534868047,1,0,33.50682721869089,66.1,0,135.23330679163337,mm,0,646.1757565150037,mm,0,18.733013882068917,0,0.7481890301220119,0.8387736758915707,0,0,0,49.57713327798201,32.340360407900064,0,Loam,Field Master,добре,2024-07-02,0,F0032
503,F0032,FARM01,2024,Wheat,Wheat-V2,42.3,ha,2024-05-03,2024-08-14,0,7.017467534868047,t_ha,7.017467534868047,0,0,33.50682721869089,66.1,0,135.23330679163337,mm,0,NA,NA,0,18.733013882068917,0,0.5064060290111229,0.5883274933323264,0,0,0,49.57713327798201,32.340360407900064,0,Loam,Field Master,добре,2024-07-08,0,F0032
1387,F0032,FARM01,2024,Wheat,Wheat-V2,42.3,ha,2024-05-03,2024-08-14,0,7.017467534868047,t_ha,7.017467534868047,1,0,33.50682721869089,66.1,0,135.23330679163337,mm,0,646.1757565150037,mm,0,18.733013882068917,0,0.658117325999774,0.8052946947980673,0,0,0,49.57713327798201,32.340360407900064,0,Loam,Field Master,добре,2024-07-30,0,F0032
83,F0032,FARM01,2024,Wheat,Wheat-V2,42.3,ha,2024-05-03,2024-08-14,0,7.017467534868047,t_ha,7.017467534868047,1,0,33.50682721869089,66.1,0,135.23330679163337,mm,0,646.1757565150037,mm,0,18.733013882068917,0,0.6945473707979545,0.7771465846337378,0,0,0,49.57713327798201,32.340360407900064,0,Loam,Field Master,добре,2024-08-01,0,F0032
135,F0032,FARM01,2024,Wheat,Wheat-V2,42.3,ha,2024-05-03,2024-08-14,0,7.017467534868047,t_ha,7.017467534868047,1,0,33.50682721869089,66.1,0,135.23330679163337,mm,0,646.1757565150037,mm,0,18.733013882068917,0,0.3518874967936426,0.5,0,0,0,49.57713327798201,32.340360407900064,0,Loam,Field Master,добре,2024-08-22,0,F0032
240,F0032,FARM01,2024,Wheat,Wheat-V2,42.3,ha,2024-05-03,2024-08-14,0,7.017467534868047,t_ha,7.017467534868047,1,0,33.50682721869089,66.1,0,135.23330679163337,mm,0,646.1757565150037,mm,0,18.733013882068917,0,0.6389077306026593,0.699667236325331,0,0,0,49.57713327798201,32.340360407900064,0,Loam,Field Master,добре,2024-08-24,0,F0032
299,F0033,FARM08,2024,Sunflower,Sunflower-V5,15.3,ha,2024-05-08,2024-08-04,1,3.725355938030407,t_ha,3.725355938030407,0,0,20.60274729784578,109.3,4,0,mm,0,286.51455589570105,mm,0,17.779656806960702,0,0.3894009477458894,0.5,0,0,0,49.8927680000295,33.46568400714826,0,Chernozem,SunField Co,без примітки,2024-05-02,0,F0033
1082,F0033,FARM08,2024,Sunflower,Sunflower-V5,15.3,ha,2024-05-08,2024-08-04,0,3.725355938030407,t_ha,3.725355938030407,0,0,20.60274729784578,109.3,4,0,mm,0,286.51455589570105,mm,0,17.779656806960702,0,0.5417178151197731,0.6178344225278124,0,0,0,49.8927680000295,33.46568400714826,0,Chernozem,SunField Co,без примітки,2024-05-25,0,F0033
270,F0033,FARM08,2024,Sunflower,Sunflower-V5,15.3,ha,2024-05-08,2024-08-04,0,3.725355938030407,t_ha,3.725355938030407,0,0,20.60274729784578,109.3,4,0,mm,0,286.51455589570105,mm,0,17.779656806960702,0,0.5602142092771828,0.7082255811430513,0,0,0,49.8927680000295,33.46568400714826,0,Chernozem,SunField Co,без примітки,2024-07-11,0,F0033
662,F0033,FARM08,2024,Sunflower,Sunflower-V5,15.3,ha,2024-05-08,2024-08-04,0,NA,NA,NA,0,0,20.60274729784578,109.3,4,0,mm,0,286.51455589570105,mm,0,17.779656806960702,0,0.7956710853846743,0.9431612104177475,0,0,0,49.8927680000295,33.46568400714826,0,Chernozem,SunField Co,без примітки,2024-07-17,0,F0033
898,F0033,FARM08,2024,Sunflower,Sunflower-V5,15.3,ha,2024-05-08,2024-08-04,0,3.725355938030407,t_ha,3.725355938030407,0,0,20.60274729784578,109.3,4,0,mm,0,286.51455589570105,mm,0,17.779656806960702,0,0.5732125988230109,0.6964886378496885,0,0,0,49.8927680000295,33.46568400714826,0,Chernozem,SunField Co,без примітки,2024-07-25,0,F0033
284,F0033,FARM08,2024,Sunflower,Sunflower-V5,15.2971172676,ha,2024-05-08,2024-08-04,0,NA,NA,NA,0,0,20.60274729784578,109.3,4,0,mm,0,NA,NA,0,17.779656806960702,0,0.409313231613487,0.5,0,0,0,49.8927680000295,33.46568400714826,0,Chernozem,SunField Co,без примітки,2024-08-12,0,F0033
1282,F0033,FARM08,2024,Sunflower,Sunflower-V5,15.3,ha,2024-05-08,2024-08-04,0,3.7253559380304067,t_ha,3.7253559380304067,1,0,20.60274729784578,109.3,4,0,mm,0,286.51455589570105,mm,0,17.779656806960702,0,0.3818549445364624,0.5291153953876346,0,0,0,49.8927680000295,33.46568400714826,0,NA,SunField Co,без примітки,2024-08-19,0,F0033
783,F0033,FARM08,2024,Sunflower,Sunflower-V5,15.3,ha,2024-05-08,2024-08-04,0,3.7253559380304067,t_ha,3.7253559380304067,1,0,20.60274729784578,109.3,4,0,mm,0,286.51455589570105,mm,0,17.779656806960702,0,0.4128407289041206,0.5163204287411645,0,0,0,49.8927680000295,33.46568400714826,0,Chernozem,SunField Co,без примітки,2024-09-22,0,F0033
659,F0034,FARM08,2024,Corn,Corn-V5,68.7,ha,2024-05-04,2024-08-09,0,10.725200979970396,t_ha,10.725200979970396,1,0,33.02079915814102,195.2,0,347.7899692952633,mm,0,282.7533442527056,mm,0,16.33513083262369,0,0.8488268865272403,0.913824905268848,0,0,0,48.962404261286835,32.477248424302786,0,Loam,UkrAgroTech,норма,2024-05-15,0,F0034
55,F0034,FARM08,2024,Corn,Corn-V5,68.7,ha,2024-05-04,2024-08-09,0,10.725200979970396,t_ha,10.725200979970396,0,0,33.02079915814102,195.2,0,347.7899692952633,mm,0,282.7533442527056,mm,0,16.33513083262369,0,0.6240982003742829,0.7396479637362062,0,0,0,NA,NA,0,NA,UkrAgroTech,норма,2024-06-08,0,F0034
1322,F0034,FARM08,2024,Corn,Corn-V5,68.7,ha,2024-05-04,2024-08-09,0,10.725200979970396,t_ha,10.725200979970396,1,0,33.02079915814102,195.2,0,NA,NA,0,282.7533442527056,mm,0,16.33513083262369,0,0.675268461368978,0.7697544649941847,0,0,0,48.962404261286835,32.477248424302786,0,Loam,UkrAgroTech,норма,2024-06-30,0,F0034
1258,F0034,FARM08,2024,Corn,Corn-V5,68.7560905758,ha,2024-05-04,2024-08-09,0,10.725200979970396,t_ha,10.725200979970396,0,0,33.02079915814102,195.2,0,347.7899692952633,mm,0,282.7533442527056,mm,0,16.33513083262369,0,0.4062775966245681,0.5,0,0,0,48.962404261286835,32.477248424302786,0,Loam,UkrAgroTech,норма,2024-08-08,0,F0034
986,F0034,FARM08,2024,Corn,Corn-V5,68.7,ha,2024-05-04,2024-08-09,0,10.725200979970396,t_ha,10.725200979970396,0,0,33.02079915814102,195.2,0,347.7899692952633,mm,0,282.7533442527056,mm,0,16.33513083262369,0,NA,NA,0,0,0,48.962404261286835,32.477248424302786,0,Loam,UkrAgroTech,норма,2024-08-20,0,F0034
178,F0034,FARM08,2024,Corn,Corn-V5,68.7,ha,2024-05-04,2024-08-09,0,10.725200979970396,t_ha,10.725200979970396,0,0,33.02079915814102,195.2,0,347.7899692952633,mm,0,282.7533442527056,mm,0,16.33513083262369,0,0.7139191520633176,0.8061767862644046,0,0,0,48.962404261286835,32.477248424302786,0,Loam,UkrAgroTech,норма,2024-09-05,0,F0034
309,F0034,FARM08,2024,Corn,Corn-V5,68.7,ha,2024-05-04,2024-08-09,0,10.725200979970396,t_ha,10.725200979970396,1,0,33.02079915814102,195.2,0,347.7899692952633,mm,0,282.7533442527056,mm,0,16.33513083262369,0,0.56810857381206,0.6646920496830716,0,0,0,48.962404261286835,32.477248424302786,0,Loam,UkrAgroTech,норма,2024-09-09,0,F0034
353,F0034,FARM08,2024,Corn,Corn-V5,68.7,ha,2024-05-04,2024-08-09,0,10.725200979970396,t_ha,10.725200979970396,1,0,33.02079915814102,195.2,0,347.7899692952633,mm,0,282.7533442527056,mm,0,16.33513083262369,0,NA,NA,0,0,0,48.962404261286835,32.477248424302786,0,Loam,UkrAgroTech,норма,2024-09-15,0,F0034
593,F0034,FARM08,2024,Corn,Corn-V5,68.7,ha,2024-05-04,2024-08-09,0,10.725200979970396,t_ha,10.725200979970396,0,0,33.02079915814102,195.2,0,347.7899692952633,mm,0,282.7533442527056,mm,0,16.33513083262369,0,0.5973297392716631,0.6497781219659373,0,0,0,48.962404261286835,32.477248424302786,1,Loam,UkrAgroTech,норма,2024-09-18,0,F0034
527,F0035,FARM04,2024,Wheat,Wheat-V5,NA,NA,2024-05-08,2024-08-06,0,7.644562444882467,t_ha,7.644562444882467,0,0,27.39398499787785,11.3,5,0,mm,0,189.1412785393186,mm,0,15.657513679238036,0,0.7758876704843715,0.9093170972075313,0,0,0,49.715923784371,31.13657863499597,0,Chernozem,Field Master,посуха,2024-05-27,0,F0035
365,F0035,FARM04,2024,Wheat,Wheat-V5,27,ha,2024-05-08,2024-08-06,0,7.644562444882467,t_ha,7.644562444882467,1,0,27.39398499787785,11.3,5,0,mm,0,189.1412785393186,mm,0,15.657513679238036,0,NA,NA,0,0,0,NA,NA,0,Chernozem,Field Master,посуха,2024-05-30,0,F0035
770,F0035,FARM04,2024,Wheat,Wheat-V5,27,ha,2024-05-08,2024-08-06,0,7.644562444882467,t_ha,7.644562444882467,1,0,27.39398499787785,11.3,5,0,mm,0,NA,NA,0,15.657513679238036,0,0.6586534615140408,0.7715816768119111,0,0,0,49.715923784371,31.13657863499597,0,Chernozem,Field Master,посуха,2024-07-16,0,F0035
1134,F0035,FARM04,2024,Wheat,Wheat-V5,27.0330008856,ha,2024-05-08,2024-08-06,0,7.644562444882467,t_ha,7.644562444882467,1,0,27.39398499787785,11.3,5,0,mm,0,189.1412785393186,mm,0,15.657513679238036,0,NA,NA,0,0,0,49.715923784371,31.13657863499597,1,Chernozem,Field Master,посуха,2024-07-23,0,F0035
1384,F0035,FARM04,2024,Wheat,Wheat-V5,NA,NA,2024-05-08,2024-08-06,0,7.644562444882467,t_ha,7.644562444882467,1,0,27.39398499787785,11.3,5,0,mm,0,189.1412785393186,mm,0,15.657513679238036,0,0.36465493300929663,0.5,0,0,0,49.715923784371,31.13657863499597,0,Chernozem,Field Master,посуха,2024-08-01,0,F0035
542,F0035,FARM04,2024,Wheat,Wheat-V5,27.0330008856,ha,2024-05-08,2024-08-06,0,7.644562444882467,t_ha,7.644562444882467,0,0,27.39398499787785,11.3,5,0,mm,0,189.1412785393186,mm,0,15.657513679238036,0,NA,NA,0,0,0,49.715923784371,31.13657863499597,0,Chernozem,Field Master,посуха,2024-08-04,0,F0035
744,F0035,FARM04,2024,Wheat,Wheat-V5,27.0330008856,ha,2024-05-08,2024-08-06,0,7.644562444882467,t_ha,7.644562444882467,0,0,27.39398499787785,11.3,5,0,mm,0,189.1412785393186,mm,0,15.657513679238036,0,NA,NA,0,0,0,49.715923784371,31.13657863499597,0,Chernozem,Field Master,посуха,2024-08-06,0,F0035
964,F0035,FARM04,2024,Wheat,Wheat-V5,27,ha,2024-05-08,2024-08-06,0,7.644562444882467,t_ha,7.644562444882467,0,0,27.39398499787785,11.3,5,0,mm,0,189.1412785393186,mm,0,15.657513679238036,0,0.4854532076511532,0.59045715930406,0,0,0,49.715923784371,31.13657863499597,0,Chernozem,Field Master,посуха,2024-09-24,0,F0035
1329,F0036,FARM06,2024,Sunflower,Sunflower-V5,102.183124605,ha,2024-04-21,2024-08-07,0,NA,NA,NA,0,0,10.878711528144777,97.2,5,0,mm,0,357.3639764334075,mm,0,13.82031901855953,0,NA,NA,0,0,0,49.745543451902456,32.28799643377261,0,Chernozem,UkrAgroTech,добре,2024-05-15,0,F0036
1266,F0036,FARM06,2024,Sunflower,Sunflower-V5,102.2,ha,2024-04-21,2024-08-07,0,1.985393129149452,t_ha,1.985393129149452,0,0,10.878711528144777,97.2,5,0,mm,0,357.3639764334075,mm,0,13.82031901855953,0,0.6621883025160059,0.7641828988213092,0,0,0,49.745543451902456,32.28799643377261,0,Chernozem,UkrAgroTech,добре,2024-06-24,0,F0036
1409,F0036,FARM06,2024,Sunflower,Sunflower-V5,102.2,ha,2024-04-21,2024-08-07,0,1.985393129149452,t_ha,1.985393129149452,0,0,10.878711528144777,97.2,5,0,mm,0,357.3639764334075,mm,0,13.82031901855953,0,NA,NA,0,0,0,49.745543451902456,32.28799643377261,0,Chernozem,UkrAgroTech,добре,2024-06-25,0,F0036
1464,F0036,FARM06,2024,Sunflower,Sunflower-V5,102.2,ha,2024-04-21,2024-08-07,0,1.985393129149452,t_ha,1.985393129149452,0,0,10.878711528144777,97.2,5,0,mm,0,357.3639764334075,mm,0,13.82031901855953,0,0.6623590775066986,0.7873004112858325,0,0,0,49.745543451902456,32.28799643377261,0,Chernozem,UkrAgroTech,добре,2024-08-07,0,F0036
722,F0036,FARM06,2024,Sunflower,Sunflower-V5,102.183124605,ha,2024-04-21,2024-08-07,0,NA,NA,NA,0,0,10.878711528144777,97.2,5,0,mm,0,357.3639764334075,mm,0,13.82031901855953,0,0.5561594787519425,0.6638164118863642,0,0,0,49.745543451902456,32.28799643377261,0,Chernozem,UkrAgroTech,добре,2024-08-11,0,F0036
657,F0036,FARM06,2024,Sunflower,Sunflower-V5,102.2,ha,2024-04-21,2024-08-07,1,1.985393129149452,t_ha,1.985393129149452,1,0,10.878711528144777,97.2,5,0,mm,0,357.3639764334075,mm,0,13.82031901855953,0,0.5269612869247794,0.6668317964999004,0,0,0,49.745543451902456,32.28799643377261,0,Chernozem,UkrAgroTech,добре,2024-08-20,0,F0036
502,F0036,FARM06,2024,Sunflower,Sunflower-V5,102.183124605,ha,2024-04-21,2024-08-07,0,1.985393129149452,t_ha,1.985393129149452,1,0,10.878711528144777,97.2,5,0,mm,0,NA,NA,0,13.82031901855953,0,0.3529625904280692,0.5,0,0,0,49.745543451902456,32.28799643377261,0,NA,UkrAgroTech,добре,2024-08-29,0,F0036
511,F0036,FARM06,2024,Sunflower,Sunflower-V5,102.183124605,ha,2024-04-21,2024-08-07,0,1.985393129149452,t_ha,1.985393129149452,1,0,10.878711528144777,97.2,5,0,mm,0,357.3639764334075,mm,0,13.82031901855953,0,0.46412106023635713,0.5470097781158983,0,0,0,49.745543451902456,32.28799643377261,0,Chernozem,UkrAgroTech,добре,2024-09-17,0,F0036
1077,F0037,FARM09,2024,Wheat,Wheat-V2,NA,NA,2024-04-26,2024-09-23,0,NA,t_ha,NA,0,0,16.962209057994187,103.9,6,109.6621275646612,mm,0,469.98611208982766,mm,0,18.768763575470075,0,0.567167277354747,0.6266727868467569,0,0,0,49.38881930866651,32.95508813529835,0,Clay,Pole Plus,норма,2024-05-13,0,F0037
448,F0037,FARM09,2024,Wheat,Wheat-V2,20.5,ha,2024-04-26,2024-09-23,0,NA,t_ha,NA,0,0,16.962209057994187,103.9,6,109.6621275646612,mm,0,469.98611208982766,mm,0,18.768763575470075,0,0.502101771440357,0.5887046898715198,0,0,0,49.38881930866651,32.95508813529835,0,Clay,Pole Plus,норма,2024-06-28,0,F0037
179,F0037,FARM09,2024,Wheat,Wheat-V2,20.517562049400002,ha,2024-04-26,2024-09-23,0,NA,t_ha,NA,0,0,16.962209057994187,103.9,6,109.6621275646612,mm,0,469.98611208982766,mm,0,18.768763575470075,0,0.5581919442862272,0.6246314491843804,0,0,0,49.38881930866651,32.95508813529835,0,Clay,Pole Plus,норма,2024-07-06,0,F0037
1016,F0037,FARM09,2024,Wheat,Wheat-V2,20.5,ha,2024-04-26,2024-09-23,0,NA,t_ha,NA,0,0,16.962209057994187,103.9,6,109.6621275646612,mm,0,469.98611208982766,mm,0,18.768763575470075,0,0.5281620418187231,0.6357357845641672,0,0,0,49.38881930866651,32.95508813529835,0,Clay,Pole Plus,норма,2024-07-21,0,F0037
1165,F0037,FARM09,2024,Wheat,Wheat-V2,20.5,ha,2024-04-26,2024-09-23,0,NA,t_ha,NA,0,0,16.962209057994187,103.9,6,NA,NA,0,469.98611208982766,mm,0,18.768763575470075,0,0.498595645558089,0.5752350727329031,0,0,0,49.38881930866651,32.95508813529835,0,Clay,Pole Plus,норма,2024-08-10,0,F0037
617,F0037,FARM09,2024,Wheat,Wheat-V2,NA,NA,2024-04-26,2024-09-23,0,NA,t_ha,NA,0,0,16.962209057994187,103.9,6,109.6621275646612,mm,0,NA,NA,0,18.768763575470075,0,0.47074332463089374,0.5209794647293166,0,0,0,49.38881930866651,32.95508813529835,0,Clay,Pole Plus,норма,2024-08-23,0,F0037
812,F0037,FARM09,2024,Wheat,Wheat-V2,20.5,ha,2024-04-26,2024-09-23,0,NA,t_ha,NA,0,0,16.962209057994187,103.9,6,109.6621275646612,mm,0,469.98611208982766,mm,0,18.768763575470075,0,0.6276233472395688,0.7025394914904609,0,0,0,49.38881930866651,32.95508813529835,0,Clay,Pole Plus,норма,2024-08-24,0,F0037
660,F0037,FARM09,2024,Wheat,Wheat-V2,20.5,ha,2024-04-26,2024-09-23,0,NA,t_ha,NA,0,0,16.962209057994187,103.9,6,NA,NA,0,469.98611208982766,mm,0,18.768763575470075,0,0.7661231822799891,0.8339201821712777,0,0,0,49.38881930866651,32.95508813529835,0,Clay,Pole Plus,норма,2024-09-25,0,F0037
760,F0038,FARM12,2024,Corn,Corn-V2,117.35883618,ha,2024-04-14,2024-09-20,0,7.03525630524382,t_ha,7.03525630524382,0,0,30.462836305145174,160.3,2,155.70829702774063,mm,0,202.8187921619974,mm,0,19.772323749726638,0,0.43171509695239363,0.5594402012415229,0,0,0,48.53040262050182,28.943944481589366,0,Sandy,UkrAgroTech,без примітки,2024-05-08,0,F0038
933,F0038,FARM12,2024,Corn,Corn-V2,NA,NA,2024-04-14,2024-09-20,0,7.03525630524382,t_ha,7.03525630524382,0,0,30.462836305145174,160.3,2,155.70829702774063,mm,0,202.8187921619974,mm,0,19.772323749726638,0,0.8394039814826101,0.95,0,0,0,48.53040262050182,28.943944481589366,0,Sandy,UkrAgroTech,без примітки,2024-05-11,0,F0038
1066,F0038,FARM12,2024,Corn,Corn-V2,117.35883618,ha,2024-04-14,2024-09-20,0,NA,NA,NA,0,0,30.462836305145174,160.3,2,155.70829702774063,mm,0,202.8187921619974,mm,0,19.772323749726638,0,NA,NA,0,0,0,48.53040262050182,28.943944481589366,0,Sandy,UkrAgroTech,без примітки,2024-05-16,0,F0038
475,F0038,FARM12,2024,Corn,Corn-V2,117.35883618,ha,2024-04-14,2024-09-20,0,7.03525630524382,t_ha,7.03525630524382,0,0,30.462836305145174,160.3,2,155.70829702774063,mm,0,202.8187921619974,mm,0,19.772323749726638,0,0.676286151423119,0.8237054666038602,0,0,0,48.53040262050182,28.943944481589366,0,Sandy,UkrAgroTech,без примітки,2024-06-17,0,F0038
444,F0038,FARM12,2024,Corn,Corn-V2,117.4,ha,2024-04-14,2024-09-20,0,7.03525630524382,t_ha,7.03525630524382,0,0,30.462836305145174,160.3,2,155.70829702774063,mm,0,202.8187921619974,mm,0,19.772323749726638,0,0.6400677684228867,0.7414574187248945,0,0,0,48.53040262050182,28.943944481589366,0,Sandy,UkrAgroTech,без примітки,2024-06-22,0,F0038
1381,F0038,FARM12,2024,Corn,Corn-V2,117.4,ha,2024-04-14,2024-09-20,0,7.03525630524382,t_ha,7.03525630524382,0,0,30.462836305145174,160.3,2,155.70829702774063,mm,0,202.8187921619974,mm,0,19.772323749726638,0,0.5577610846608877,0.6327796848490834,0,0,0,48.53040262050182,28.943944481589366,0,Sandy,UkrAgroTech,без примітки,2024-08-02,0,F0038
1296,F0038,FARM12,2024,Corn,Corn-V2,117.4,ha,2024-04-14,2024-09-20,0,NA,NA,NA,0,0,30.462836305145174,160.3,2,NA,NA,0,202.8187921619974,mm,0,19.772323749726638,0,0.37052659937180576,0.5,0,0,0,48.53040262050182,28.943944481589366,0,Sandy,UkrAgroTech,без примітки,2024-09-18,0,F0038
766,F0039,FARM12,2024,Corn,Corn-V4,15,ha,2024-05-05,2024-08-31,0,6.218413362512365,t_ha,6.218413362512365,0,0,34.9502484719269,198.9,3,280.52658766973764,mm,0,227.0042717922479,mm,0,22.99271099618636,0,0.4024651672458276,0.5405350684188306,0,0,0,49.59117011536565,31.874453241174578,0,Chernozem,SunField Co,посуха,2024-05-10,0,F0039
1137,F0039,FARM12,2024,Corn,Corn-V4,15,ha,2024-05-05,2024-08-31,0,6.218413362512365,t_ha,6.218413362512365,0,0,34.9502484719269,198.9,3,280.52658766973764,mm,0,227.0042717922479,mm,0,22.99271099618636,0,0.47302122788969425,0.5255593412788585,0,0,0,49.59117011536565,31.874453241174578,0,Chernozem,SunField Co,посуха,2024-05-15,0,F0039
384,F0039,FARM12,2024,Corn,Corn-V4,15,ha,2024-05-05,2024-08-31,0,6.218413362512365,t_ha,6.218413362512365,0,0,34.9502484719269,198.9,3,280.52658766973764,mm,0,227.00427179224786,mm,0,22.99271099618636,0,0.3508707740344107,0.5,0,0,0,49.59117011536565,31.874453241174578,0,Chernozem,SunField Co,посуха,2024-05-24,0,F0039
932,F0039,FARM12,2024,Corn,Corn-V4,15,ha,2024-05-05,2024-08-31,0,6.218413362512365,t_ha,6.218413362512365,1,0,34.9502484719269,198.9,3,280.52658766973764,mm,0,227.0042717922479,mm,0,22.99271099618636,0,0.426157794566825,0.5205988716334105,0,0,0,49.59117011536565,31.874453241174578,0,Chernozem,SunField Co,посуха,2024-05-26,0,F0039
849,F0039,FARM12,2024,Corn,Corn-V4,15.0138373182,ha,2024-05-05,2024-08-31,0,6.218413362512365,t_ha,6.218413362512365,1,0,34.9502484719269,198.9,3,280.52658766973764,mm,0,227.0042717922479,mm,0,22.99271099618636,0,0.3585726816905662,0.5,0,0,0,49.59117011536565,31.874453241174578,1,Chernozem,SunField Co,посуха,2024-06-09,0,F0039
931,F0039,FARM12,2024,Corn,Corn-V4,15.0138373182,ha,2024-05-05,2024-08-31,0,6.218413362512365,t_ha,6.218413362512365,1,0,34.9502484719269,198.9,3,280.52658766973764,mm,0,227.0042717922479,mm,0,22.99271099618636,0,0.3940223122714087,0.5,0,0,0,49.59117011536565,31.874453241174578,0,Chernozem,SunField Co,посуха,2024-06-28,0,F0039
655,F0039,FARM12,2024,Corn,Corn-V4,15,ha,2024-05-05,2024-08-31,0,6.218413362512365,t_ha,6.218413362512365,1,0,34.9502484719269,198.9,3,280.52658766973764,mm,0,227.0042717922479,mm,0,22.99271099618636,0,NA,NA,0,0,0,49.59117011536565,31.874453241174578,0,Chernozem,SunField Co,посуха,2024-09-09,0,F0039
203,F0039,FARM12,2024,Corn,Corn-V4,NA,NA,2024-05-05,2024-08-31,0,6.218413362512365,t_ha,6.218413362512365,1,0,34.9502484719269,198.9,3,280.52658766973764,mm,0,227.00427179224786,mm,0,22.99271099618636,0,0.4928242007968947,0.5608457615366206,0,0,0,49.59117011536565,31.874453241174578,0,Chernozem,SunField Co,посуха,2024-09-19,0,F0039
929,F0039,FARM12,2024,Corn,Corn-V4,NA,NA,2024-05-05,2024-08-31,0,6.218413362512365,t_ha,6.218413362512365,0,0,34.9502484719269,198.9,3,280.52658766973764,mm,0,227.0042717922479,mm,0,22.99271099618636,0,0.5226666640024632,0.6631244952557609,0,0,0,49.59117011536565,31.874453241174578,0,Chernozem,SunField Co,посуха,2024-09-27,0,F0039
1243,F0040,FARM03,2024,Corn,Corn-V3,109.7507461104,ha,2024-05-02,2024-09-14,0,5.620718193938956,t_ha,5.620718193938956,1,0,12.81843763566576,194.1,6,0,mm,0,609.1534127132036,mm,0,13.06016567046754,0,0.4438090858981013,0.5526261717546731,0,0,0,49.231048672345004,30.595062955955044,0,Sandy,UkrAgroTech,добре,2024-05-08,0,F0040
199,F0040,FARM03,2024,Corn,Corn-V3,109.7507461104,ha,2024-05-02,2024-09-14,0,5.620718193938956,t_ha,5.620718193938956,0,0,12.81843763566576,194.1,6,0,mm,0,609.1534127132036,mm,0,13.06016567046754,0,NA,NA,0,0,0,49.231048672345004,30.595062955955044,0,Sandy,UkrAgroTech,добре,2024-05-12,0,F0040
765,F0040,FARM03,2024,Corn,Corn-V3,109.7507461104,ha,2024-05-02,2024-09-14,0,5.620718193938956,t_ha,5.620718193938956,0,0,12.81843763566576,194.1,6,0,mm,0,609.1534127132036,mm,0,13.06016567046754,0,0.38318230528384445,0.5,0,0,0,49.231048672345004,30.595062955955044,0,Sandy,UkrAgroTech,добре,2024-06-21,0,F0040
405,F0040,FARM03,2024,Corn,Corn-V3,109.7,ha,2024-05-02,2024-09-14,0,5.620718193938956,t_ha,5.620718193938956,0,0,12.81843763566576,194.1,6,0,mm,0,609.1534127132036,mm,0,13.06016567046754,0,0.6289530366426334,0.7338651841273531,0,0,0,49.231048672345004,30.595062955955044,0,Sandy,UkrAgroTech,добре,2024-08-05,0,F0040
1350,F0040,FARM03,2024,Corn,Corn-V3,109.7,ha,2024-05-02,2024-09-14,0,5.620718193938956,t_ha,5.620718193938956,0,0,12.81843763566576,194.1,6,0,mm,0,609.1534127132036,mm,0,13.06016567046754,0,0.4069466291926801,0.5505614784546196,0,0,0,49.231048672345004,30.595062955955044,0,Sandy,UkrAgroTech,добре,2024-08-11,0,F0040
1405,F0040,FARM03,2024,Corn,Corn-V3,109.7507461104,ha,2024-05-02,2024-09-14,0,5.620718193938956,t_ha,5.620718193938956,1,0,12.81843763566576,194.1,6,NA,NA,0,609.1534127132036,mm,0,13.06016567046754,0,0.6711329666664824,0.7224904885049909,0,0,0,49.231048672345004,30.595062955955044,0,Sandy,UkrAgroTech,добре,2024-08-23,0,F0040
793,F0040,FARM03,2024,Corn,Corn-V3,109.7,ha,2024-05-02,2024-09-14,0,5.620718193938956,t_ha,5.620718193938956,1,0,12.81843763566576,194.1,6,0,mm,0,609.1534127132036,mm,0,13.06016567046754,0,0.3627251046942547,0.5,0,0,0,49.231048672345004,30.595062955955044,0,Sandy,UkrAgroTech,добре,2024-08-28,0,F0040
1484,F0041,FARM06,2024,Sunflower,Sunflower-V5,25.1,ha,2024-04-08,2024-10-05,0,2.45502366120927,t_ha,2.45502366120927,0,0,24.47740547079593,149.1,1,0,mm,0,590.5649965978228,mm,0,16.42417799611576,0,0.4093695323914289,0.5,0,0,0,49.27202126573399,29.58394480904611,0,Loam,SunField Co,зрошення застосовано,2024-05-14,0,F0041
859,F0041,FARM06,2024,Sunflower,Sunflower-V5,25.1309783682,ha,2024-04-08,2024-10-05,0,2.45502366120927,t_ha,2.45502366120927,1,0,24.47740547079593,149.1,1,NA,NA,0,590.5649965978228,mm,0,16.42417799611576,0,0.7745571313658729,0.8557727233739569,0,0,0,49.27202126573399,29.58394480904611,0,Loam,SunField Co,зрошення застосовано,2024-05-27,0,F0041
1403,F0041,FARM06,2024,Sunflower,Sunflower-V5,25.1,ha,2024-04-08,2024-10-05,0,2.45502366120927,t_ha,2.45502366120927,0,0,24.47740547079593,149.1,1,0,mm,0,590.5649965978228,mm,0,16.42417799611576,0,0.39044277255889026,0.534712253883481,0,0,0,49.27202126573399,29.58394480904611,0,Loam,SunField Co,зрошення застосовано,2024-06-04,0,F0041
296,F0041,FARM06,2024,Sunflower,Sunflower-V5,25.1,ha,2024-04-08,2024-10-05,0,2.45502366120927,t_ha,2.45502366120927,1,0,24.47740547079593,149.1,1,0,mm,0,590.5649965978228,mm,0,16.42417799611576,0,0.8298674132907763,0.95,0,0,0,49.27202126573399,29.58394480904611,0,Loam,SunField Co,зрошення застосовано,2024-06-21,0,F0041
234,F0041,FARM06,2024,Sunflower,Sunflower-V5,25.1,ha,2024-04-08,2024-10-05,0,2.45502366120927,t_ha,2.45502366120927,0,0,24.47740547079593,149.1,1,0,mm,0,590.5649965978228,mm,0,16.42417799611576,0,0.5530925450380891,0.6103966567199677,0,0,0,49.27202126573399,29.58394480904611,0,Loam,SunField Co,зрошення застосовано,2024-06-28,0,F0041
275,F0041,FARM06,2024,Sunflower,Sunflower-V5,25.1,ha,2024-04-08,2024-10-05,0,2.45502366120927,t_ha,2.45502366120927,0,0,24.47740547079593,149.1,1,0,mm,0,590.5649965978228,mm,0,16.42417799611576,0,NA,NA,0,0,0,49.27202126573399,29.58394480904611,0,Loam,SunField Co,зрошення застосовано,2024-07-04,0,F0041
1278,F0041,FARM06,2024,Sunflower,Sunflower-V5,NA,NA,2024-04-08,2024-10-05,0,2.45502366120927,t_ha,2.45502366120927,1,0,24.47740547079593,149.1,1,NA,NA,0,590.5649965978228,mm,0,16.42417799611576,0,0.6452616675756871,0.6990458104759455,0,0,0,49.27202126573399,29.58394480904611,0,Loam,SunField Co,зрошення застосовано,2024-07-05,0,F0041
1300,F0041,FARM06,2024,Sunflower,Sunflower-V5,25.1309783682,ha,2024-04-08,2024-10-05,0,2.45502366120927,t_ha,2.45502366120927,0,0,24.47740547079593,149.1,1,0,mm,0,NA,mm,1,16.42417799611576,0,NA,NA,0,0,0,49.27202126573399,29.58394480904611,0,Loam,SunField Co,зрошення застосовано,2024-08-03,0,F0041
1127,F0041,FARM06,2024,Sunflower,Sunflower-V5,25.1,ha,2024-04-08,2024-10-05,0,2.45502366120927,t_ha,2.45502366120927,1,0,24.47740547079593,149.1,1,0,mm,0,590.5649965978228,mm,0,16.42417799611576,0,NA,NA,0,0,0,49.27202126573399,29.58394480904611,0,Loam,SunField Co,зрошення застосовано,2024-09-15,0,F0041
1276,F0042,FARM12,2024,Wheat,Wheat-V5,19.6,ha,2024-05-13,2024-08-10,0,6.732753271469846,t_ha,6.732753271469846,1,0,27.660729489987716,216.7,6,0,mm,0,494.1328864078969,mm,0,17.910219861660153,0,0.4306549306726083,0.5,0,0,0,48.85987726973416,31.057511995159093,0,Loam,Pole Plus,норма,2024-05-08,0,F0042
763,F0042,FARM12,2024,Wheat,Wheat-V5,19.6,ha,2024-05-13,2024-08-10,0,6.732753271469846,t_ha,6.732753271469846,0,0,27.660729489987716,216.7,6,0,mm,0,494.1328864078969,mm,0,17.910219861660153,0,0.6818510957760736,0.79805445112288,0,0,0,48.85987726973416,31.057511995159093,0,NA,Pole Plus,норма,2024-06-21,0,F0042
784,F0042,FARM12,2024,Wheat,Wheat-V5,NA,NA,2024-05-13,2024-08-10,0,NA,NA,NA,0,0,27.660729489987716,216.7,6,0,mm,0,494.1328864078969,mm,0,17.910219861660153,0,NA,NA,0,0,0,48.85987726973416,31.057511995159093,0,NA,Pole Plus,норма,2024-07-18,0,F0042
331,F0042,FARM12,2024,Wheat,Wheat-V5,19.6,ha,2024-05-13,2024-08-10,0,6.732753271469846,t_ha,6.732753271469846,0,0,27.660729489987716,216.7,6,0,mm,0,494.1328864078969,mm,0,17.910219861660153,0,NA,NA,0,0,0,48.85987726973416,31.057511995159093,0,Loam,Pole Plus,норма,2024-07-19,0,F0042
484,F0042,FARM12,2024,Wheat,Wheat-V5,19.6,ha,2024-05-13,2024-08-10,0,6.732753271469846,t_ha,6.732753271469846,0,0,27.660729489987716,216.7,6,0,mm,0,494.1328864078969,mm,0,17.910219861660153,0,0.48536926894448695,0.5602579056518152,0,0,0,48.85987726973416,31.057511995159093,0,Loam,Pole Plus,норма,2024-08-03,0,F0042
1417,F0042,FARM12,2024,Wheat,Wheat-V5,19.627253637,ha,2024-05-13,2024-08-10,0,6.732753271469846,t_ha,6.732753271469846,0,0,27.660729489987716,216.7,6,0,mm,0,494.1328864078969,mm,0,17.910219861660153,0,0.826705307373777,0.8965128983603791,0,0,0,48.85987726973416,31.057511995159093,0,Loam,Pole Plus,норма,2024-08-05,0,F0042
13,F0042,FARM12,2024,Wheat,Wheat-V5,19.6,ha,2024-05-13,2024-08-10,0,6.732753271469846,t_ha,6.732753271469846,1,0,27.660729489987716,216.7,6,0,mm,0,494.1328864078969,mm,0,17.910219861660153,0,0.5918853143230081,1,1,1,0,48.85987726973416,31.057511995159093,0,Loam,Pole Plus,норма,2024-08-20,0,F0042
1207,F0042,FARM12,2024,Wheat,Wheat-V5,19.6,ha,2024-05-13,2024-08-10,0,6.732753271469846,t_ha,6.732753271469846,0,0,27.660729489987716,216.7,6,0,mm,0,494.1328864078969,mm,0,17.910219861660153,0,0.5301046271575615,0.6016203592764213,0,0,0,48.85987726973416,31.057511995159093,0,Loam,Pole Plus,норма,2024-09-13,0,F0042
1462,F0042,FARM12,2024,Wheat,Wheat-V5,19.627253637,ha,2024-05-13,2024-08-10,0,NA,NA,NA,0,0,27.660729489987716,216.7,6,0,mm,0,494.1328864078969,mm,0,17.910219861660153,0,NA,NA,0,0,0,48.85987726973416,31.057511995159093,0,Loam,Pole Plus,норма,2024-09-19,0,F0042
975,F0043,FARM10,2024,Corn,Corn-V3,7.122467299200001,ha,2024-04-12,2024-08-03,0,10.715020951582119,t_ha,10.715020951582119,1,0,11.51242827414535,212.9,4,NA,NA,0,NA,NA,0,22.92213953495957,0,0.7840017735958099,0.8939403550233691,0,0,0,48.81349743588688,28.924607792825906,0,NA,UkrAgroTech,добре,2024-05-05,0,F0043
162,F0043,FARM10,2024,Corn,Corn-V3,7.1,ha,2024-04-12,2024-08-03,0,10.715020951582119,t_ha,10.715020951582119,0,0,11.51242827414535,212.9,4,0,mm,0,534.2105991323479,mm,0,22.92213953495957,0,0.49421803958248345,0.6071031762752682,0,0,0,48.81349743588688,28.924607792825906,0,Chernozem,UkrAgroTech,добре,2024-05-23,0,F0043
918,F0043,FARM10,2024,Corn,Corn-V3,7.1,ha,2024-04-12,2024-08-03,0,10.715020951582119,t_ha,10.715020951582119,0,0,11.51242827414535,212.9,4,0,mm,0,NA,NA,0,22.92213953495957,0,0.3797755489591509,0.5079294625902548,0,0,0,48.81349743588688,28.924607792825906,0,NA,UkrAgroTech,добре,2024-06-09,0,F0043
1190,F0043,FARM10,2024,Corn,Corn-V3,7.1,ha,2024-04-12,2024-08-03,0,10.715020951582119,t_ha,10.715020951582119,0,0,11.51242827414535,212.9,4,0,mm,0,534.2105991323479,mm,0,22.92213953495957,0,0.4659534231992438,0.5785950635792687,0,0,0,48.81349743588688,28.924607792825906,0,Chernozem,UkrAgroTech,добре,2024-07-07,0,F0043
696,F0043,FARM10,2024,Corn,Corn-V3,7.122467299200001,ha,2024-04-12,2024-08-03,0,10.715020951582119,t_ha,10.715020951582119,1,0,35,212.9,4,0,mm,0,534.2105991323479,mm,0,22.92213953495957,0,0.51471675783395765,0.5904094472760334,0,0,0,48.81349743588688,28.924607792825906,0,Chernozem,UkrAgroTech,добре,2024-08-16,0,F0043
846,F0043,FARM10,2024,Corn,Corn-V3,7.122467299200001,ha,2024-04-12,2024-08-03,1,10.715020951582119,t_ha,10.715020951582119,1,0,11.51242827414535,212.9,4,0,mm,0,534.2105991323479,mm,0,22.92213953495957,0,0.6818083580816164,0.7432544701499865,0,0,0,48.81349743588688,28.924607792825906,0,Chernozem,UkrAgroTech,добре,2024-09-13,0,F0043
1352,F0043,FARM10,2024,Corn,Corn-V3,7.1,ha,2024-04-12,2024-08-03,0,-0.15450943284668028,t_ha,-0.15450943284668028,1,1,11.51242827414535,212.9,4,0,mm,0,534.2105991323479,mm,0,22.92213953495957,0,0.6877445040969178,0.8310129966586828,0,0,0,48.81349743588688,28.924607792825906,0,NA,UkrAgroTech,добре,2024-09-17,0,F0043
481,F0044,FARM02,2024,Soy,Soy-V2,43,ha,2024-04-03,2024-08-16,0,2.59509133559186,t_ha,2.59509133559186,1,0,22.17825759900734,66.1,0,383.08246675878763,mm,0,302.6052708388306,mm,0,15.952172871679068,0,NA,NA,0,0,0,49.43351887770323,29.190381043586882,0,Chernozem,Field Master,перевірити,2024-05-16,0,F0044
47,F0044,FARM02,2024,Soy,Soy-V2,43,ha,2024-04-03,2024-08-16,0,NA,NA,NA,0,0,22.17825759900734,66.1,0,383.08246675878763,mm,0,302.6052708388306,mm,0,15.952172871679068,0,NA,NA,0,0,0,49.43351887770323,29.190381043586882,0,Chernozem,Field Master,перевірити,2024-06-13,0,F0044
557,F0044,FARM02,2024,Soy,Soy-V2,42.937146616199996,ha,2024-04-03,2024-08-16,0,2.59509133559186,t_ha,2.59509133559186,1,0,22.17825759900734,66.1,0,383.08246675878763,mm,0,302.6052708388306,mm,0,15.952172871679068,0,0.49078818610869346,0.5461272378684953,0,0,0,49.43351887770323,29.190381043586882,0,Chernozem,Field Master,перевірити,2024-06-17,0,F0044
1318,F0044,FARM02,2024,Soy,Soy-V2,42.937146616199996,ha,2024-04-03,2024-08-16,0,2.59509133559186,t_ha,2.59509133559186,1,0,22.17825759900734,66.1,0,383.08246675878763,mm,0,302.6052708388306,mm,0,15.952172871679068,0,0.5009813415864482,0.6233208989957347,0,1,0,49.43351887770323,29.190381043586882,0,Chernozem,Field Master,перевірити,2024-06-23,0,F0044
374,F0044,FARM02,2024,Soy,Soy-V2,43,ha,2024-04-03,2024-08-16,0,2.59509133559186,t_ha,2.59509133559186,0,0,22.17825759900734,66.1,0,383.08246675878763,mm,0,302.6052708388306,mm,0,15.952172871679068,0,0.4704146429663524,0.5316845474066213,0,0,0,49.43351887770323,29.190381043586882,0,NA,Field Master,перевірити,2024-07-13,0,F0044
255,F0044,FARM02,2024,Soy,Soy-V2,43,ha,2024-04-03,2024-08-16,0,2.59509133559186,t_ha,2.59509133559186,1,0,22.17825759900734,66.1,0,NA,NA,0,302.6052708388306,mm,0,15.952172871679068,0,0.5362419508397579,0.636215718765743,0,0,0,49.43351887770323,29.190381043586882,0,Chernozem,Field Master,перевірити,2024-08-01,0,F0044
362,F0044,FARM02,2024,Soy,Soy-V2,42.937146616199996,ha,2024-04-03,2024-08-16,0,2.59509133559186,t_ha,2.59509133559186,1,0,22.17825759900734,66.1,0,383.08246675878763,mm,0,302.6052708388306,mm,0,15.952172871679068,0,0.6704470806522295,0.8129870388656855,0,0,0,49.43351887770323,29.190381043586882,0,Chernozem,Field Master,перевірити,2024-08-06,0,F0044
917,F0044,FARM02,2024,Soy,Soy-V2,43,ha,2024-04-03,2024-08-16,0,2.59509133559186,t_ha,2.59509133559186,0,0,22.17825759900734,66.1,0,383.08246675878763,mm,0,302.6052708388306,mm,0,15.952172871679068,0,0.8057695366675034,0.9232910747872666,0,0,0,49.43351887770323,29.190381043586882,0,Chernozem,Field Master,перевірити,2024-08-11,0,F0044
909,F0045,FARM04,2024,Soy,Soy-V5,26.547378115199997,ha,2024-03-14,2024-09-05,0,NA,t_ha,NA,0,0,33.817639887332916,3.1,4,167.99084219383076,mm,0,NA,NA,0,22.452876013005152,0,0.4729833549587056,0.5777295678155496,0,0,0,48.63255987493694,29.782886407746936,0,Chernozem,SunField Co,без примітки,2024-06-07,0,F0045
1307,F0045,FARM04,2024,Soy,Soy-V5,26.5,ha,2024-03-14,2024-09-05,0,NA,t_ha,NA,0,0,33.817639887332916,3.1,4,167.99084219383076,mm,0,NA,NA,0,22.452876013005152,0,0.5364990552421659,0.6675362496403977,0,0,0,48.63255987493694,29.782886407746936,0,Chernozem,SunField Co,без примітки,2024-06-13,0,F0045
538,F0045,FARM04,2024,Soy,Soy-V5,26.547378115199997,ha,2024-03-14,2024-09-05,0,NA,t_ha,NA,0,0,33.817639887332916,3.1,4,167.99084219383076,mm,0,209.26512194564566,mm,0,22.452876013005152,0,0.8278798278421163,0.9219759472412988,0,0,0,48.63255987493694,29.782886407746936,0,Chernozem,SunField Co,без примітки,2024-06-24,0,F0045
297,F0045,FARM04,2024,Soy,Soy-V5,26.547378115199997,ha,2024-03-14,2024-09-05,0,NA,t_ha,NA,0,0,33.817639887332916,3.1,4,167.99084219383076,mm,0,209.26512194564566,mm,0,22.452876013005152,0,0.8155803458299488,0.9481816268293186,0,0,0,48.63255987493694,29.782886407746936,0,NA,SunField Co,без примітки,2024-07-25,0,F0045
1380,F0045,FARM04,2024,Soy,Soy-V5,26.5,ha,2024-03-14,2024-09-05,0,NA,t_ha,NA,0,0,33.817639887332916,3.1,4,167.99084219383076,mm,0,209.26512194564566,mm,0,22.452876013005152,0,0.3792747254716232,0.5,0,0,0,48.63255987493694,29.782886407746936,0,Chernozem,SunField Co,без примітки,2024-08-03,0,F0045
1088,F0045,FARM04,2024,Soy,Soy-V5,26.5,ha,2024-03-14,2024-09-05,0,NA,t_ha,NA,0,0,33.817639887332916,3.1,4,167.99084219383076,mm,0,209.26512194564566,mm,0,22.452876013005152,0,0.40002106365282086,0.5269233091734349,0,0,0,48.63255987493694,29.782886407746936,0,Chernozem,SunField Co,без примітки,2024-08-29,0,F0045
60,F0045,FARM04,2024,Soy,Soy-V5,26.547378115199997,ha,2024-03-14,2024-09-05,0,NA,t_ha,NA,0,0,33.817639887332916,3.1,4,167.99084219383076,mm,0,209.26512194564566,mm,0,22.452876013005152,0,0.6010450230911374,0.6867328949039802,0,0,0,48.63255987493694,29.782886407746936,0,Chernozem,SunField Co,без примітки,2024-09-23,0,F0045
839,F0046,FARM12,2024,Corn,Corn-V3,84.5,ha,2024-03-19,2024-07-30,0,11.263869379879907,t_ha,11.263869379879907,1,0,17.755124284187332,197.3,3,0,mm,0,526.8125344184227,mm,0,12.310517691774294,0,0.5502223723102361,0.605642601987347,0,0,0,49.06077132399287,30.46170370443072,0,Sandy,Field Master,посуха,2024-05-03,0,F0046
51,F0046,FARM12,2024,Corn,Corn-V3,84.5,ha,2024-03-19,2024-07-30,0,11.263869379879907,t_ha,11.263869379879907,0,0,17.755124284187332,197.3,3,0,mm,0,526.8125344184227,mm,0,12.310517691774294,0,0.7203335094032809,0.846724608913064,0,0,0,49.06077132399287,30.46170370443072,0,NA,Field Master,посуха,2024-05-07,0,F0046
528,F0046,FARM12,2024,Corn,Corn-V3,84.5,ha,2024-03-19,2024-07-30,0,11.263869379879907,t_ha,11.263869379879907,1,0,17.755124284187332,197.3,3,0,mm,0,526.8125344184227,mm,0,12.310517691774294,0,NA,NA,0,0,0,49.06077132399287,30.46170370443072,0,Sandy,Field Master,посуха,2024-05-29,0,F0046
1374,F0046,FARM12,2024,Corn,Corn-V3,84.45789348539999,ha,2024-03-19,2024-07-30,0,11.263869379879907,t_ha,11.263869379879907,0,0,17.755124284187332,197.3,3,0,mm,0,526.8125344184227,mm,0,12.310517691774294,0,0.5798852083040401,0.6621507389005273,0,0,0,49.06077132399287,30.46170370443072,0,Sandy,Field Master,посуха,2024-06-14,0,F0046
271,F0046,FARM12,2024,Corn,Corn-V3,84.5,ha,2024-03-19,2024-07-30,0,NA,NA,NA,0,0,17.755124284187332,197.3,3,0,mm,0,526.8125344184227,mm,0,12.310517691774294,0,0.6618091501528397,0.7221920530544593,0,0,0,49.06077132399287,30.46170370443072,0,Sandy,Field Master,посуха,2024-06-20,0,F0046
84,F0046,FARM12,2024,Corn,Corn-V3,84.45789348539999,ha,2024-03-19,2024-07-30,0,11.263869379879907,t_ha,11.263869379879907,0,0,17.755124284187332,197.3,3,0,mm,0,526.8125344184227,mm,0,12.310517691774294,0,0.5983642059378326,0.7454451497644186,0,0,0,49.06077132399287,30.46170370443072,0,Sandy,Field Master,посуха,2024-07-03,0,F0046
1302,F0046,FARM12,2024,Corn,Corn-V3,84.5,ha,2024-03-19,2024-07-30,0,11.263869379879907,t_ha,11.263869379879907,1,0,17.755124284187332,197.3,3,0,mm,0,526.8125344184227,mm,0,12.310517691774294,0,NA,NA,0,0,0,49.06077132399287,30.46170370443072,0,Sandy,Field Master,посуха,2024-07-31,0,F0046
1226,F0046,FARM12,2024,Corn,Corn-V3,84.5,ha,2024-03-19,2024-07-30,0,NA,NA,NA,0,0,17.755124284187332,197.3,3,0,mm,0,526.8125344184227,mm,0,12.310517691774294,0,0.3667190904030576,0.5,0,0,0,49.06077132399287,30.46170370443072,0,Sandy,Field Master,посуха,2024-08-01,0,F0046
244,F0046,FARM12,2024,Corn,Corn-V3,84.5,ha,2024-03-19,2024-07-30,1,11.263869379879907,t_ha,11.263869379879907,0,0,17.755124284187332,197.3,3,0,mm,0,526.8125344184227,mm,0,12.310517691774294,0,0.4597026318311691,0.596934060822241,0,0,0,49.06077132399287,30.46170370443072,0,Sandy,Field Master,посуха,2024-09-13,0,F0046
1080,F0047,FARM08,2024,Wheat,Wheat-V2,99.9,ha,2024-05-02,2024-07-29,0,7.8927314195316285,t_ha,7.8927314195316285,0,0,11.249815611867234,67.6,4,0,mm,0,648.8531290087849,mm,0,13.743909978074953,0,0.44126686968374995,0.5027321034343913,0,0,0,48.61786320869578,30.977074689005036,0,Chernozem,Field Master,добре,2024-06-11,0,F0047
1029,F0047,FARM08,2024,Wheat,Wheat-V2,99.91688500980001,ha,2024-05-02,2024-07-29,0,7.8927314195316285,t_ha,7.8927314195316285,0,0,11.249815611867234,67.6,4,0,mm,0,648.8531290087849,mm,0,13.743909978074953,0,0.43797363063786177,0.5,0,0,0,48.61786320869578,30.977074689005036,0,Chernozem,Field Master,добре,2024-06-17,0,F0047
1495,F0047,FARM08,2024,Wheat,Wheat-V2,NA,NA,2024-05-02,2024-07-29,0,7.8927314195316285,t_ha,7.8927314195316285,1,0,11.249815611867234,67.6,4,0,mm,0,648.8531290087849,mm,0,13.743909978074953,0,0.7382560369092971,0.8618171792011707,0,0,0,48.61786320869578,30.977074689005036,0,Chernozem,Field Master,добре,2024-07-17,0,F0047
874,F0047,FARM08,2024,Wheat,Wheat-V2,99.91688500980001,ha,2024-05-02,2024-07-29,0,NA,NA,NA,0,0,11.249815611867234,67.6,4,0,mm,0,648.8531290087849,mm,0,13.743909978074953,0,NA,NA,0,0,0,48.61786320869578,30.977074689005036,0,NA,Field Master,добре,2024-07-19,0,F0047
1477,F0047,FARM08,2024,Wheat,Wheat-V2,99.9,ha,2024-05-02,2024-07-29,0,7.8927314195316285,t_ha,7.8927314195316285,0,0,11.249815611867234,67.6,4,0,mm,0,648.8531290087849,mm,0,13.743909978074953,0,0.5322223450290039,0.6591274937381968,0,0,0,48.61786320869578,30.977074689005036,0,NA,Field Master,добре,2024-07-28,0,F0047
1401,F0047,FARM08,2024,Wheat,Wheat-V2,99.91688500980001,ha,2024-05-02,2024-07-29,0,7.8927314195316285,t_ha,7.8927314195316285,1,0,11.249815611867234,67.6,4,0,mm,0,648.8531290087849,mm,0,13.743909978074953,0,0.7336157645564526,0.8367954552173614,0,0,0,48.61786320869578,30.977074689005036,0,Chernozem,Field Master,добре,2024-08-09,0,F0047
845,F0047,FARM08,2024,Wheat,Wheat-V2,NA,NA,2024-05-02,2024-07-29,0,7.8927314195316285,t_ha,7.8927314195316285,0,0,11.249815611867234,67.6,4,0,mm,0,648.8531290087849,mm,0,13.743909978074953,0,NA,NA,0,0,0,48.61786320869578,30.977074689005036,0,Chernozem,Field Master,добре,2024-08-28,0,F0047
734,F0048,FARM10,2024,Wheat,Wheat-V1,7.1,ha,2024-04-22,2024-07-28,0,6.191566556924954,t_ha,6.191566556924954,1,0,26.46387166250497,4.1,0,NA,NA,0,180.19466057885438,mm,0,16.956649717874825,0,0.737498483993113,0.8089421090204268,0,0,0,49.01796225197799,28.747218930426985,0,Chernozem,GreenCrop,без примітки,2024-06-01,0,F0048
730,F0048,FARM10,2024,Wheat,Wheat-V1,7.122467299200001,ha,2024-04-22,2024-07-28,0,6.191566556924954,t_ha,6.191566556924954,0,0,26.46387166250497,4.1,0,384.81228700838983,mm,0,180.19466057885438,mm,0,16.956649717874825,0,NA,NA,0,0,0,49.01796225197799,28.747218930426985,0,NA,GreenCrop,без примітки,2024-06-02,0,F0048
1062,F0048,FARM10,2024,Wheat,Wheat-V1,7.1,ha,2024-04-22,2024-07-28,0,6.191566556924954,t_ha,6.191566556924954,1,0,26.46387166250497,4.1,0,384.81228700838983,mm,0,180.19466057885438,mm,0,16.956649717874825,0,NA,NA,0,0,0,49.01796225197799,28.747218930426985,0,Chernozem,GreenCrop,без примітки,2024-06-11,0,F0048
1079,F0048,FARM10,2024,Wheat,Wheat-V1,7.1,ha,2024-04-22,2024-07-28,0,6.191566556924954,t_ha,6.191566556924954,1,0,26.46387166250497,4.1,0,384.81228700838983,mm,0,180.19466057885438,mm,0,16.956649717874825,0,0.39864958289545027,0.5,0,0,0,49.01796225197799,28.747218930426985,0,Chernozem,GreenCrop,без примітки,2024-08-01,0,F0048
339,F0048,FARM10,2024,Wheat,Wheat-V1,NA,NA,2024-04-22,2024-07-28,0,6.191566556924954,t_ha,6.191566556924954,0,0,26.46387166250497,4.1,0,384.81228700838983,mm,0,NA,NA,0,16.956649717874825,0,0.5270337136695161,0.602752651879564,0,0,0,49.01796225197799,28.747218930426985,0,Chernozem,GreenCrop,без примітки,2024-08-21,0,F0048
171,F0048,FARM10,2024,Wheat,Wheat-V1,7.122467299200001,ha,2024-04-22,2024-07-28,0,6.191566556924954,t_ha,6.191566556924954,0,0,26.46387166250497,4.1,0,384.81228700838983,mm,0,180.19466057885438,mm,0,16.956649717874825,0,0.4203463975805789,0.5294956903206184,0,0,0,49.01796225197799,28.747218930426985,0,Chernozem,GreenCrop,без примітки,2024-08-25,0,F0048
175,F0048,FARM10,2024,Wheat,Wheat-V1,7.122467299200001,ha,2024-04-22,2024-07-28,0,6.191566556924954,t_ha,6.191566556924954,0,0,26.46387166250497,4.1,0,384.81228700838983,mm,0,180.19466057885438,mm,0,16.956649717874825,0,0.48847344438545404,0.5548297831788659,0,0,0,49.01796225197799,28.747218930426985,0,Chernozem,GreenCrop,без примітки,2024-09-27,0,F0048
1460,F0049,FARM05,2024,Corn,Corn-V5,88,ha,2024-04-20,2024-08-14,0,10.829807770205662,t_ha,10.829807770205662,1,0,22.617144369287416,109.1,5,0,mm,0,400.17773038707674,mm,0,13.98245380166918,0,0.5034181075403467,0.5596768126124516,0,0,0,48.84955125702871,30.407608780310955,0,NA,AgroService Ltd,перевірити,2024-05-01,0,F0049
1187,F0049,FARM05,2024,Corn,Corn-V5,87.97865857080001,ha,2024-04-20,2024-08-14,0,10.829807770205662,t_ha,10.829807770205662,0,0,22.617144369287416,109.1,5,0,mm,0,400.17773038707674,mm,0,13.98245380166918,0,0.43264362218324093,0.577308936812915,0,0,0,48.84955125702871,30.407608780310955,0,Loam,AgroService Ltd,перевірити,2024-05-09,0,F0049
160,F0049,FARM05,2024,Corn,Corn-V5,88,ha,2024-04-20,2024-08-14,0,10.829807770205662,t_ha,10.829807770205662,0,0,22.617144369287416,109.1,5,0,mm,0,400.17773038707674,mm,0,13.98245380166918,0,0.44637552127242086,0.5587405890924856,0,0,0,48.84955125702871,30.407608780310955,0,Loam,AgroService Ltd,перевірити,2024-05-24,0,F0049
262,F0049,FARM05,2024,Corn,Corn-V5,88,ha,2024-04-20,2024-08-14,0,10.829807770205662,t_ha,10.829807770205662,0,0,22.617144369287416,109.1,5,0,mm,0,400.17773038707674,mm,0,13.98245380166918,0,0.5692079530796036,0.678583501954563,0,0,0,48.84955125702871,30.407608780310955,0,NA,AgroService Ltd,перевірити,2024-06-03,0,F0049
302,F0049,FARM05,2024,Corn,Corn-V5,87.97865857080001,ha,2024-04-20,2024-08-14,0,10.829807770205662,t_ha,10.829807770205662,1,0,22.617144369287416,109.1,5,0,mm,0,NA,NA,0,13.98245380166918,0,0.6081955778878182,0.6644706059712916,0,0,0,48.84955125702871,30.407608780310955,0,Loam,AgroService Ltd,перевірити,2024-07-16,0,F0049
1252,F0049,FARM05,2024,Corn,Corn-V5,88,ha,2024-04-20,2024-08-14,0,31.006470050662756,t_ha,31.006470050662756,1,1,22.617144369287416,109.1,5,0,mm,0,NA,NA,0,13.98245380166918,0,0.5532959952484816,0.6623050223803147,0,0,0,48.84955125702871,30.407608780310955,0,Loam,AgroService Ltd,перевірити,2024-07-17,0,F0049
294,F0049,FARM05,2024,Corn,Corn-V5,87.97865857080001,ha,2024-04-20,2024-08-14,0,10.829807770205662,t_ha,10.829807770205662,1,0,22.617144369287416,109.1,5,0,mm,0,400.17773038707674,mm,0,13.98245380166918,0,0.44091479436028747,0.528983290749602,0,0,0,NA,NA,0,Loam,AgroService Ltd,перевірити,2024-08-05,0,F0049
371,F0049,FARM05,2024,Corn,Corn-V5,88,ha,2024-04-20,2024-08-14,0,10.829807770205662,t_ha,10.829807770205662,0,0,22.617144369287416,109.1,5,0,mm,0,400.17773038707674,mm,0,13.98245380166918,0,0.588420533714816,0.6533428015653043,0,0,0,48.84955125702871,30.407608780310955,0,Loam,AgroService Ltd,перевірити,2024-08-23,0,F0049
1186,F0050,FARM01,2024,Soy,Soy-V3,94.2,ha,2024-04-17,2024-10-06,0,1.6846730092074722,t_ha,1.6846730092074722,1,0,25.5337087335065,136,0,301.3413671753369,mm,0,NA,NA,0,12.098440325818956,0,0.42517500955145804,0.5177322776755318,0,0,0,49.787299213327934,28.58746999834711,0,Sandy,UkrAgroTech,посуха,2024-05-02,0,F0050
337,F0050,FARM01,2024,Soy,Soy-V3,94.1703488934,ha,2024-04-17,2024-10-06,0,1.6846730092074722,t_ha,1.6846730092074722,1,0,25.5337087335065,136,0,301.3413671753369,mm,0,412.0559656876139,mm,0,12.098440325818956,0,0.6913221995579079,0.7653220615815371,0,0,0,49.787299213327934,28.58746999834711,0,Sandy,UkrAgroTech,посуха,2024-05-07,0,F0050
250,F0050,FARM01,2024,Soy,Soy-V3,94.1703488934,ha,2024-04-17,2024-10-06,0,1.6846730092074722,t_ha,1.6846730092074722,0,0,25.5337087335065,136,0,301.3413671753369,mm,0,412.05596568761393,mm,0,12.098440325818956,0,0.6934218380134552,0.7598286890191958,0,0,0,49.787299213327934,28.58746999834711,0,Sandy,UkrAgroTech,посуха,2024-06-03,0,F0050
1108,F0050,FARM01,2024,Soy,Soy-V3,NA,NA,2024-04-17,2024-10-06,0,1.6846730092074722,t_ha,1.6846730092074722,0,0,25.5337087335065,136,0,301.3413671753369,mm,0,412.05596568761393,mm,0,12.098440325818956,0,0.6260672630975023,0.6761978153372183,0,0,0,49.787299213327934,28.58746999834711,0,Sandy,UkrAgroTech,посуха,2024-06-05,0,F0050
261,F0050,FARM01,2024,Soy,Soy-V3,NA,NA,2024-04-17,2024-10-06,0,1.6846730092074722,t_ha,1.6846730092074722,1,0,25.5337087335065,136,0,301.3413671753369,mm,0,412.05596568761393,mm,0,12.098440325818956,0,NA,NA,0,0,0,49.787299213327934,28.58746999834711,0,Sandy,UkrAgroTech,посуха,2024-06-15,0,F0050
565,F0050,FARM01,2024,Soy,Soy-V3,NA,ha,2024-04-17,2024-10-06,0,1.6846730092074722,t_ha,1.6846730092074722,0,0,25.5337087335065,136,0,301.3413671753369,mm,0,412.05596568761393,mm,0,12.098440325818956,0,0.6128650112310424,0.6944158680737018,0,0,0,49.787299213327934,28.58746999834711,0,Sandy,UkrAgroTech,посуха,2024-07-20,1,F0050
631,F0050,FARM01,2024,Soy,Soy-V3,94.2,ha,2024-04-17,2024-10-06,0,1.6846730092074722,t_ha,1.6846730092074722,1,0,25.5337087335065,136,0,301.3413671753369,mm,0,412.0559656876139,mm,0,12.098440325818956,0,0.7249024560675025,0.794709698855877,0,0,0,49.787299213327934,28.58746999834711,0,Sandy,UkrAgroTech,посуха,2024-08-23,0,F0050
1407,F0050,FARM01,2024,Soy,Soy-V3,94.2,ha,2024-04-17,2024-10-06,0,1.6846730092074722,t_ha,1.6846730092074722,0,0,25.5337087335065,136,0,301.3413671753369,mm,0,412.05596568761393,mm,0,12.098440325818956,0,0.4990900588687509,0.6352347713895141,0,0,0,49.787299213327934,28.58746999834711,0,Sandy,UkrAgroTech,посуха,2024-08-25,0,F0050
563,F0050,FARM01,2024,Soy,Soy-V3,94.2,ha,2024-04-17,2024-10-06,0,1.6846730092074722,t_ha,1.6846730092074722,0,0,25.5337087335065,136,0,301.3413671753369,mm,0,412.0559656876139,mm,0,12.098440325818956,0,0.5452874325215816,0.6107420423766597,0,0,0,49.787299213327934,28.58746999834711,0,Sandy,UkrAgroTech,посуха,2024-09-02,0,F0050
1250,F0051,FARM12,2024,Corn,Corn-V3,84.4,ha,2024-04-09,2024-09-25,0,7.271700873738155,t_ha,7.271700873738155,1,0,23.58738955296576,48.5,6,61.23316171579063,mm,0,283.2469788379967,mm,0,21.54012934677303,0,0.8080182072240859,0.9426571289310232,0,0,0,48.692686037635426,32.44254565196391,0,Loam,UkrAgroTech,добре,2024-05-15,0,F0051
1129,F0051,FARM12,2024,Corn,Corn-V3,84.4,ha,2024-04-09,2024-09-25,0,7.271700873738155,t_ha,7.271700873738155,1,0,23.58738955296576,48.5,6,61.23316171579063,mm,0,283.2469788379967,mm,0,21.54012934677303,0,0.752282212045975,0.8839628900866956,0,0,0,48.692686037635426,32.44254565196391,1,Loam,UkrAgroTech,добре,2024-05-18,0,F0051
1054,F0051,FARM12,2024,Corn,Corn-V3,84.4,ha,2024-04-09,2024-09-25,0,7.271700873738155,t_ha,7.271700873738155,0,0,23.58738955296576,48.5,6,61.23316171579063,mm,0,283.2469788379967,mm,0,21.54012934677303,0,0.7998695150250569,0.9226818932918831,0,0,0,48.692686037635426,32.44254565196391,0,Loam,UkrAgroTech,добре,2024-06-09,0,F0051
978,F0051,FARM12,2024,Corn,Corn-V3,84.4,ha,2024-04-09,2024-09-25,0,7.271700873738155,t_ha,7.271700873738155,1,0,23.58738955296576,48.5,6,61.23316171579063,mm,0,283.2469788379967,mm,0,21.54012934677303,0,0.36091406715568153,0.5,0,0,0,48.692686037635426,32.44254565196391,0,Loam,UkrAgroTech,добре,2024-06-14,0,F0051
1326,F0051,FARM12,2024,Corn,Corn-V3,NA,NA,2024-04-09,2024-09-25,0,7.271700873738155,t_ha,7.271700873738155,0,0,23.58738955296576,48.5,6,61.23316171579063,mm,0,283.2469788379967,mm,0,21.54012934677303,0,0.4841083904262632,0.539380341861397,0,0,0,48.692686037635426,32.44254565196391,0,Loam,UkrAgroTech,добре,2024-07-16,0,F0051
774,F0051,FARM12,2024,Corn,Corn-V3,84.4,ha,2024-04-09,2024-09-25,0,7.271700873738155,t_ha,7.271700873738155,0,0,23.58738955296576,48.5,6,61.23316171579063,mm,0,283.2469788379967,mm,0,21.54012934677303,0,0.8111119392793625,0.9104140351526439,0,0,0,48.692686037635426,32.44254565196391,0,Loam,UkrAgroTech,добре,2024-07-22,0,F0051
181,F0051,FARM12,2024,Corn,Corn-V3,84.4,ha,2024-04-09,2024-09-25,0,7.271700873738155,t_ha,7.271700873738155,1,0,23.58738955296576,48.5,6,61.23316171579063,mm,0,283.2469788379967,mm,0,21.54012934677303,0,0.6580150582827627,0.7654872061219066,0,0,0,48.692686037635426,32.44254565196391,0,Loam,UkrAgroTech,добре,2024-08-30,0,F0051
719,F0051,FARM12,2024,Corn,Corn-V3,84.4,ha,2024-04-09,2024-09-25,0,7.271700873738155,t_ha,7.271700873738155,0,0,23.58738955296576,48.5,6,61.23316171579063,mm,0,283.2469788379967,mm,0,21.54012934677303,0,0.7545950528234243,0.8624633096391334,0,0,0,48.692686037635426,32.44254565196391,0,Loam,UkrAgroTech,добре,2024-09-06,0,F0051
1043,F0052,FARM04,2024,Wheat,Wheat-V5,NA,NA,2024-04-15,2024-09-15,0,4.9587876938749105,t_ha,4.9587876938749105,0,0,15.2466960020829,129.8,6,0,mm,0,175.7571724941954,mm,0,17.107824750011787,0,0.7202896423637867,0.8682173523819074,0,0,0,49.35262847162364,31.40098313575378,0,Loam,Field Master,перевірити,2024-06-04,0,F0052
884,F0052,FARM04,2024,Wheat,Wheat-V5,106.4,ha,2024-04-15,2024-09-15,0,4.9587876938749105,t_ha,4.9587876938749105,1,0,15.2466960020829,129.8,6,NA,NA,0,175.7571724941954,mm,0,17.107824750011787,0,0.6578898269450292,0.7654190285131335,0,0,0,49.35262847162364,31.40098313575378,0,Loam,Field Master,перевірити,2024-06-07,0,F0052
1434,F0052,FARM04,2024,Wheat,Wheat-V5,106.4,ha,2024-04-15,2024-09-15,0,4.9587876938749105,t_ha,4.9587876938749105,0,0,15.2466960020829,129.8,6,0,mm,0,175.7571724941954,mm,0,17.107824750011787,0,NA,NA,0,0,0,49.35262847162364,31.40098313575378,0,Loam,Field Master,перевірити,2024-06-08,0,F0052
551,F0052,FARM04,2024,Wheat,Wheat-V5,106.39185528179999,ha,2024-04-15,2024-09-15,0,4.9587876938749105,t_ha,4.9587876938749105,0,0,15.2466960020829,129.8,6,0,mm,0,175.7571724941954,mm,0,17.107824750011787,0,0.3830074767116457,0.5,0,0,0,49.35262847162364,31.40098313575378,0,Loam,Field Master,перевірити,2024-06-25,0,F0052
35,F0052,FARM04,2024,Wheat,Wheat-V5,106.39185528179999,ha,2024-04-15,2024-09-15,0,4.9587876938749105,t_ha,4.9587876938749105,0,0,15.2466960020829,129.8,6,0,mm,0,NA,NA,0,17.107824750011787,0,NA,NA,0,0,0,49.35262847162364,31.40098313575378,0,Loam,Field Master,перевірити,2024-06-28,0,F0052
277,F0052,FARM04,2024,Wheat,Wheat-V5,106.4,ha,2024-04-15,2024-09-15,0,4.9587876938749105,t_ha,4.9587876938749105,1,0,15.2466960020829,129.8,6,0,mm,0,175.7571724941954,mm,0,17.107824750011787,0,0.7860832422971725,0.8503862856188789,0,0,0,49.35262847162364,31.40098313575378,0,Loam,Field Master,перевірити,2024-07-13,0,F0052
279,F0052,FARM04,2024,Wheat,Wheat-V5,106.4,ha,2024-04-15,2024-09-15,0,4.9587876938749105,t_ha,4.9587876938749105,0,0,15.2466960020829,129.8,6,0,mm,0,175.7571724941954,mm,0,17.107824750011787,0,0.8344315849477425,0.8945262908935546,0,0,0,49.35262847162364,31.40098313575378,0,Loam,Field Master,перевірити,2024-07-20,0,F0052
64,F0052,FARM04,2024,Wheat,Wheat-V5,106.4,ha,2024-04-15,2024-09-15,0,4.9587876938749105,t_ha,4.9587876938749105,1,0,15.2466960020829,129.8,6,0,mm,0,175.7571724941954,mm,0,17.107824750011787,0,0.3746969191357493,0.5,0,0,0,49.35262847162364,31.40098313575378,0,Loam,Field Master,перевірити,2024-08-21,0,F0052
603,F0053,FARM03,2024,Sunflower,Sunflower-V2,40.6,ha,2024-03-10,2024-10-04,0,4.1983244064962495,t_ha,4.1983244064962495,1,0,9.441359386779368,160,0,386.9585713953711,mm,0,611.9752018363215,mm,0,15.914453758625314,0,0.5831632336135953,0.6366021880414336,0,0,0,49.336399753715845,32.756670795050916,0,Chernozem,AgroService Ltd,посуха,2024-06-05,0,F0053
934,F0053,FARM03,2024,Sunflower,Sunflower-V2,40.6,ha,2024-03-10,2024-10-04,0,4.1983244064962495,t_ha,4.1983244064962495,1,0,35,160,0,386.9585713953711,mm,0,611.9752018363215,mm,0,15.914453758625314,0,0.6882027419283986,0.8088658826425671,0,0,0,49.336399753715845,32.756670795050916,0,NA,AgroService Ltd,посуха,2024-06-22,0,F0053
976,F0053,FARM03,2024,Sunflower,Sunflower-V2,40.6,ha,2024-03-10,2024-10-04,0,4.1983244064962495,t_ha,4.1983244064962495,0,0,9.441359386779368,160,0,386.9585713953711,mm,0,611.9752018363215,mm,0,15.914453758625314,0,NA,NA,0,0,0,49.336399753715845,32.756670795050916,0,Chernozem,AgroService Ltd,посуха,2024-08-15,0,F0053
291,F0053,FARM03,2024,Sunflower,Sunflower-V2,40.5899698926,ha,2024-03-10,2024-10-04,0,4.1983244064962495,t_ha,4.1983244064962495,0,0,9.441359386779368,160,0,386.9585713953711,mm,0,611.9752018363215,mm,0,15.914453758625314,0,0.7655231012264266,0.8702749465825036,0,0,0,49.336399753715845,32.756670795050916,0,Chernozem,AgroService Ltd,посуха,2024-08-16,0,F0053
1193,F0053,FARM03,2024,Sunflower,Sunflower-V2,40.6,ha,2024-03-10,2024-10-04,0,4.1983244064962495,t_ha,4.1983244064962495,0,0,9.441359386779368,160,0,386.9585713953711,mm,0,611.9752018363215,mm,0,15.914453758625314,0,0.7586862178519368,0.8163264096714556,0,0,0,49.336399753715845,32.756670795050916,0,Chernozem,AgroService Ltd,посуха,2024-08-21,0,F0053
912,F0053,FARM03,2024,Sunflower,Sunflower-V2,40.6,ha,2024-03-10,2024-10-04,0,4.1983244064962495,t_ha,4.1983244064962495,0,0,9.441359386779368,160,0,386.9585713953711,mm,0,611.9752018363215,mm,0,15.914453758625314,0,0.3813340207794681,0.5,0,0,0,49.336399753715845,32.756670795050916,0,NA,AgroService Ltd,посуха,2024-09-17,0,F0053
869,F0053,FARM03,2024,Sunflower,Sunflower-V2,40.5899698926,ha,2024-03-10,2024-10-04,0,NA,NA,NA,0,0,9.441359386779368,160,0,386.9585713953711,mm,0,NA,NA,0,15.914453758625314,0,0.581170822517015,0.6691885001957416,0,0,0,49.336399753715845,32.756670795050916,0,Chernozem,AgroService Ltd,посуха,2024-09-29,0,F0053
703,F0054,FARM12,2024,Wheat,Wheat-V1,99.5,ha,2024-03-31,2024-09-12,0,NA,NA,NA,0,0,11.279644238296896,202.8,4,278.0198715161532,mm,0,NA,NA,0,15.356105137616396,0,0.5609760654391721,0.6966778801986947,0,1,0,49.56398012921121,33.36538589074836,0,Loam,Pole Plus,норма,2024-05-15,0,F0054
53,F0054,FARM12,2024,Wheat,Wheat-V1,99.5,ha,2024-03-31,2024-09-12,0,NA,NA,NA,0,0,11.279644238296896,202.8,4,278.0198715161532,mm,0,663.8334121322259,mm,0,15.356105137616396,0,0.3542104977183044,0.5039019145071506,0,0,0,49.56398012921121,33.36538589074836,0,Loam,Pole Plus,норма,2024-06-14,0,F0054
671,F0054,FARM12,2024,Wheat,Wheat-V1,99.5,ha,2024-03-31,2024-09-12,0,NA,t_ha,NA,0,0,11.279644238296896,202.8,4,278.0198715161532,mm,0,663.8334121322259,mm,0,15.356105137616396,0,NA,NA,0,0,0,49.56398012921121,33.36538589074836,0,Loam,Pole Plus,норма,2024-06-20,0,F0054
1470,F0054,FARM12,2024,Wheat,Wheat-V1,99.5,ha,2024-03-31,2024-09-12,0,NA,t_ha,NA,0,0,11.279644238296896,202.8,4,278.0198715161532,mm,0,663.8334121322259,mm,0,15.356105137616396,0,0.6054212644463405,0.6812986963661387,0,0,0,49.56398012921121,33.36538589074836,0,NA,Pole Plus,норма,2024-07-29,0,F0054
169,F0054,FARM12,2024,Wheat,Wheat-V1,99.5,ha,2024-03-31,2024-09-12,0,NA,t_ha,NA,0,0,11.279644238296896,202.8,4,278.0198715161532,mm,0,663.8334121322259,mm,0,15.356105137616396,0,0.6670096869580447,0.7900122623424977,0,0,0,49.56398012921121,33.36538589074836,0,Loam,Pole Plus,норма,2024-08-13,0,F0054
888,F0054,FARM12,2024,Wheat,Wheat-V1,99.51219936780001,ha,2024-03-31,2024-09-12,0,NA,t_ha,NA,0,0,11.279644238296896,202.8,4,278.0198715161532,mm,0,663.8334121322259,mm,0,15.356105137616396,0,NA,NA,0,0,0,49.56398012921121,33.36538589074836,0,Loam,Pole Plus,норма,2024-08-20,0,F0054
1058,F0054,FARM12,2024,Wheat,Wheat-V1,99.5,ha,2024-03-31,2024-09-12,0,NA,t_ha,NA,0,0,11.279644238296896,202.8,4,278.0198715161532,mm,0,663.8334121322259,mm,0,15.356105137616396,0,0.5584723700536415,0.6105776596348732,0,0,0,49.56398012921121,33.36538589074836,0,Loam,Pole Plus,норма,2024-09-01,0,F0054
1068,F0054,FARM12,2024,Wheat,Wheat-V1,99.51219936780001,ha,2024-03-31,2024-09-12,0,NA,t_ha,NA,0,0,11.279644238296896,202.8,4,278.0198715161532,mm,0,663.8334121322259,mm,0,15.356105137616396,0,0.5646688479697332,0.7023488372797146,0,0,0,49.56398012921121,33.36538589074836,0,Loam,Pole Plus,норма,2024-09-15,0,F0054
1052,F0054,FARM12,2024,Wheat,Wheat-V1,99.5,ha,2024-03-31,2024-09-12,0,NA,t_ha,NA,0,0,11.279644238296896,202.8,4,278.0198715161532,mm,0,663.8334121322259,mm,0,15.356105137616396,0,0.4106480273418128,0.5402513026027009,0,0,0,49.56398012921121,33.36538589074836,0,Loam,Pole Plus,норма,2024-09-18,0,F0054
1346,F0055,FARM06,2024,Corn,Corn-V5,42.2,ha,2024-03-16,2024-09-27,0,11.697792859515175,t_ha,11.697792859515175,1,0,18.35420406004414,207.4,2,142.89930392988026,mm,0,369.53695686534047,mm,0,16.935861185891554,0,0.6390474817249924,0.7222751535475254,0,0,0,48.971339052139314,31.83588249845617,0,Chernozem,Pole Plus,проблема з дренажем,2024-05-24,0,F0055
523,F0055,FARM06,2024,Corn,Corn-V5,42.2,ha,2024-03-16,2024-09-27,0,NA,NA,NA,0,0,18.35420406004414,207.4,2,142.89930392988026,mm,0,369.53695686534047,mm,0,16.935861185891554,0,0.49153606723994014,0.5806672499980777,0,0,0,48.971339052139314,31.83588249845617,0,Chernozem,Pole Plus,проблема з дренажем,2024-06-13,0,F0055
590,F0055,FARM06,2024,Corn,Corn-V5,42.2,ha,2024-03-16,2024-09-27,0,11.697792859515175,t_ha,11.697792859515175,0,0,18.35420406004414,207.4,2,142.89930392988026,mm,0,369.53695686534047,mm,0,16.935861185891554,0,0.7554733311058953,0.8610782001400366,0,0,0,48.971339052139314,31.83588249845617,0,Chernozem,Pole Plus,проблема з дренажем,2024-06-24,0,F0055
807,F0055,FARM06,2024,Corn,Corn-V5,42.2,ha,2024-03-16,2024-09-27,0,11.697792859515175,t_ha,11.697792859515175,0,0,18.35420406004414,207.4,2,142.89930392988026,mm,0,369.53695686534047,mm,0,16.935861185891554,0,0.7789406675379723,0.90202821707353,0,0,0,48.971339052139314,31.83588249845617,0,Chernozem,Pole Plus,проблема з дренажем,2024-07-05,0,F0055
847,F0055,FARM06,2024,Corn,Corn-V5,42.1682438964,ha,2024-03-16,2024-09-27,0,11.697792859515175,t_ha,11.697792859515175,1,0,18.35420406004414,207.4,2,142.89930392988026,mm,0,369.53695686534047,mm,0,16.935861185891554,0,0.622777950274758,0.7127992590190843,0,0,0,48.971339052139314,31.83588249845617,0,Chernozem,Pole Plus,проблема з дренажем,2024-07-12,0,F0055
640,F0055,FARM06,2024,Corn,Corn-V5,42.1682438964,ha,2024-03-16,2024-09-27,0,11.697792859515175,t_ha,11.697792859515175,0,0,18.35420406004414,207.4,2,142.89930392988026,mm,0,369.53695686534047,mm,0,16.935861185891554,0,NA,NA,0,0,0,48.971339052139314,31.83588249845617,0,Chernozem,Pole Plus,проблема з дренажем,2024-08-21,0,F0055
445,F0055,FARM06,2024,Corn,Corn-V5,42.2,ha,2024-03-16,2024-09-27,0,11.697792859515175,t_ha,11.697792859515175,0,0,18.35420406004414,207.4,2,142.89930392988026,mm,0,369.53695686534047,mm,0,16.935861185891554,0,0.41419578788336364,0.5,0,0,0,48.971339052139314,31.83588249845617,0,Chernozem,Pole Plus,проблема з дренажем,2024-09-02,0,F0055
985,F0055,FARM06,2024,Corn,Corn-V5,NA,NA,2024-03-16,2024-09-27,0,11.697792859515175,t_ha,11.697792859515175,1,0,18.35420406004414,207.4,2,142.89930392988026,mm,0,369.53695686534047,mm,0,16.935861185891554,0,0.8057951368624344,0.8891944128321484,0,0,0,48.971339052139314,31.83588249845617,0,Chernozem,Pole Plus,проблема з дренажем,2024-09-10,0,F0055
507,F0055,FARM06,2024,Corn,Corn-V5,42.2,ha,2024-03-16,2024-09-27,0,11.697792859515175,t_ha,11.697792859515175,0,0,18.35420406004414,207.4,2,142.89930392988026,mm,0,369.53695686534047,mm,0,16.935861185891554,0,0.8463165776571259,0.95,0,0,0,48.971339052139314,31.83588249845617,0,Chernozem,Pole Plus,проблема з дренажем,2024-09-25,0,F0055
67,F0056,FARM11,2024,Corn,Corn-V1,101.9403132198,ha,2024-04-04,2024-09-18,0,5.642615462420508,t_ha,5.642615462420508,1,0,25.900315821403638,32.2,0,257.2361152037047,mm,0,203.32660430576652,mm,0,15.078384353080764,0,0.47159162887837736,0.5227037690579891,0,0,0,48.981845473898574,32.978933228631504,0,Loam,SunField Co,зрошення застосовано,2024-06-18,0,F0056
393,F0056,FARM11,2024,Corn,Corn-V1,101.9,ha,2024-04-04,2024-09-18,0,5.642615462420508,t_ha,5.642615462420508,0,0,25.900315821403638,32.2,0,257.2361152037047,mm,0,203.32660430576652,mm,0,15.078384353080764,0,0.8096917164744809,0.8824849407654255,0,0,0,48.981845473898574,32.978933228631504,0,Loam,SunField Co,зрошення застосовано,2024-06-23,0,F0056
1447,F0056,FARM11,2024,Corn,Corn-V1,101.9,ha,2024-04-04,2024-09-18,0,5.642615462420508,t_ha,5.642615462420508,0,0,25.900315821403638,32.2,0,257.2361152037047,mm,0,NA,NA,0,15.078384353080764,0,0.5164485686924308,0.6201192090520635,0,0,0,48.981845473898574,32.978933228631504,0,Loam,SunField Co,зрошення застосовано,2024-07-22,0,F0056
1306,F0056,FARM11,2024,Corn,Corn-V1,101.9,ha,2024-04-04,2024-09-18,0,5.642615462420508,t_ha,5.642615462420508,1,0,25.900315821403638,32.2,0,257.2361152037047,mm,0,203.32660430576652,mm,0,15.078384353080764,0,0.6671985994558781,0.7366943421075121,0,0,0,48.981845473898574,32.978933228631504,0,Loam,SunField Co,зрошення застосовано,2024-07-27,0,F0056
78,F0056,FARM11,2024,Corn,Corn-V1,NA,NA,2024-04-04,2024-09-18,0,5.642615462420508,t_ha,5.642615462420508,0,0,25.900315821403638,32.2,0,257.2361152037047,mm,0,203.32660430576652,mm,0,15.078384353080764,0,0.8043231818825006,0.9288007144816219,0,0,0,48.981845473898574,32.978933228631504,0,Loam,SunField Co,зрошення застосовано,2024-07-31,0,F0056
637,F0056,FARM11,2024,Corn,Corn-V1,101.9,ha,2024-04-04,2024-09-18,0,5.642615462420508,t_ha,5.642615462420508,0,0,25.900315821403638,32.2,0,257.2361152037047,mm,0,NA,NA,0,15.078384353080764,0,0.7937756934203207,0.8822872768389061,0,0,0,48.981845473898574,32.978933228631504,0,Loam,SunField Co,зрошення застосовано,2024-08-09,0,F0056
622,F0056,FARM11,2024,Corn,Corn-V1,101.9403132198,ha,2024-04-04,2024-09-18,0,5.642615462420508,t_ha,5.642615462420508,1,0,25.900315821403638,32.2,0,257.2361152037047,mm,0,203.32660430576652,mm,0,15.078384353080764,0,0.737108314782381,0.8147671318612992,0,0,0,48.981845473898574,32.978933228631504,0,Loam,SunField Co,зрошення застосовано,2024-09-05,0,F0056
165,F0056,FARM11,2024,Corn,Corn-V1,101.9,ha,2024-04-04,2024-09-18,0,5.642615462420508,t_ha,5.642615462420508,1,0,25.900315821403638,32.2,0,257.2361152037047,mm,0,203.3266043057665,mm,0,15.078384353080764,0,0.3854346391977742,0.5,0,0,0,48.981845473898574,32.978933228631504,0,Loam,SunField Co,зрошення застосовано,2024-09-07,0,F0056
1339,F0056,FARM11,2024,Corn,Corn-V1,101.9,ha,2024-04-04,2024-09-18,0,5.642615462420508,t_ha,5.642615462420508,0,0,25.900315821403638,32.2,0,NA,NA,0,203.3266043057665,mm,0,15.078384353080764,0,0.4978078219806775,0.625846078665927,0,0,0,48.981845473898574,32.978933228631504,0,Loam,SunField Co,зрошення застосовано,2024-09-25,0,F0056
1049,F0057,FARM05,2024,Soy,Soy-V2,69,ha,2024-03-26,2024-10-14,0,1.6633070083335042,t_ha,1.6633070083335042,1,0,32.87230269191787,91.5,1,NA,NA,0,586.8106604553759,mm,0,20.688620487460867,0,0.5983674349496141,0.7311728879576549,0,0,0,48.68904715656815,28.613999391891063,0,Sandy,Pole Plus,посуха,2024-05-03,0,F0057
1158,F0057,FARM05,2024,Soy,Soy-V2,69,ha,2024-03-26,2024-10-14,0,1.6633070083335042,t_ha,1.6633070083335042,0,0,32.87230269191787,91.5,1,NA,NA,0,586.8106604553759,mm,0,20.688620487460867,0,0.7294456855393946,0.840235873684287,0,0,0,48.68904715656815,28.613999391891063,0,Sandy,Pole Plus,посуха,2024-06-18,0,F0057
513,F0057,FARM05,2024,Soy,Soy-V2,69,ha,2024-03-26,2024-10-14,0,1.6633070083335042,t_ha,1.6633070083335042,1,0,32.87230269191787,91.5,1,330.3481686511077,mm,0,586.8106604553759,mm,0,20.688620487460867,0,0.41909796863328663,0.5,0,0,0,48.68904715656815,28.613999391891063,0,Sandy,Pole Plus,посуха,2024-06-28,0,F0057
679,F0057,FARM05,2024,Soy,Soy-V2,69,ha,2024-03-26,2024-10-14,0,1.6633070083335042,t_ha,1.6633070083335042,0,0,32.87230269191787,91.5,1,330.3481686511077,mm,0,586.8106604553759,mm,0,20.688620487460867,0,0.3713495766511187,0.5149269769201055,0,0,0,48.68904715656815,28.613999391891063,0,Sandy,Pole Plus,посуха,2024-07-04,0,F0057
1020,F0057,FARM05,2024,Soy,Soy-V2,69,ha,2024-03-26,2024-10-14,0,1.6633070083335042,t_ha,1.6633070083335042,0,0,32.87230269191787,91.5,1,330.3481686511077,mm,0,586.8106604553759,mm,0,20.688620487460867,0,0.4116741562262177,0.5,0,0,0,48.68904715656815,28.613999391891063,0,Sandy,Pole Plus,посуха,2024-07-08,0,F0057
343,F0057,FARM05,2024,Soy,Soy-V2,69,ha,2024-03-26,2024-10-14,0,1.6633070083335042,t_ha,1.6633070083335042,0,0,32.87230269191787,91.5,1,330.3481686511077,mm,0,586.8106604553759,mm,0,20.688620487460867,0,0.7041072232183069,0.7663096049102023,0,0,0,48.68904715656815,28.613999391891063,0,Sandy,Pole Plus,посуха,2024-07-09,0,F0057
540,F0057,FARM05,2024,Soy,Soy-V2,69,ha,2024-03-26,2024-10-14,0,1.6633070083335042,t_ha,1.6633070083335042,1,0,32.87230269191787,91.5,1,NA,NA,0,586.8106604553759,mm,0,20.688620487460867,0,0.5134354667039588,0.6273649699287489,0,0,0,48.68904715656815,28.613999391891063,0,Sandy,Pole Plus,посуха,2024-08-10,0,F0057
1008,F0057,FARM05,2024,Soy,Soy-V2,69,ha,2024-03-26,2024-10-14,0,1.6633070083335042,t_ha,1.6633070083335042,1,0,32.87230269191787,91.5,1,330.3481686511077,mm,0,586.8106604553759,mm,0,20.688620487460867,0,0.5347851226339116,0.6651019740384072,0,0,0,48.68904715656815,28.613999391891063,0,Sandy,Pole Plus,посуха,2024-09-14,0,F0057
1357,F0058,FARM01,2024,Wheat,Wheat-V5,9.3887068944,ha,2024-04-14,2024-10-08,0,5.16768832411617,t_ha,5.16768832411617,0,0,27.77602813160047,35.3,5,0,mm,0,661.4985143765807,mm,0,12.695475316839293,0,0.8217158108251169,0.9348083394579589,0,0,0,49.18076005902374,30.89629959314363,0,Chernozem,Field Master,проблема з дренажем,2024-05-14,0,F0058
786,F0058,FARM01,2024,Wheat,Wheat-V5,9.4,ha,2024-04-14,2024-10-08,0,5.16768832411617,t_ha,5.16768832411617,1,0,27.77602813160047,35.3,5,0,mm,0,661.4985143765807,mm,0,12.695475316839293,0,0.4089540941873565,0.5519856336992234,0,0,0,49.18076005902374,30.89629959314363,0,Chernozem,Field Master,проблема з дренажем,2024-07-04,0,F0058
38,F0058,FARM01,2024,Wheat,Wheat-V5,9.3887068944,ha,2024-04-14,2024-10-08,0,5.16768832411617,t_ha,5.16768832411617,1,0,27.77602813160047,35.3,5,0,mm,0,661.4985143765807,mm,0,12.695475316839293,0,0.3958326630759984,0.5,0,0,0,49.18076005902374,30.89629959314363,1,Chernozem,Field Master,проблема з дренажем,2024-08-14,0,F0058
871,F0058,FARM01,2024,Wheat,Wheat-V5,NA,ha,2024-04-14,2024-10-08,0,5.16768832411617,t_ha,5.16768832411617,1,0,27.77602813160047,35.3,5,0,mm,0,661.4985143765807,mm,0,12.695475316839293,0,0.7934880877379328,0.8608570974087343,0,0,0,NA,NA,0,Chernozem,Field Master,проблема з дренажем,2024-08-25,1,F0058
1452,F0058,FARM01,2024,Wheat,Wheat-V5,9.3887068944,ha,2024-04-14,2024-10-08,0,5.16768832411617,t_ha,5.16768832411617,1,0,27.77602813160047,35.3,5,NA,NA,0,661.4985143765807,mm,0,12.695475316839293,0,0.5312683537136763,0.6517092523397877,0,0,0,49.18076005902374,30.89629959314363,0,Chernozem,Field Master,проблема з дренажем,2024-08-29,0,F0058
600,F0058,FARM01,2024,Wheat,Wheat-V5,9.4,ha,2024-04-14,2024-10-08,0,5.16768832411617,t_ha,5.16768832411617,0,0,27.77602813160047,35.3,5,0,mm,0,NA,NA,0,12.695475316839293,0,0.37827992511447517,0.5,0,0,0,49.18076005902374,30.89629959314363,0,Chernozem,Field Master,проблема з дренажем,2024-09-02,0,F0058
532,F0058,FARM01,2024,Wheat,Wheat-V5,9.4,ha,2024-04-14,2024-10-08,0,5.16768832411617,t_ha,5.16768832411617,1,0,27.77602813160047,35.3,5,0,mm,0,661.4985143765807,mm,0,12.695475316839293,0,0.5603553145425394,0.7029571535065771,0,0,0,49.18076005902374,30.89629959314363,0,Chernozem,Field Master,проблема з дренажем,2024-09-08,0,F0058
1217,F0059,FARM09,2024,Soy,Soy-V3,65.6,ha,2024-04-02,2024-08-18,0,2.1812831840943545,t_ha,2.1812831840943545,1,0,35,107.5,4,NA,NA,0,556.7708818241954,mm,0,14.91598909208551,0,0.3758509322302416,0.5,0,0,0,49.76617471058527,30.517252327460795,0,Loam,Field Master,проблема з дренажем,2024-05-30,0,F0059
902,F0059,FARM09,2024,Soy,Soy-V3,65.64001113239999,ha,2024-04-02,2024-08-18,0,2.1812831840943545,t_ha,2.1812831840943545,0,0,29.135752563364804,107.5,4,184.67664164490998,mm,0,556.7708818241954,mm,0,14.91598909208551,0,0.4359249731292948,0.51622489313595,0,0,0,49.76617471058527,30.517252327460795,0,Loam,Field Master,проблема з дренажем,2024-06-27,0,F0059
739,F0059,FARM09,2024,Soy,Soy-V3,65.64001113239999,ha,2024-04-02,2024-08-18,0,2.1812831840943545,t_ha,2.1812831840943545,0,0,29.135752563364804,107.5,4,184.67664164490998,mm,0,NA,NA,0,14.91598909208551,0,0.5019010892370716,0.6033793171634897,0,0,0,49.76617471058527,30.517252327460795,0,NA,Field Master,проблема з дренажем,2024-07-10,0,F0059
92,F0059,FARM09,2024,Soy,Soy-V3,65.64001113239999,ha,2024-04-02,2024-08-18,0,2.1812831840943545,t_ha,2.1812831840943545,1,0,29.135752563364804,107.5,4,184.67664164490998,mm,0,556.7708818241954,mm,0,14.91598909208551,0,0.591373129771091,0.6964285501977429,0,0,0,49.76617471058527,30.517252327460795,0,Loam,Field Master,проблема з дренажем,2024-07-11,0,F0059
139,F0059,FARM09,2024,Soy,Soy-V3,65.6,ha,2024-04-02,2024-08-18,0,2.1812831840943545,t_ha,2.1812831840943545,1,0,29.135752563364804,107.5,4,184.67664164490998,mm,0,556.7708818241954,mm,0,14.91598909208551,0,0.6462935410905629,0.7813118838937954,0,0,0,49.76617471058527,30.517252327460795,0,Loam,Field Master,проблема з дренажем,2024-08-18,0,F0059
370,F0059,FARM09,2024,Soy,Soy-V3,65.6,ha,2024-04-02,2024-08-18,0,2.1812831840943545,t_ha,2.1812831840943545,0,0,29.135752563364804,107.5,4,184.67664164490998,mm,0,556.7708818241954,mm,0,14.91598909208551,0,0.7358915698947385,0.7886573870200664,0,0,0,49.76617471058527,30.517252327460795,0,Loam,Field Master,проблема з дренажем,2024-08-20,0,F0059
212,F0059,FARM09,2024,Soy,Soy-V3,65.64001113239999,ha,2024-04-02,2024-08-18,0,NA,NA,NA,0,0,29.135752563364804,107.5,4,184.67664164490998,mm,0,NA,NA,0,14.91598909208551,0,NA,NA,0,0,0,49.76617471058527,30.517252327460795,0,Loam,Field Master,проблема з дренажем,2024-09-01,0,F0059
916,F0059,FARM09,2024,Soy,Soy-V3,65.6,ha,2024-04-02,2024-08-18,0,2.1812831840943545,t_ha,2.1812831840943545,0,0,29.135752563364804,107.5,4,184.67664164490998,mm,0,NA,NA,0,14.91598909208551,0,0.49727014896925537,0.5802206944674253,0,0,0,49.76617471058527,30.517252327460795,0,NA,Field Master,проблема з дренажем,2024-09-10,0,F0059
1274,F0060,FARM07,2024,Wheat,Wheat-V3,56.7,ha,2024-05-11,2024-07-25,0,5.564975157147273,t_ha,5.564975157147273,1,0,14.346865569241345,79.2,4,178.00424641463906,mm,0,371.92779190372676,mm,0,19.12585721234791,0,0.4716379824327305,0.5396510370774195,0,0,0,49.61297252285387,32.2830915608597,0,Chernozem,Field Master,норма,2024-05-04,0,F0060
802,F0060,FARM07,2024,Wheat,Wheat-V3,56.7,ha,2024-05-11,2024-07-25,0,5.564975157147273,t_ha,5.564975157147273,1,0,14.346865569241345,79.2,4,178.00424641463906,mm,0,371.92779190372676,mm,0,19.12585721234791,0,0.6692459106212482,0.7637263517826796,0,0,0,49.61297252285387,32.2830915608597,0,Chernozem,Field Master,норма,2024-05-15,0,F0060
644,F0060,FARM07,2024,Wheat,Wheat-V3,56.7,ha,2024-05-11,2024-07-25,0,5.564975157147273,t_ha,5.564975157147273,1,0,14.346865569241345,79.2,4,178.00424641463906,mm,0,371.92779190372676,mm,0,19.12585721234791,0,0.4040157032664865,0.523391741886735,0,0,0,49.61297252285387,32.2830915608597,0,Chernozem,Field Master,норма,2024-05-28,0,F0060
1411,F0060,FARM07,2024,Wheat,Wheat-V3,56.7,ha,2024-05-11,2024-07-25,0,5.564975157147273,t_ha,5.564975157147273,1,0,14.346865569241345,79.2,4,178.00424641463906,mm,0,371.92779190372676,mm,0,19.12585721234791,0,NA,NA,0,0,0,49.61297252285387,32.2830915608597,0,Chernozem,Field Master,норма,2024-05-30,0,F0060
1436,F0060,FARM07,2024,Wheat,Wheat-V3,NA,NA,2024-05-11,2024-07-25,0,5.564975157147273,t_ha,5.564975157147273,0,0,14.346865569241345,79.2,4,178.00424641463906,mm,0,371.92779190372676,mm,0,19.12585721234791,0,0.8266305573284626,0.9255823170300572,0,0,0,49.61297252285387,32.2830915608597,0,Chernozem,Field Master,норма,2024-08-05,0,F0060
504,F0060,FARM07,2024,Wheat,Wheat-V3,56.6964584442,ha,2024-05-11,2024-07-25,0,NA,NA,NA,0,0,14.346865569241345,79.2,4,178.00424641463906,mm,0,371.92779190372676,mm,0,19.12585721234791,0,0.5315578121459111,0.6378549893386661,0,0,0,49.61297252285387,32.2830915608597,0,NA,Field Master,норма,2024-08-15,0,F0060
437,F0060,FARM07,2024,Wheat,Wheat-V3,56.7,ha,2024-05-11,2024-07-25,0,5.564975157147273,t_ha,5.564975157147273,0,0,14.346865569241345,79.2,4,178.00424641463906,mm,0,371.92779190372676,mm,0,19.12585721234791,0,0.6115628006169572,0.7543911234242842,0,0,0,49.61297252285387,32.2830915608597,0,Chernozem,Field Master,норма,2024-09-08,0,F0060
731,F0061,FARM05,2024,Corn,Corn-V3,60.62190917160001,ha,2024-05-13,2024-10-12,0,NA,t_ha,NA,0,0,19.504111729795113,76.4,6,307.6109573361464,mm,0,298.7596017308533,mm,0,13.747323927702382,0,0.4459016844863072,0.5666980724548921,0,0,0,49.882411058881786,31.75244216183573,0,Chernozem,Field Master,посуха,2024-05-22,0,F0061
446,F0061,FARM05,2024,Corn,Corn-V3,60.6,ha,2024-05-13,2024-10-12,0,NA,t_ha,NA,0,0,19.504111729795113,76.4,6,307.6109573361464,mm,0,298.7596017308533,mm,0,13.747323927702382,0,0.6554206501692533,0.7869534462923184,0,0,0,49.882411058881786,31.75244216183573,0,Chernozem,Field Master,посуха,2024-06-05,0,F0061
607,F0061,FARM05,2024,Corn,Corn-V3,NA,NA,2024-05-13,2024-10-12,0,NA,t_ha,NA,0,0,19.504111729795113,76.4,6,307.6109573361464,mm,0,298.7596017308533,mm,0,13.747323927702382,0,NA,NA,0,0,0,49.882411058881786,31.75244216183573,0,Chernozem,Field Master,посуха,2024-06-21,0,F0061
333,F0061,FARM05,2024,Corn,Corn-V3,NA,NA,2024-05-13,2024-10-12,0,NA,t_ha,NA,0,0,19.504111729795113,76.4,6,307.6109573361464,mm,0,298.7596017308533,mm,0,13.747323927702382,0,0.4061837384011596,0.5480313897365704,0,0,0,49.882411058881786,31.75244216183573,0,NA,Field Master,посуха,2024-06-27,0,F0061
713,F0061,FARM05,2024,Corn,Corn-V3,NA,NA,2024-05-13,2024-10-12,0,NA,t_ha,NA,0,0,19.504111729795113,76.4,6,NA,NA,0,298.7596017308533,mm,0,13.747323927702382,0,0.38268922003917394,0.5,0,0,0,49.882411058881786,31.75244216183573,0,Chernozem,Field Master,посуха,2024-07-22,0,F0061
632,F0061,FARM05,2024,Corn,Corn-V3,60.62190917160001,ha,2024-05-13,2024-10-12,0,NA,t_ha,NA,0,0,19.504111729795113,76.4,6,307.6109573361464,mm,0,298.7596017308533,mm,0,13.747323927702382,0,0.740281370957382,0.823467463441193,0,0,0,49.882411058881786,31.75244216183573,0,Chernozem,Field Master,посуха,2024-08-15,0,F0061
899,F0061,FARM05,2024,Corn,Corn-V3,60.6,ha,2024-05-13,2024-10-12,0,NA,t_ha,NA,0,0,19.504111729795113,76.4,6,307.6109573361464,mm,0,298.7596017308533,mm,0,13.747323927702382,0,0.4849092322634533,0.5511025121202692,0,0,0,49.882411058881786,31.75244216183573,0,Chernozem,Field Master,посуха,2024-08-28,0,F0061
666,F0061,FARM05,2024,Corn,Corn-V3,60.62190917160001,ha,2024-05-13,2024-10-12,0,NA,t_ha,NA,0,0,19.504111729795113,76.4,6,307.6109573361464,mm,0,298.7596017308533,mm,0,13.747323927702382,0,0.6343575115548447,0.7265924636973068,0,0,0,49.882411058881786,31.75244216183573,0,Chernozem,Field Master,посуха,2024-09-03,0,F0061
406,F0061,FARM05,2024,Corn,Corn-V3,60.62190917160001,ha,2024-05-13,2024-10-12,0,NA,t_ha,NA,0,0,19.504111729795113,76.4,6,307.6109573361464,mm,0,NA,NA,0,13.747323927702382,0,0.46630608327686784,0.5509160685585811,0,0,0,49.882411058881786,31.75244216183573,0,Chernozem,Field Master,посуха,2024-09-04,0,F0061
1155,F0061,FARM05,2024,Corn,Corn-V3,60.6,ha,2024-05-13,2024-10-12,0,NA,t_ha,NA,0,0,19.504111729795113,76.4,6,307.6109573361464,mm,0,298.7596017308533,mm,0,13.747323927702382,0,NA,NA,0,0,0,49.882411058881786,31.75244216183573,0,Chernozem,Field Master,посуха,2024-09-26,0,F0061
1007,F0062,FARM09,2024,Wheat,Wheat-V1,90.4,ha,2024-03-16,2024-09-26,0,4.418003676226363,t_ha,4.418003676226363,0,0,25.066392104607075,90.6,3,0,mm,0,413.5354637634009,mm,0,16.50783714442514,0,0.623239879636094,0.7556941800983623,0,0,0,49.80851256471407,31.566230955846144,0,Chernozem,Pole Plus,проблема з дренажем,2024-05-21,0,F0062
356,F0062,FARM09,2024,Wheat,Wheat-V1,90.4,ha,2024-03-16,2024-09-26,0,4.418003676226363,t_ha,4.418003676226363,0,0,25.066392104607075,90.6,3,0,mm,0,NA,NA,0,16.50783714442514,0,0.49306932839099316,0.6378395348787307,0,0,0,49.80851256471407,31.566230955846144,0,Chernozem,Pole Plus,проблема з дренажем,2024-05-23,0,F0062
229,F0062,FARM09,2024,Wheat,Wheat-V1,NA,NA,2024-03-16,2024-09-26,0,4.418003676226363,t_ha,4.418003676226363,1,0,25.066392104607075,90.6,3,0,mm,0,413.5354637634009,mm,0,16.50783714442514,0,0.6443052556365728,0.7218185655074194,0,0,0,49.80851256471407,31.566230955846144,0,Chernozem,Pole Plus,проблема з дренажем,2024-06-08,0,F0062
1131,F0062,FARM09,2024,Wheat,Wheat-V1,90.447240987,ha,2024-03-16,2024-09-26,0,4.418003676226363,t_ha,4.418003676226363,0,0,25.066392104607075,90.6,3,0,mm,0,413.5354637634009,mm,0,16.50783714442514,0,0.4379887103801593,0.5162684160750359,0,0,0,49.80851256471407,31.566230955846144,0,Chernozem,Pole Plus,проблема з дренажем,2024-06-19,0,F0062
34,F0062,FARM09,2024,Wheat,Wheat-V1,NA,NA,2024-03-16,2024-09-26,0,4.418003676226363,t_ha,4.418003676226363,0,0,25.066392104607075,90.6,3,0,mm,0,413.5354637634009,mm,0,16.50783714442514,0,0.7957924272865057,0.846085999161005,0,0,0,49.80851256471407,31.566230955846144,0,Chernozem,Pole Plus,проблема з дренажем,2024-07-09,0,F0062
1343,F0062,FARM09,2024,Wheat,Wheat-V1,90.4,ha,2024-03-16,2024-09-26,0,4.418003676226363,t_ha,4.418003676226363,1,0,25.066392104607075,90.6,3,0,mm,0,413.5354637634009,mm,0,16.50783714442514,0,0.4063294049352407,0.5,0,0,0,49.80851256471407,31.566230955846144,0,Chernozem,Pole Plus,проблема з дренажем,2024-07-16,0,F0062
901,F0062,FARM09,2024,Wheat,Wheat-V1,90.447240987,ha,2024-03-16,2024-09-26,0,4.418003676226363,t_ha,4.418003676226363,1,0,25.066392104607075,90.6,3,0,mm,0,413.5354637634009,mm,0,16.50783714442514,0,0.8259506091941148,0.95,0,0,0,49.80851256471407,31.566230955846144,0,NA,Pole Plus,проблема з дренажем,2024-09-04,0,F0062
315,F0062,FARM09,2024,Wheat,Wheat-V1,90.4,ha,2024-03-16,2024-09-26,0,4.418003676226363,t_ha,4.418003676226363,0,0,25.066392104607075,90.6,3,0,mm,0,413.5354637634009,mm,0,16.50783714442514,0,0.30596251515205947,0.5,0,1,0,49.80851256471407,31.566230955846144,0,Chernozem,Pole Plus,проблема з дренажем,2024-09-24,0,F0062
1092,F0063,FARM02,2024,Corn,Corn-V2,27.1,ha,2024-03-10,2024-09-21,0,5.591409159824252,t_ha,5.591409159824252,0,0,13.186535700690001,201.6,1,313.34581619594246,mm,0,438.1866673473269,mm,0,21.33092327415943,0,0.6422555028926581,0.7190379320643842,0,0,0,49.96069988476997,31.866894032699058,0,Loam,Pole Plus,зрошення застосовано,2024-06-25,0,F0063
1109,F0063,FARM02,2024,Corn,Corn-V2,27.073469449800005,ha,2024-03-10,2024-09-21,0,5.591409159824252,t_ha,5.591409159824252,1,0,13.186535700690001,201.6,1,313.34581619594246,mm,0,438.1866673473269,mm,0,21.33092327415943,0,0.7086136209778487,0.8519480258459224,0,0,0,49.96069988476997,31.866894032699058,0,Loam,Pole Plus,зрошення застосовано,2024-06-26,0,F0063
1102,F0063,FARM02,2024,Corn,Corn-V2,27.1,ha,2024-03-10,2024-09-21,0,5.591409159824252,t_ha,5.591409159824252,0,0,13.186535700690001,201.6,1,313.34581619594246,mm,0,438.1866673473269,mm,0,21.33092327415943,0,0.5363936914596706,0.6084647223819047,0,0,0,49.96069988476997,31.866894032699058,0,Loam,Pole Plus,зрошення застосовано,2024-07-05,0,F0063
1327,F0063,FARM02,2024,Corn,Corn-V2,27.073469449800005,ha,2024-03-10,2024-09-21,0,NA,NA,NA,0,0,13.186535700690001,201.6,1,313.34581619594246,mm,0,438.1866673473269,mm,0,21.33092327415943,0,NA,NA,0,0,0,49.96069988476997,31.866894032699058,0,Loam,Pole Plus,зрошення застосовано,2024-07-19,0,F0063
1338,F0063,FARM02,2024,Corn,Corn-V2,27.1,ha,2024-03-10,2024-09-21,0,-0.14155789779033512,t_ha,-0.14155789779033512,0,1,13.186535700690001,201.6,1,313.34581619594246,mm,0,438.1866673473269,mm,0,21.33092327415943,0,0.42507130003068594,0.5453637055587023,0,0,0,49.96069988476997,31.866894032699058,1,Loam,Pole Plus,зрошення застосовано,2024-08-11,0,F0063
715,F0063,FARM02,2024,Corn,Corn-V2,27.1,ha,2024-03-10,2024-09-21,0,NA,NA,NA,0,0,13.186535700690001,201.6,1,313.34581619594246,mm,0,438.1866673473269,mm,0,21.33092327415943,0,0.5999669005628675,0.7152890677098185,0,0,0,49.96069988476997,31.866894032699058,0,Loam,Pole Plus,зрошення застосовано,2024-08-22,0,F0063
103,F0063,FARM02,2024,Corn,Corn-V2,27.1,ha,2024-03-10,2024-09-21,0,NA,NA,NA,0,0,35,201.6,1,313.34581619594246,mm,0,438.1866673473269,mm,0,21.33092327415943,0,0.8092988324584439,0.8661559864645824,0,0,0,49.96069988476997,31.866894032699058,0,Loam,Pole Plus,зрошення застосовано,2024-09-08,0,F0063
1116,F0064,FARM03,2024,Wheat,Wheat-V3,57.9,ha,2024-05-02,2024-08-24,0,3.405883757630363,t_ha,3.405883757630363,0,0,24.34519357350655,206,2,348.50384613964707,mm,0,469.225350394845,mm,0,17.54613612871617,0,NA,NA,0,0,0,48.83223545020539,32.1746045597787,0,Chernozem,SunField Co,перевірити,2024-05-01,0,F0064
283,F0064,FARM03,2024,Wheat,Wheat-V3,57.9,ha,2024-05-02,2024-08-24,0,3.405883757630363,t_ha,3.405883757630363,0,0,24.34519357350655,206,2,348.50384613964707,mm,0,469.225350394845,mm,0,17.54613612871617,0,0.6130355957662686,0.7035568702733144,0,0,0,48.83223545020539,32.1746045597787,0,Chernozem,SunField Co,перевірити,2024-05-28,0,F0064
166,F0064,FARM03,2024,Wheat,Wheat-V3,57.9,ha,2024-05-02,2024-08-24,0,3.405883757630363,t_ha,3.405883757630363,0,0,24.34519357350655,206,2,348.50384613964707,mm,0,469.225350394845,mm,0,17.54613612871617,0,NA,NA,0,0,0,48.83223545020539,32.1746045597787,0,Chernozem,SunField Co,перевірити,2024-06-06,0,F0064
979,F0064,FARM03,2024,Wheat,Wheat-V3,NA,NA,2024-05-02,2024-08-24,0,NA,NA,NA,0,0,24.34519357350655,206,2,348.50384613964707,mm,0,469.225350394845,mm,0,17.54613612871617,0,0.456680249562487,0.5790726684965193,0,0,0,48.83223545020539,32.1746045597787,0,Chernozem,SunField Co,перевірити,2024-06-20,0,F0064
4,F0064,FARM03,2024,Wheat,Wheat-V3,57.9,ha,2024-05-02,2024-08-24,0,NA,NA,NA,0,0,24.34519357350655,206,2,348.50384613964707,mm,0,469.225350394845,mm,0,17.54613612871617,0,NA,NA,0,0,0,48.83223545020539,32.1746045597787,0,Chernozem,SunField Co,перевірити,2024-07-16,0,F0064
1361,F0064,FARM03,2024,Wheat,Wheat-V3,57.9,ha,2024-05-02,2024-08-24,0,3.405883757630363,t_ha,3.405883757630363,0,0,24.34519357350655,206,2,348.50384613964707,mm,0,469.225350394845,mm,0,17.54613612871617,0,0.7005796571262181,0.7515842836350203,0,0,0,48.83223545020539,32.1746045597787,0,Chernozem,SunField Co,перевірити,2024-08-16,0,F0064
328,F0064,FARM03,2024,Wheat,Wheat-V3,57.9105153702,ha,2024-05-02,2024-08-24,0,3.405883757630363,t_ha,3.405883757630363,0,0,24.34519357350655,206,2,348.50384613964707,mm,0,469.225350394845,mm,0,17.54613612871617,0,0.8476968145929277,0.95,0,0,0,48.83223545020539,32.1746045597787,0,Chernozem,SunField Co,перевірити,2024-09-13,0,F0064
1321,F0064,FARM03,2024,Wheat,Wheat-V3,57.9105153702,ha,2024-05-02,2024-08-24,0,NA,NA,NA,0,0,24.34519357350655,206,2,NA,NA,0,469.225350394845,mm,0,17.54613612871617,0,0.6825283869635314,0.7338825159473344,0,0,0,48.83223545020539,32.1746045597787,0,Chernozem,SunField Co,перевірити,2024-09-18,0,F0064
1055,F0065,FARM09,2024,Corn,Corn-V3,30.5,ha,2024-03-30,2024-09-29,0,5.706009190296754,t_ha,5.706009190296754,1,0,34.77548874542117,99.8,6,0,mm,0,481.85180550208315,mm,0,18.06953860539943,0,0.40023006978444753,0.5451414598152041,0,0,0,49.889454685844484,32.84471268676734,0,Loam,GreenCrop,перевірити,2024-07-03,0,F0065
256,F0065,FARM09,2024,Corn,Corn-V3,30.5,ha,2024-03-30,2024-09-29,0,5.706009190296754,t_ha,5.706009190296754,1,0,34.77548874542117,99.8,6,0,mm,0,481.85180550208315,mm,0,18.06953860539943,0,0.35401549518574027,0.5,0,0,0,49.889454685844484,32.84471268676734,0,Loam,GreenCrop,перевірити,2024-07-20,0,F0065
429,F0065,FARM09,2024,Corn,Corn-V3,30.5,ha,2024-03-30,2024-09-29,0,NA,NA,NA,0,0,34.77548874542117,99.8,6,0,mm,0,481.85180550208315,mm,0,18.06953860539943,0,NA,NA,0,0,0,49.889454685844484,32.84471268676734,0,Loam,GreenCrop,перевірити,2024-08-10,0,F0065
550,F0065,FARM09,2024,Corn,Corn-V3,30.5,ha,2024-03-30,2024-09-29,0,5.706009190296754,t_ha,5.706009190296754,1,0,34.77548874542117,99.8,6,0,mm,0,481.85180550208315,mm,0,18.06953860539943,0,0.6437191051896661,0.7442416903562843,0,0,0,49.889454685844484,32.84471268676734,0,Loam,GreenCrop,перевірити,2024-09-06,0,F0065
396,F0065,FARM09,2024,Corn,Corn-V3,30.5,ha,2024-03-30,2024-09-29,0,5.706009190296754,t_ha,5.706009190296754,0,0,34.77548874542117,99.8,6,0,mm,0,481.85180550208315,mm,0,18.06953860539943,0,0.39041040211450306,0.5070101829478517,0,0,0,49.889454685844484,32.84471268676734,0,Loam,GreenCrop,перевірити,2024-09-14,0,F0065
996,F0065,FARM09,2024,Corn,Corn-V3,30.5,ha,2024-03-30,2024-09-29,0,5.706009190296754,t_ha,5.706009190296754,1,0,34.77548874542117,99.8,6,0,mm,0,481.85180550208315,mm,0,18.06953860539943,0,0.8201618078397587,0.9469292182940989,0,0,0,49.889454685844484,32.84471268676734,1,Loam,GreenCrop,перевірити,2024-09-20,0,F0065
342,F0065,FARM09,2024,Corn,Corn-V3,30.5,ha,2024-03-30,2024-09-29,0,NA,NA,NA,0,0,34.77548874542117,99.8,6,0,mm,0,481.85180550208315,mm,0,18.06953860539943,0,0.45243743355385957,0.5611121789086609,0,0,0,49.889454685844484,32.84471268676734,0,Loam,GreenCrop,перевірити,2024-09-22,0,F0065
814,F0066,FARM12,2024,Soy,Soy-V5,66.1,ha,2024-03-10,2024-08-01,0,1.979856226593256,t_ha,1.979856226593256,0,0,31.90986208897084,160.2,5,102.09759729914367,mm,0,533.786695857998,mm,0,13.175283188698813,0,0.8198015657486394,0.8794355008285493,0,0,0,49.48291347293416,30.620346061817838,0,Loam,GreenCrop,посуха,2024-05-18,0,F0066
324,F0066,FARM12,2024,Soy,Soy-V5,66.0851653386,ha,2024-03-10,2024-08-01,0,1.979856226593256,t_ha,1.979856226593256,1,0,31.90986208897084,160.2,5,102.09759729914367,mm,0,533.786695857998,mm,0,13.175283188698813,0,0.6637719748774543,0.7850296924589202,0,0,0,49.48291347293416,30.620346061817838,0,Loam,GreenCrop,посуха,2024-05-27,0,F0066
1490,F0066,FARM12,2024,Soy,Soy-V5,NA,NA,2024-03-10,2024-08-01,0,1.979856226593256,t_ha,1.979856226593256,0,0,31.90986208897084,160.2,5,102.09759729914367,mm,0,533.786695857998,mm,0,13.175283188698813,0,0.7377905925037339,0.8209285392658785,0,0,0,49.48291347293416,30.620346061817838,0,Loam,GreenCrop,посуха,2024-06-05,0,F0066
663,F0066,FARM12,2024,Soy,Soy-V5,66.1,ha,2024-03-10,2024-08-01,0,1.979856226593256,t_ha,1.979856226593256,1,0,31.90986208897084,160.2,5,NA,NA,0,533.786695857998,mm,0,13.175283188698813,0,NA,NA,0,0,0,49.48291347293416,30.620346061817838,0,Loam,GreenCrop,посуха,2024-06-19,0,F0066
1138,F0066,FARM12,2024,Soy,Soy-V5,66.1,ha,2024-03-10,2024-08-01,0,1.979856226593256,t_ha,1.979856226593256,0,0,31.90986208897084,160.2,5,102.09759729914367,mm,0,533.786695857998,mm,0,13.175283188698813,0,0.47668679398484526,0.5270607029553502,0,0,0,49.48291347293416,30.620346061817838,0,Loam,GreenCrop,посуха,2024-06-29,0,F0066
567,F0066,FARM12,2024,Soy,Soy-V5,66.1,ha,2024-03-10,2024-08-01,0,1.979856226593256,t_ha,1.979856226593256,1,0,31.90986208897084,160.2,5,102.09759729914367,mm,0,533.786695857998,mm,0,13.175283188698813,0,0.5691556437173858,0.7063656212994829,0,0,0,49.48291347293416,30.620346061817838,0,Loam,GreenCrop,посуха,2024-07-01,0,F0066
675,F0066,FARM12,2024,Soy,Soy-V5,66.0851653386,ha,2024-03-10,2024-08-01,0,NA,NA,NA,0,0,31.90986208897084,160.2,5,102.09759729914367,mm,0,533.786695857998,mm,0,13.175283188698813,0,0.843693946977146,0.95,0,0,0,49.48291347293416,30.620346061817838,0,Loam,GreenCrop,посуха,2024-07-09,0,F0066
136,F0066,FARM12,2024,Soy,Soy-V5,66.1,ha,2024-03-10,2024-08-01,0,1.979856226593256,t_ha,1.979856226593256,0,0,31.90986208897084,160.2,5,102.09759729914367,mm,0,533.786695857998,mm,0,13.175283188698813,0,0.6700926997233182,0.7548330426216125,0,0,0,49.48291347293416,30.620346061817838,0,Loam,GreenCrop,посуха,2024-07-19,0,F0066
487,F0066,FARM12,2024,Soy,Soy-V5,66.1,ha,2024-03-10,2024-08-01,0,1.979856226593256,t_ha,1.979856226593256,0,0,31.90986208897084,160.2,5,102.09759729914367,mm,0,533.786695857998,mm,0,13.175283188698813,0,NA,NA,0,0,0,49.48291347293416,30.620346061817838,0,NA,GreenCrop,посуха,2024-08-26,0,F0066
1031,F0066,FARM12,2024,Soy,Soy-V5,66.1,ha,2024-03-10,2024-08-01,0,1.979856226593256,t_ha,1.979856226593256,0,0,31.90986208897084,160.2,5,102.09759729914367,mm,0,533.786695857998,mm,0,13.175283188698813,0,0.6324244973016903,0.7202282239450142,0,0,0,49.48291347293416,30.620346061817838,0,NA,GreenCrop,посуха,2024-08-28,0,F0066
906,F0067,FARM04,2024,Corn,Corn-V2,97.1,ha,2024-05-16,2024-10-11,0,10.343343758257106,t_ha,10.343343758257106,1,0,34.121938629075885,141.2,5,84.52467571478337,mm,0,281.36046869913116,mm,0,20.990501838037744,0,0.42735822349786756,0.5372624682262539,0,0,0,48.67130609447602,30.94805175618129,0,Chernozem,AgroService Ltd,зрошення застосовано,2024-05-23,0,F0067
857,F0067,FARM04,2024,Corn,Corn-V2,97.1,ha,2024-05-16,2024-10-11,0,NA,NA,NA,0,0,34.121938629075885,141.2,5,84.52467571478337,mm,0,281.36046869913116,mm,0,20.990501838037744,0,0.4758766927057877,0.6057901578489691,0,0,0,48.67130609447602,30.94805175618129,0,Chernozem,AgroService Ltd,зрошення застосовано,2024-05-29,0,F0067
720,F0067,FARM04,2024,Corn,Corn-V2,97.1,ha,2024-05-16,2024-10-11,0,NA,NA,NA,0,0,34.121938629075885,141.2,5,84.52467571478337,mm,0,281.36046869913116,mm,0,20.990501838037744,0,0.41734571163542566,0.5649429897312075,0,0,0,48.67130609447602,30.94805175618129,0,NA,AgroService Ltd,зрошення застосовано,2024-06-17,0,F0067
543,F0067,FARM04,2024,Corn,Corn-V2,97.1,ha,2024-05-16,2024-10-11,0,28.683760315179825,t_ha,28.683760315179825,0,1,34.121938629075885,141.2,5,84.52467571478337,mm,0,281.36046869913116,mm,0,20.990501838037744,0,0.6089456075802445,0.7575838766992091,0,0,0,48.67130609447602,30.94805175618129,0,Chernozem,AgroService Ltd,зрошення застосовано,2024-06-22,0,F0067
922,F0067,FARM04,2024,Corn,Corn-V2,97.1,ha,2024-05-16,2024-10-11,0,10.343343758257106,t_ha,10.343343758257106,1,0,34.121938629075885,141.2,5,84.52467571478337,mm,0,281.36046869913116,mm,0,20.990501838037744,0,0.6820466578006744,0.744717028690502,0,0,0,48.67130609447602,30.94805175618129,0,Chernozem,AgroService Ltd,зрошення застосовано,2024-08-06,0,F0067
493,F0067,FARM04,2024,Corn,Corn-V2,97.0840855158,ha,2024-05-16,2024-10-11,0,NA,NA,NA,0,0,34.121938629075885,141.2,5,84.52467571478337,mm,0,281.36046869913116,mm,0,20.990501838037744,0,0.7866293982602656,0.8562131470767781,0,0,0,48.67130609447602,30.94805175618129,0,Chernozem,AgroService Ltd,зрошення застосовано,2024-08-27,0,F0067
854,F0067,FARM04,2024,Corn,Corn-V2,97.1,ha,2024-05-16,2024-10-11,0,10.343343758257106,t_ha,10.343343758257106,0,0,34.121938629075885,141.2,5,84.52467571478337,mm,0,NA,NA,0,20.990501838037744,0,NA,NA,0,0,0,48.67130609447602,30.94805175618129,0,Chernozem,AgroService Ltd,зрошення застосовано,2024-08-29,0,F0067
1408,F0067,FARM04,2024,Corn,Corn-V2,97.0840855158,ha,2024-05-16,2024-10-11,0,10.343343758257106,t_ha,10.343343758257106,0,0,34.121938629075885,141.2,5,84.52467571478337,mm,0,281.36046869913116,mm,0,20.990501838037744,0,0,0.5826501941075548,1,0,0,48.67130609447602,30.94805175618129,0,Chernozem,AgroService Ltd,зрошення застосовано,2024-09-04,0,F0067
398,F0067,FARM04,2024,Corn,Corn-V2,97.0840855158,ha,2024-05-16,2024-10-11,0,10.343343758257106,t_ha,10.343343758257106,0,0,34.121938629075885,141.2,5,84.52467571478337,mm,0,281.36046869913116,mm,0,20.990501838037744,0,0.6249802818289026,0.7498993104323745,0,0,0,48.67130609447602,30.94805175618129,0,Chernozem,AgroService Ltd,зрошення застосовано,2024-09-08,0,F0067
386,F0068,FARM03,2024,Sunflower,Sunflower-V3,80,ha,2024-04-19,2024-08-16,0,2.6426274452358482,t_ha,2.6426274452358482,1,0,14.55948887532577,117.2,1,274.0152341662906,mm,0,623.8801267463714,mm,0,17.97643334325403,0,0.41846392236184327,0.5270382675807923,0,0,0,48.91768954402394,29.8566254322161,0,Loam,UkrAgroTech,норма,2024-06-02,0,F0068
1191,F0068,FARM03,2024,Sunflower,Sunflower-V3,80,ha,2024-04-19,2024-08-16,0,2.6426274452358482,t_ha,2.6426274452358482,0,0,14.55948887532577,117.2,1,274.0152341662906,mm,0,623.8801267463714,mm,0,17.97643334325403,0,0.4235217565670609,0.5,0,0,0,48.91768954402394,29.8566254322161,0,Loam,UkrAgroTech,норма,2024-06-13,0,F0068
471,F0068,FARM03,2024,Sunflower,Sunflower-V3,80,ha,2024-04-19,2024-08-16,0,2.6426274452358482,t_ha,2.6426274452358482,1,0,14.55948887532577,117.2,1,274.0152341662906,mm,0,623.8801267463714,mm,0,17.97643334325403,0,0.7016662112670019,0.8247045265045017,0,0,0,48.91768954402394,29.8566254322161,0,NA,UkrAgroTech,норма,2024-07-07,0,F0068
1272,F0068,FARM03,2024,Sunflower,Sunflower-V3,80,ha,2024-04-19,2024-08-16,0,NA,NA,NA,0,0,14.55948887532577,117.2,1,274.0152341662906,mm,0,NA,NA,0,17.97643334325403,0,0.6057650953531265,0.6933815634576603,0,0,0,48.91768954402394,29.8566254322161,0,Loam,UkrAgroTech,норма,2024-07-28,0,F0068
1341,F0068,FARM03,2024,Sunflower,Sunflower-V3,80,ha,2024-04-19,2024-08-16,0,2.6426274452358482,t_ha,2.6426274452358482,0,0,14.55948887532577,117.2,1,274.0152341662906,mm,0,623.8801267463714,mm,0,17.97643334325403,0,0.8025140647310763,0.9480634668376297,0,0,0,48.91768954402394,29.8566254322161,0,Loam,UkrAgroTech,норма,2024-08-06,0,F0068
149,F0068,FARM03,2024,Sunflower,Sunflower-V3,80,ha,2024-04-19,2024-08-16,0,2.6426274452358482,t_ha,2.6426274452358482,1,0,14.55948887532577,117.2,1,274.0152341662906,mm,0,623.8801267463714,mm,0,17.97643334325403,0,0.43581310580484567,0.5511460003210231,0,0,0,48.91768954402394,29.8566254322161,0,NA,UkrAgroTech,норма,2024-08-17,0,F0068
208,F0068,FARM03,2024,Sunflower,Sunflower-V3,80,ha,2024-04-19,2024-08-16,0,2.6426274452358482,t_ha,2.6426274452358482,1,0,14.55948887532577,117.2,1,274.0152341662906,mm,0,623.8801267463714,mm,0,17.97643334325403,0,0.6656136898323893,0.7197797869332134,0,0,0,48.91768954402394,29.8566254322161,0,Loam,UkrAgroTech,норма,2024-08-21,0,F0068
1291,F0069,FARM05,2024,Soy,Soy-V1,10.1,ha,2024-03-19,2024-08-03,0,1.615064037963748,t_ha,1.615064037963748,1,0,31.1472301739268,162.3,4,234.4110475154594,mm,0,457.8039458836429,mm,0,21.600855943048373,0,0.3984014896210283,0.513910245639272,0,0,0,48.76715906085679,33.17149420317682,0,Chernozem,SunField Co,добре,2024-05-21,0,F0069
1151,F0069,FARM05,2024,Soy,Soy-V1,10.1,ha,2024-03-19,2024-08-03,0,1.615064037963748,t_ha,1.615064037963748,1,0,31.1472301739268,162.3,4,234.41104751545936,mm,0,NA,NA,0,21.600855943048373,0,NA,NA,0,0,0,48.76715906085679,33.17149420317682,0,Chernozem,SunField Co,добре,2024-06-11,0,F0069
1398,F0069,FARM05,2024,Soy,Soy-V1,10.0766724858,ha,2024-03-19,2024-08-03,0,1.615064037963748,t_ha,1.615064037963748,1,0,31.1472301739268,162.3,4,234.41104751545936,mm,0,457.8039458836429,mm,0,21.600855943048373,0,0.8250330406241119,0.8914964651456102,0,0,0,48.76715906085679,33.17149420317682,0,Chernozem,SunField Co,добре,2024-07-03,0,F0069
80,F0069,FARM05,2024,Soy,Soy-V1,10.1,ha,2024-03-19,2024-08-03,0,1.615064037963748,t_ha,1.615064037963748,1,0,31.1472301739268,162.3,4,234.41104751545936,mm,0,457.8039458836429,mm,0,21.600855943048373,0,0.5077046815073117,0.6468441026518121,0,0,0,48.76715906085679,33.17149420317682,0,Chernozem,SunField Co,добре,2024-07-08,0,F0069
736,F0069,FARM05,2024,Soy,Soy-V1,10.0766724858,ha,2024-03-19,2024-08-03,0,1.615064037963748,t_ha,1.615064037963748,0,0,31.1472301739268,162.3,4,234.41104751545936,mm,0,457.8039458836429,mm,0,21.600855943048373,0,0.3691614592913538,0.5146532726939768,0,0,0,48.76715906085679,33.17149420317682,0,Chernozem,SunField Co,добре,2024-08-29,0,F0069
42,F0069,FARM05,2024,Soy,Soy-V1,10.0766724858,ha,2024-03-19,2024-08-03,0,1.615064037963748,t_ha,1.615064037963748,0,0,31.1472301739268,162.3,4,234.4110475154594,mm,0,457.8039458836429,mm,0,21.600855943048373,0,0.5291374330641702,0.5930319704813882,0,0,0,48.76715906085679,33.17149420317682,0,Chernozem,SunField Co,добре,2024-09-05,0,F0069
860,F0069,FARM05,2024,Soy,Soy-V1,10.0766724858,ha,2024-03-19,2024-08-03,0,1.615064037963748,t_ha,1.615064037963748,0,0,31.1472301739268,162.3,4,NA,NA,0,457.8039458836429,mm,0,21.600855943048373,0,0.7056891438784078,0.7837397958384826,0,0,0,48.76715906085679,33.17149420317682,0,NA,SunField Co,добре,2024-09-06,0,F0069
757,F0069,FARM05,2024,Soy,Soy-V1,10.1,ha,2024-03-19,2024-08-03,0,1.615064037963748,t_ha,1.615064037963748,0,0,31.1472301739268,162.3,4,234.4110475154594,mm,0,457.8039458836429,mm,0,21.600855943048373,0,0.8289763424778357,0.9310021226527169,0,0,0,48.76715906085679,33.17149420317682,0,Chernozem,SunField Co,добре,2024-09-27,0,F0069
381,F0070,FARM09,2024,Corn,Corn-V3,73.57184971560001,ha,2024-03-12,2024-09-29,0,8.051687113009393,t_ha,8.051687113009393,0,0,13.175150722963735,166.7,5,286.4213622175157,mm,0,189.69100894173607,mm,0,18.662272981135175,0,0.42182191626634447,0.5234206144232303,0,0,0,49.69602859024704,31.125947516278366,0,NA,UkrAgroTech,без примітки,2024-05-07,0,F0070
441,F0070,FARM09,2024,Corn,Corn-V3,73.6,ha,2024-03-12,2024-09-29,0,8.051687113009393,t_ha,8.051687113009393,1,0,13.175150722963735,166.7,5,286.4213622175157,mm,0,189.69100894173607,mm,0,18.662272981135175,0,0.6449339189799502,0.7139895990490913,0,0,0,49.69602859024704,31.125947516278366,0,Loam,UkrAgroTech,без примітки,2024-06-03,0,F0070
876,F0070,FARM09,2024,Corn,Corn-V3,73.57184971560001,ha,2024-03-12,2024-09-29,0,8.051687113009393,t_ha,8.051687113009393,0,0,13.175150722963735,166.7,5,286.4213622175157,mm,0,189.69100894173607,mm,0,18.662272981135175,0,NA,NA,0,0,0,49.69602859024704,31.125947516278366,0,Loam,UkrAgroTech,без примітки,2024-06-25,0,F0070
984,F0070,FARM09,2024,Corn,Corn-V3,73.6,ha,2024-03-12,2024-09-29,0,8.051687113009393,t_ha,8.051687113009393,0,0,13.175150722963735,166.7,5,286.4213622175157,mm,0,189.69100894173607,mm,0,18.662272981135175,0,0.6015252406010404,0.7216267908224836,0,0,0,49.69602859024704,31.125947516278366,0,Loam,UkrAgroTech,без примітки,2024-08-02,0,F0070
564,F0070,FARM09,2024,Corn,Corn-V3,73.6,ha,2024-03-12,2024-09-29,0,8.051687113009393,t_ha,8.051687113009393,0,0,13.175150722963735,166.7,5,NA,NA,0,189.69100894173607,mm,0,18.662272981135175,0,0.38678844589740036,0.5219265165738761,0,0,0,49.69602859024704,31.125947516278366,0,Loam,UkrAgroTech,без примітки,2024-08-07,0,F0070
817,F0070,FARM09,2024,Corn,Corn-V3,73.57184971560001,ha,2024-03-12,2024-09-29,0,8.051687113009393,t_ha,8.051687113009393,0,0,13.175150722963735,166.7,5,286.4213622175157,mm,0,189.69100894173607,mm,0,18.662272981135175,0,0.8336271927924827,0.9101756013697013,0,0,0,49.69602859024704,31.125947516278366,0,Loam,UkrAgroTech,без примітки,2024-08-08,0,F0070
529,F0070,FARM09,2024,Corn,Corn-V3,73.6,ha,2024-03-12,2024-09-29,0,8.051687113009393,t_ha,8.051687113009393,1,0,13.175150722963735,166.7,5,286.4213622175157,mm,0,NA,NA,0,18.662272981135175,0,NA,NA,0,0,0,49.69602859024704,31.125947516278366,0,Loam,UkrAgroTech,без примітки,2024-08-09,0,F0070
723,F0070,FARM09,2024,Corn,Corn-V3,73.6,ha,2024-03-12,2024-09-29,0,8.051687113009393,t_ha,8.051687113009393,1,0,13.175150722963735,166.7,5,286.4213622175157,mm,0,189.69100894173607,mm,0,18.662272981135175,0,0.6723194300662726,0.7918615227099508,0,0,0,49.69602859024704,31.125947516278366,0,Loam,UkrAgroTech,без примітки,2024-08-14,0,F0070
1423,F0071,FARM08,2024,Soy,Soy-V4,85.4291390262,ha,2024-03-31,2024-08-22,0,1.6600233017234132,t_ha,1.6600233017234132,1,0,17.47556423721835,84.3,5,194.37614098424092,mm,0,226.56443235464394,mm,0,14.330625753384084,0,0.48781125599052755,0.5696175762452185,0,0,0,49.031143221907314,31.1860824765414,0,NA,GreenCrop,добре,2024-05-13,0,F0071
1370,F0071,FARM08,2024,Soy,Soy-V4,85.4291390262,ha,2024-03-31,2024-08-22,0,1.6600233017234132,t_ha,1.6600233017234132,1,0,17.47556423721835,84.3,5,194.37614098424092,mm,0,226.56443235464394,mm,0,14.330625753384084,0,0.6493488145293668,0.7351326879346743,0,0,0,49.031143221907314,31.1860824765414,0,Sandy,GreenCrop,добре,2024-06-04,0,F0071
972,F0071,FARM08,2024,Soy,Soy-V4,85.4,ha,2024-03-31,2024-08-22,0,1.6600233017234132,t_ha,1.6600233017234132,0,0,17.47556423721835,84.3,5,194.37614098424092,mm,0,226.56443235464394,mm,0,14.330625753384084,0,0.5700030033709481,0.6206315177725628,0,0,0,49.031143221907314,31.1860824765414,0,NA,GreenCrop,добре,2024-07-09,0,F0071
1,F0071,FARM08,2024,Soy,Soy-V4,85.4,ha,2024-03-31,2024-08-22,0,1.6600233017234132,t_ha,1.6600233017234132,1,0,17.47556423721835,84.3,5,194.37614098424092,mm,0,226.56443235464394,mm,0,14.330625753384084,0,0.507834256766364,0.6515058590332046,0,0,0,49.031143221907314,31.1860824765414,0,Sandy,GreenCrop,добре,2024-07-22,0,F0071
873,F0071,FARM08,2024,Soy,Soy-V4,85.4291390262,ha,2024-03-31,2024-08-22,0,1.6600233017234132,t_ha,1.6600233017234132,1,0,17.47556423721835,84.3,5,194.37614098424092,mm,0,226.56443235464394,mm,0,14.330625753384084,0,0.8198586123995483,0.95,0,0,0,49.031143221907314,31.1860824765414,0,Sandy,GreenCrop,добре,2024-07-23,0,F0071
831,F0071,FARM08,2024,Soy,Soy-V4,85.4,ha,2024-03-31,2024-08-22,0,1.6600233017234132,t_ha,1.6600233017234132,0,0,17.47556423721835,84.3,5,194.37614098424092,mm,0,226.56443235464394,mm,0,14.330625753384084,0,0.8009116262197494,0.8547326155938207,0,0,0,49.031143221907314,31.1860824765414,0,Sandy,GreenCrop,добре,2024-08-01,0,F0071
272,F0071,FARM08,2024,Soy,Soy-V4,85.4291390262,ha,2024-03-31,2024-08-22,0,1.6600233017234132,t_ha,1.6600233017234132,0,0,17.47556423721835,84.3,5,194.37614098424092,mm,0,226.56443235464394,mm,0,14.330625753384084,0,0.5033215200761333,0.5615244286134838,0,0,0,49.031143221907314,31.1860824765414,0,NA,GreenCrop,добре,2024-08-11,0,F0071
424,F0071,FARM08,2024,Soy,Soy-V4,85.4,ha,2024-03-31,2024-08-22,0,1.6600233017234132,t_ha,1.6600233017234132,1,0,17.47556423721835,84.3,5,194.37614098424092,mm,0,226.56443235464394,mm,0,14.330625753384084,0,0.7185231015551835,0.8664403647882863,0,0,0,49.031143221907314,31.1860824765414,0,Sandy,GreenCrop,добре,2024-09-02,0,F0071
366,F0072,FARM02,2024,Corn,Corn-V1,70.415301708,ha,2024-04-20,2024-08-20,0,NA,NA,NA,0,0,27.951986566651613,50.5,6,NA,NA,0,293.4435171075165,mm,0,17.115997955668718,0,0.7238163429079577,0.8248535336228087,0,0,0,49.868002256372016,29.259328951485458,0,Loam,UkrAgroTech,без примітки,2024-05-02,0,F0072
485,F0072,FARM02,2024,Corn,Corn-V1,70.4,ha,2024-04-20,2024-08-20,0,7.647956224158406,t_ha,7.647956224158406,0,0,27.951986566651613,50.5,6,187.96216417104006,mm,0,293.4435171075165,mm,0,17.115997955668718,0,0.6063626016490161,0.6750761993229389,0,0,0,49.868002256372016,29.259328951485458,1,Loam,UkrAgroTech,без примітки,2024-05-06,0,F0072
36,F0072,FARM02,2024,Corn,Corn-V1,NA,NA,2024-04-20,2024-08-20,0,7.647956224158406,t_ha,7.647956224158406,1,0,27.951986566651613,50.5,6,187.96216417104006,mm,0,293.4435171075165,mm,0,17.115997955668718,0,NA,NA,0,0,0,49.868002256372016,29.259328951485458,0,Loam,UkrAgroTech,без примітки,2024-05-29,0,F0072
1047,F0072,FARM02,2024,Corn,Corn-V1,70.415301708,ha,2024-04-20,2024-08-20,0,7.647956224158406,t_ha,7.647956224158406,1,0,27.951986566651613,50.5,6,187.96216417104006,mm,0,293.4435171075165,mm,0,17.115997955668718,0,0.38009139175992457,0.5183354564243927,0,0,0,49.868002256372016,29.259328951485458,0,Loam,UkrAgroTech,без примітки,2024-06-17,0,F0072
164,F0072,FARM02,2024,Corn,Corn-V1,70.415301708,ha,2024-04-20,2024-08-20,0,NA,NA,NA,0,0,27.951986566651613,50.5,6,187.96216417104006,mm,0,293.4435171075165,mm,0,17.115997955668718,0,0.5210588941350579,0.6135341043118387,0,0,0,49.868002256372016,29.259328951485458,0,Loam,UkrAgroTech,без примітки,2024-06-30,0,F0072
239,F0072,FARM02,2024,Corn,Corn-V1,70.4,ha,2024-04-20,2024-08-20,0,7.647956224158406,t_ha,7.647956224158406,0,0,27.951986566651613,50.5,6,187.96216417104006,mm,0,293.4435171075165,mm,0,17.115997955668718,0,0.8081285965396091,0.8844338060822338,0,0,0,NA,NA,0,Loam,UkrAgroTech,без примітки,2024-07-19,0,F0072
1373,F0072,FARM02,2024,Corn,Corn-V1,70.4,ha,2024-04-20,2024-08-20,0,7.647956224158406,t_ha,7.647956224158406,0,0,27.951986566651613,50.5,6,187.96216417104006,mm,0,293.4435171075165,mm,0,17.115997955668718,0,0.41561441370286045,0.5,0,0,0,49.868002256372016,29.259328951485458,0,Loam,UkrAgroTech,без примітки,2024-08-06,0,F0072
841,F0072,FARM02,2024,Corn,Corn-V1,70.415301708,ha,2024-04-20,2024-08-20,0,7.647956224158406,t_ha,7.647956224158406,1,0,27.951986566651613,50.5,6,NA,NA,0,293.4435171075165,mm,0,17.115997955668718,0,0.37214089699555186,0.5,0,0,0,49.868002256372016,29.259328951485458,0,Loam,UkrAgroTech,без примітки,2024-08-07,0,F0072
582,F0072,FARM02,2024,Corn,Corn-V1,70.415301708,ha,2024-04-20,2024-08-20,0,7.647956224158406,t_ha,7.647956224158406,1,0,27.951986566651613,50.5,6,187.96216417104006,mm,0,293.4435171075165,mm,0,17.115997955668718,0,0.6880301544675603,0.7636682123877108,0,0,0,49.868002256372016,29.259328951485458,0,Loam,UkrAgroTech,без примітки,2024-09-17,0,F0072
1474,F0073,FARM12,2024,Sunflower,Sunflower-V4,NA,NA,2024-05-03,2024-08-21,0,2.0788094953168184,t_ha,2.0788094953168184,0,0,22.164079687325284,215.4,2,NA,NA,0,282.6434444519691,mm,0,18.583269954426214,0,0.35841025030240414,0.5,0,0,0,49.987148067534434,32.84651456982037,0,Chernozem,SunField Co,зрошення застосовано,2024-05-15,0,F0073
988,F0073,FARM12,2024,Sunflower,Sunflower-V4,NA,NA,2024-05-03,2024-08-21,0,2.0788094953168184,t_ha,2.0788094953168184,0,0,22.164079687325284,215.4,2,0,mm,0,282.6434444519691,mm,0,18.583269954426214,0,NA,NA,0,0,0,49.987148067534434,32.84651456982037,0,Chernozem,SunField Co,зрошення застосовано,2024-05-24,0,F0073
472,F0073,FARM12,2024,Sunflower,Sunflower-V4,NA,NA,2024-05-03,2024-08-21,0,2.0788094953168184,t_ha,2.0788094953168184,0,0,22.164079687325284,215.4,2,0,mm,0,282.6434444519691,mm,0,18.583269954426214,0,0.790447207307443,0.8980167515575885,0,0,0,49.987148067534434,32.84651456982037,0,NA,SunField Co,зрошення застосовано,2024-06-18,0,F0073
347,F0073,FARM12,2024,Sunflower,Sunflower-V4,74.5,ha,2024-05-03,2024-08-21,0,2.0788094953168184,t_ha,2.0788094953168184,0,0,22.164079687325284,215.4,2,0,mm,0,282.6434444519691,mm,0,18.583269954426214,0,0.39563944926485417,0.5,0,0,0,49.987148067534434,32.84651456982037,0,Chernozem,SunField Co,зрошення застосовано,2024-06-23,0,F0073
710,F0073,FARM12,2024,Sunflower,Sunflower-V4,74.462158128,ha,2024-05-03,2024-08-21,0,2.0788094953168184,t_ha,2.0788094953168184,1,0,22.164079687325284,215.4,2,0,mm,0,282.6434444519691,mm,0,18.583269954426214,0,NA,NA,0,0,0,49.987148067534434,32.84651456982037,0,Chernozem,SunField Co,зрошення застосовано,2024-06-29,0,F0073
1264,F0073,FARM12,2024,Sunflower,Sunflower-V4,74.5,ha,2024-05-03,2024-08-21,0,2.0788094953168184,t_ha,2.0788094953168184,0,0,22.164079687325284,215.4,2,0,mm,0,282.6434444519691,mm,0,18.583269954426214,0,0.57860569646582,0.7227106638252735,0,0,0,49.987148067534434,32.84651456982037,0,Chernozem,SunField Co,зрошення застосовано,2024-07-17,0,F0073
858,F0073,FARM12,2024,Sunflower,Sunflower-V4,74.5,ha,2024-05-03,2024-08-21,0,2.0788094953168184,t_ha,2.0788094953168184,1,0,22.164079687325284,215.4,2,0,mm,0,282.6434444519691,mm,0,18.583269954426214,0,0.4542888610390946,0.551111394027248,0,0,0,49.987148067534434,32.84651456982037,0,Chernozem,SunField Co,зрошення застосовано,2024-07-29,0,F0073
1425,F0073,FARM12,2024,Sunflower,Sunflower-V4,NA,NA,2024-05-03,2024-08-21,0,2.0788094953168184,t_ha,2.0788094953168184,0,0,22.164079687325284,215.4,2,0,mm,0,282.6434444519691,mm,0,18.583269954426214,0,0.3931317108450457,0.5,0,0,0,49.987148067534434,32.84651456982037,0,Chernozem,SunField Co,зрошення застосовано,2024-08-13,0,F0073
1011,F0073,FARM12,2024,Sunflower,Sunflower-V4,NA,NA,2024-05-03,2024-08-21,0,19.959147218614817,t_ha,19.959147218614817,0,1,22.164079687325284,215.4,2,0,mm,0,282.6434444519691,mm,0,18.583269954426214,0,0.5217411685967818,0.6711972592398524,0,0,0,49.987148067534434,32.84651456982037,0,Chernozem,SunField Co,зрошення застосовано,2024-09-16,0,F0073
509,F0074,FARM06,2024,Wheat,Wheat-V5,19.3439736876,ha,2024-05-07,2024-08-05,0,7.298212038120255,t_ha,7.298212038120255,1,0,34.35369890765287,164.5,1,0,mm,0,678.8982579833828,mm,0,22.257242793915793,0,NA,NA,0,0,0,49.83224447855726,29.877353757942096,0,Loam,SunField Co,зрошення застосовано,2024-05-03,0,F0074
412,F0074,FARM06,2024,Wheat,Wheat-V5,19.3439736876,ha,2024-05-07,2024-08-05,0,7.298212038120255,t_ha,7.298212038120255,1,0,34.35369890765287,164.5,1,0,mm,0,678.8982579833828,mm,0,22.257242793915793,0,0.7325818699551746,0.8306124781724065,0,0,0,49.83224447855726,29.877353757942096,0,Loam,SunField Co,зрошення застосовано,2024-05-06,0,F0074
1485,F0074,FARM06,2024,Wheat,Wheat-V5,19.3439736876,ha,2024-05-07,2024-08-05,0,7.298212038120255,t_ha,7.298212038120255,1,0,34.35369890765287,164.5,1,0,mm,0,678.8982579833828,mm,0,22.257242793915793,0,0.4559426094871014,0.5571377605199813,0,0,0,49.83224447855726,29.877353757942096,0,Loam,SunField Co,зрошення застосовано,2024-05-22,0,F0074
1289,F0074,FARM06,2024,Wheat,Wheat-V5,19.3439736876,ha,2024-05-07,2024-08-05,0,7.298212038120255,t_ha,7.298212038120255,0,0,34.35369890765287,164.5,1,0,mm,0,678.8982579833828,mm,0,22.257242793915793,0,0.6679408580763265,0.7877056245924905,0,0,0,49.83224447855726,29.877353757942096,0,NA,SunField Co,зрошення застосовано,2024-05-31,0,F0074
794,F0074,FARM06,2024,Wheat,Wheat-V5,19.3,ha,2024-05-07,2024-08-05,0,7.298212038120255,t_ha,7.298212038120255,0,0,34.35369890765287,164.5,1,0,mm,0,678.8982579833828,mm,0,22.257242793915793,0,0.6349015803076327,0.7438074624631553,0,0,0,49.83224447855726,29.877353757942096,0,Loam,SunField Co,зрошення застосовано,2024-06-12,0,F0074
338,F0074,FARM06,2024,Wheat,Wheat-V5,19.3,ha,2024-05-07,2024-08-05,0,7.298212038120255,t_ha,7.298212038120255,1,0,34.35369890765287,164.5,1,0,mm,0,678.8982579833828,mm,0,22.257242793915793,0,NA,NA,0,0,0,49.83224447855726,29.877353757942096,0,Loam,SunField Co,зрошення застосовано,2024-07-19,0,F0074
704,F0074,FARM06,2024,Wheat,Wheat-V5,19.3,ha,2024-05-07,2024-08-05,0,7.298212038120255,t_ha,7.298212038120255,0,0,34.35369890765287,164.5,1,0,mm,0,678.8982579833828,mm,0,22.257242793915793,0,0.5232027536490932,0.6568152939900755,0,0,0,49.83224447855726,29.877353757942096,0,Loam,SunField Co,зрошення застосовано,2024-07-28,0,F0074
728,F0074,FARM06,2024,Wheat,Wheat-V5,19.3439736876,ha,2024-05-07,2024-08-05,0,7.298212038120255,t_ha,7.298212038120255,0,0,34.35369890765287,164.5,1,0,mm,0,678.8982579833828,mm,0,22.257242793915793,0,0.5537434664089232,0.6062944403849542,0,0,0,49.83224447855726,29.877353757942096,0,Loam,SunField Co,зрошення застосовано,2024-09-29,0,F0074
486,F0075,FARM05,2024,Wheat,Wheat-V4,72.9,ha,2024-04-26,2024-10-09,0,4.641496212687343,t_ha,4.641496212687343,0,0,27.030563293024898,136.9,6,359.3832022626884,mm,0,410.4126699618064,mm,0,12.50206284946762,0,0.38387107932940123,0.5,0,0,0,48.99341193875345,28.67462091157772,0,Chernozem,UkrAgroTech,без примітки,2024-05-13,0,F0075
767,F0075,FARM05,2024,Wheat,Wheat-V4,NA,NA,2024-04-26,2024-10-09,0,4.641496212687343,t_ha,4.641496212687343,0,0,27.030563293024898,136.9,6,359.3832022626884,mm,0,410.4126699618064,mm,0,12.50206284946762,0,NA,NA,0,0,0,48.99341193875345,28.67462091157772,0,Chernozem,UkrAgroTech,без примітки,2024-05-21,0,F0075
515,F0075,FARM05,2024,Wheat,Wheat-V4,72.9,ha,2024-04-26,2024-10-09,0,4.641496212687343,t_ha,4.641496212687343,0,0,27.030563293024898,136.9,6,359.3832022626884,mm,0,410.4126699618064,mm,0,12.50206284946762,0,0.656403137743473,0.7332287254510447,0,0,0,48.99341193875345,28.67462091157772,0,Chernozem,UkrAgroTech,без примітки,2024-05-22,0,F0075
1169,F0075,FARM05,2024,Wheat,Wheat-V4,72.9,ha,2024-04-26,2024-10-09,0,4.641496212687343,t_ha,4.641496212687343,0,0,27.030563293024898,136.9,6,359.3832022626884,mm,0,410.4126699618064,mm,0,12.50206284946762,0,NA,NA,0,0,0,48.99341193875345,28.67462091157772,0,Chernozem,UkrAgroTech,без примітки,2024-06-09,0,F0075
1154,F0075,FARM05,2024,Wheat,Wheat-V4,72.9,ha,2024-04-26,2024-10-09,0,4.641496212687343,t_ha,4.641496212687343,0,0,27.030563293024898,136.9,6,NA,NA,0,410.4126699618064,mm,0,12.50206284946762,0,0.3793677273439243,0.5,0,0,0,48.99341193875345,28.67462091157772,0,Chernozem,UkrAgroTech,без примітки,2024-07-09,0,F0075
830,F0075,FARM05,2024,Wheat,Wheat-V4,72.9,ha,2024-04-26,2024-10-09,0,4.641496212687343,t_ha,4.641496212687343,0,0,27.030563293024898,136.9,6,359.3832022626884,mm,0,410.4126699618064,mm,0,12.50206284946762,0,0.3541545777348801,0.5,0,0,0,48.99341193875345,28.67462091157772,0,Chernozem,UkrAgroTech,без примітки,2024-07-16,0,F0075
667,F0075,FARM05,2024,Wheat,Wheat-V4,72.9,ha,2024-04-26,2024-10-09,0,4.641496212687343,t_ha,4.641496212687343,1,0,27.030563293024898,136.9,6,359.3832022626884,mm,0,410.4126699618064,mm,0,12.50206284946762,0,NA,NA,0,0,0,48.99341193875345,28.67462091157772,0,Chernozem,UkrAgroTech,без примітки,2024-07-18,0,F0075
174,F0075,FARM05,2024,Wheat,Wheat-V4,72.92435268839999,ha,2024-04-26,2024-10-09,0,4.641496212687343,t_ha,4.641496212687343,0,0,27.030563293024898,136.9,6,359.3832022626884,mm,0,410.4126699618064,mm,0,12.50206284946762,0,0.4909324585692957,0.6201024911599233,0,0,0,48.99341193875345,28.67462091157772,0,NA,UkrAgroTech,без примітки,2024-08-09,0,F0075
801,F0075,FARM05,2024,Wheat,Wheat-V4,72.9,ha,2024-04-26,2024-10-09,0,4.641496212687343,t_ha,4.641496212687343,0,0,27.030563293024898,136.9,6,359.3832022626884,mm,0,410.4126699618064,mm,0,12.50206284946762,0,NA,NA,0,0,0,48.99341193875345,28.67462091157772,0,Chernozem,UkrAgroTech,без примітки,2024-08-18,0,F0075
1314,F0076,FARM03,2024,Soy,Soy-V4,105.33967261260001,ha,2024-03-30,2024-08-13,0,2.2805773965083063,t_ha,2.2805773965083063,0,0,28.390503726433963,139.3,4,130.34406080842018,mm,0,623.5888537485152,mm,0,18.85033021075651,0,NA,NA,0,0,0,49.265796064311175,32.96725059500616,0,Chernozem,AgroService Ltd,добре,2024-05-08,0,F0076
726,F0076,FARM03,2024,Soy,Soy-V4,105.3,ha,2024-03-30,2024-08-13,0,2.2805773965083063,t_ha,2.2805773965083063,1,0,28.390503726433963,139.3,4,130.34406080842018,mm,0,623.5888537485152,mm,0,18.85033021075651,0,0.40697525246068833,0.5270534702809527,0,0,0,49.265796064311175,32.96725059500616,0,Chernozem,AgroService Ltd,добре,2024-05-28,0,F0076
61,F0076,FARM03,2024,Soy,Soy-V4,NA,NA,2024-03-30,2024-08-13,0,2.2805773965083063,t_ha,2.2805773965083063,1,0,28.390503726433963,139.3,4,130.34406080842018,mm,0,NA,NA,0,18.85033021075651,0,0.4151455805636942,0.5469826844288036,0,0,0,49.265796064311175,32.96725059500616,0,Chernozem,AgroService Ltd,добре,2024-05-31,0,F0076
780,F0076,FARM03,2024,Soy,Soy-V4,105.3,ha,2024-03-30,2024-08-13,0,2.2805773965083063,t_ha,2.2805773965083063,0,0,28.390503726433963,139.3,4,130.34406080842018,mm,0,623.5888537485152,mm,0,18.85033021075651,0,0.7853728115092963,0.8745859617600217,0,0,0,49.265796064311175,32.96725059500616,0,NA,AgroService Ltd,добре,2024-06-04,0,F0076
535,F0076,FARM03,2024,Soy,Soy-V4,105.33967261260001,ha,2024-03-30,2024-08-13,0,2.2805773965083063,t_ha,2.2805773965083063,1,0,35,139.3,4,130.34406080842018,mm,0,623.5888537485152,mm,0,18.85033021075651,0,NA,NA,0,0,0,49.265796064311175,32.96725059500616,0,Chernozem,AgroService Ltd,добре,2024-06-15,0,F0076
759,F0076,FARM03,2024,Soy,Soy-V4,105.3,ha,2024-03-30,2024-08-13,0,2.2805773965083063,t_ha,2.2805773965083063,0,0,28.390503726433963,139.3,4,130.34406080842018,mm,0,623.5888537485152,mm,0,18.85033021075651,0,0.7325161342974752,0.8361952123232186,0,0,0,49.265796064311175,32.96725059500616,0,Chernozem,AgroService Ltd,добре,2024-07-10,0,F0076
201,F0076,FARM03,2024,Soy,Soy-V4,105.3,ha,2024-03-30,2024-08-13,0,2.2805773965083063,t_ha,2.2805773965083063,0,0,35,139.3,4,130.34406080842018,mm,0,623.5888537485152,mm,0,18.85033021075651,0,0.5130572286667302,0.5661187612684443,0,0,0,49.265796064311175,32.96725059500616,0,Chernozem,AgroService Ltd,добре,2024-07-13,0,F0076
187,F0076,FARM03,2024,Soy,Soy-V4,105.3,ha,2024-03-30,2024-08-13,0,2.2805773965083063,t_ha,2.2805773965083063,0,0,28.390503726433963,139.3,4,130.34406080842018,mm,0,623.5888537485152,mm,0,18.85033021075651,0,0.6651546203298494,0.7244562813546508,0,0,0,49.265796064311175,32.96725059500616,0,Chernozem,AgroService Ltd,добре,2024-08-05,0,F0076
1385,F0076,FARM03,2024,Soy,Soy-V4,105.3,ha,2024-03-30,2024-08-13,0,2.2805773965083063,t_ha,2.2805773965083063,0,0,28.390503726433963,139.3,4,130.34406080842018,mm,0,NA,mm,1,18.85033021075651,0,0.6515376722905785,0.7846854532137513,0,0,0,49.265796064311175,32.96725059500616,0,Chernozem,AgroService Ltd,добре,2024-08-24,0,F0076
1378,F0077,FARM04,2024,Wheat,Wheat-V4,41.156529791400004,ha,2024-03-30,2024-09-05,0,6.755926354788244,t_ha,6.755926354788244,0,0,30.263744741445407,109.5,5,243.18909210851416,mm,0,176.70616175746545,mm,0,17.99898967705667,0,0.6124033854808658,0.6830470736604184,0,0,0,49.33041619112436,30.646195764256642,0,Chernozem,AgroService Ltd,норма,2024-05-13,0,F0077
31,F0077,FARM04,2024,Wheat,Wheat-V4,41.1,ha,2024-03-30,2024-09-05,0,6.755926354788244,t_ha,6.755926354788244,0,0,30.263744741445407,109.5,5,243.18909210851416,mm,0,176.70616175746545,mm,0,17.99898967705667,0,NA,NA,0,0,0,49.33041619112436,30.646195764256642,0,Chernozem,AgroService Ltd,норма,2024-06-08,0,F0077
781,F0077,FARM04,2024,Wheat,Wheat-V4,41.156529791400004,ha,2024-03-30,2024-09-05,0,6.755926354788244,t_ha,6.755926354788244,0,0,30.263744741445407,109.5,5,243.18909210851416,mm,0,176.70616175746545,mm,0,17.99898967705667,0,0.4735894646961242,0.5876918653259053,0,0,0,49.33041619112436,30.646195764256642,0,NA,AgroService Ltd,норма,2024-06-17,0,F0077
348,F0077,FARM04,2024,Wheat,Wheat-V4,41.1,ha,2024-03-30,2024-09-05,0,6.755926354788244,t_ha,6.755926354788244,0,0,30.263744741445407,109.5,5,243.18909210851416,mm,0,176.70616175746545,mm,0,17.99898967705667,0,0.8193588453810662,0.9148987086955458,0,0,0,49.33041619112436,30.646195764256642,0,Chernozem,AgroService Ltd,норма,2024-07-07,0,F0077
119,F0077,FARM04,2024,Wheat,Wheat-V4,41.1,ha,2024-03-30,2024-09-05,0,6.755926354788244,t_ha,6.755926354788244,1,0,30.263744741445407,109.5,5,243.1890921085142,mm,0,176.70616175746545,mm,0,17.99898967705667,0,0.6077606712002307,0.6636168242199346,0,0,0,49.33041619112436,30.646195764256642,0,Chernozem,AgroService Ltd,норма,2024-07-14,0,F0077
547,F0077,FARM04,2024,Wheat,Wheat-V4,41.1,ha,2024-03-30,2024-09-05,0,6.755926354788244,t_ha,6.755926354788244,0,0,30.263744741445407,109.5,5,243.1890921085142,mm,0,176.70616175746545,mm,0,17.99898967705667,0,0.8432262568036094,0.9444298146059736,0,0,0,49.33041619112436,30.646195764256642,0,Chernozem,AgroService Ltd,норма,2024-07-17,0,F0077
541,F0077,FARM04,2024,Wheat,Wheat-V4,41.1,ha,2024-03-30,2024-09-05,1,6.755926354788244,t_ha,6.755926354788244,1,0,30.263744741445407,109.5,5,243.18909210851416,mm,0,176.70616175746545,mm,0,17.99898967705667,0,0.8113371766172349,0.8680105827748775,0,0,0,49.33041619112436,30.646195764256642,0,Chernozem,AgroService Ltd,норма,2024-09-27,0,F0077
1309,F0078,FARM04,2024,Wheat,Wheat-V4,60.5,ha,2024-03-15,2024-09-30,0,3.7667646219488233,t_ha,3.7667646219488233,0,0,9.50673251086846,207.2,4,119.60634811548516,mm,0,416.9765734812245,mm,0,20.577170668635517,0,0.6163457250455394,0.6727717723464594,0,0,0,49.716007533497645,31.84393829084095,0,Loam,Field Master,проблема з дренажем,2024-05-10,0,F0078
1025,F0078,FARM04,2024,Wheat,Wheat-V4,60.500503479,ha,2024-03-15,2024-09-30,0,3.7667646219488233,t_ha,3.7667646219488233,0,0,9.50673251086846,207.2,4,119.60634811548516,mm,0,416.9765734812245,mm,0,20.577170668635517,0,0.5781694774283096,0.6868391645839438,0,0,0,49.716007533497645,31.84393829084095,0,Loam,Field Master,проблема з дренажем,2024-06-17,0,F0078
1255,F0078,FARM04,2024,Wheat,Wheat-V4,NA,NA,2024-03-15,2024-09-30,0,3.7667646219488233,t_ha,3.7667646219488233,1,0,9.50673251086846,207.2,4,119.60634811548516,mm,0,416.9765734812245,mm,0,20.577170668635517,0,0.46750246852170674,0.5990289238747208,0,0,0,49.716007533497645,31.84393829084095,0,Loam,Field Master,проблема з дренажем,2024-07-06,0,F0078
259,F0078,FARM04,2024,Wheat,Wheat-V4,60.5,ha,2024-03-15,2024-09-30,0,3.7667646219488233,t_ha,3.7667646219488233,1,0,9.50673251086846,207.2,4,119.60634811548515,mm,0,416.9765734812245,mm,0,20.577170668635517,0,0.5036894175224006,0.5603954778518527,0,0,0,49.716007533497645,31.84393829084095,0,Loam,Field Master,проблема з дренажем,2024-07-19,0,F0078
836,F0078,FARM04,2024,Wheat,Wheat-V4,60.500503479,ha,2024-03-15,2024-09-30,0,3.7667646219488233,t_ha,3.7667646219488233,1,0,9.50673251086846,207.2,4,119.60634811548516,mm,0,416.9765734812245,mm,0,20.577170668635517,0,0.4875683817313984,0.5552897837013006,0,0,0,49.716007533497645,31.84393829084095,0,Loam,Field Master,проблема з дренажем,2024-07-22,0,F0078
470,F0078,FARM04,2024,Wheat,Wheat-V4,60.500503479,ha,2024-03-15,2024-09-30,0,3.7667646219488233,t_ha,3.7667646219488233,0,0,9.50673251086846,207.2,4,119.60634811548515,mm,0,416.9765734812245,mm,0,20.577170668635517,0,0.6171090512303635,0.6980219079647213,0,0,0,49.716007533497645,31.84393829084095,0,Loam,Field Master,проблема з дренажем,2024-07-23,0,F0078
608,F0078,FARM04,2024,Wheat,Wheat-V4,60.500503479,ha,2024-03-15,2024-09-30,0,3.7667646219488233,t_ha,3.7667646219488233,1,0,9.50673251086846,207.2,4,119.60634811548516,mm,0,416.9765734812245,mm,0,20.577170668635517,0,0.6422300590435043,0.7320090723223984,0,0,0,49.716007533497645,31.84393829084095,0,Loam,Field Master,проблема з дренажем,2024-08-01,0,F0078
1210,F0078,FARM04,2024,Wheat,Wheat-V4,60.500503479,ha,2024-03-15,2024-09-30,0,3.7667646219488233,t_ha,3.7667646219488233,1,0,9.50673251086846,207.2,4,119.60634811548516,mm,0,416.9765734812245,mm,0,20.577170668635517,0,0.48910110015422104,0.5842984100570902,0,0,0,49.716007533497645,31.84393829084095,0,Loam,Field Master,проблема з дренажем,2024-08-27,0,F0078
1454,F0078,FARM04,2024,Wheat,Wheat-V4,60.500503479,ha,2024-03-15,2024-09-30,0,3.7667646219488233,t_ha,3.7667646219488233,1,0,9.50673251086846,207.2,4,119.60634811548516,mm,0,NA,NA,0,20.577170668635517,0,0.6133949761511758,0.7115526811685413,0,0,0,49.716007533497645,31.84393829084095,0,Loam,Field Master,проблема з дренажем,2024-09-14,0,F0078
910,F0079,FARM10,2024,Soy,Soy-V2,65.963759646,ha,2024-04-19,2024-07-25,0,NA,t_ha,NA,0,0,11.0691018528305,171,6,389.61235565366223,mm,0,175.81010466674343,mm,0,17.81048515252769,0,0.5615252939984202,0.6500020479550584,0,0,0,48.73916009413311,33.228937569202856,0,Sandy,AgroService Ltd,посуха,2024-05-05,0,F0079
539,F0079,FARM10,2024,Soy,Soy-V2,66,ha,2024-04-19,2024-07-25,0,NA,t_ha,NA,0,0,11.0691018528305,171,6,389.61235565366223,mm,0,175.81010466674343,mm,0,17.81048515252769,0,0.5484953535720706,0.6681857398245483,0,0,0,48.73916009413311,33.228937569202856,0,Sandy,AgroService Ltd,посуха,2024-05-11,0,F0079
98,F0079,FARM10,2024,Soy,Soy-V2,66,ha,2024-04-19,2024-07-25,0,NA,t_ha,NA,0,0,11.0691018528305,171,6,389.61235565366223,mm,0,175.81010466674343,mm,0,17.81048515252769,0,NA,NA,0,0,0,48.73916009413311,33.228937569202856,0,Sandy,AgroService Ltd,посуха,2024-06-07,0,F0079
383,F0079,FARM10,2024,Soy,Soy-V2,65.963759646,ha,2024-04-19,2024-07-25,0,NA,t_ha,NA,0,0,11.0691018528305,171,6,389.61235565366223,mm,0,175.81010466674343,mm,0,17.81048515252769,0,NA,NA,0,0,0,48.73916009413311,33.228937569202856,0,Sandy,AgroService Ltd,посуха,2024-07-02,0,F0079
534,F0079,FARM10,2024,Soy,Soy-V2,66,ha,2024-04-19,2024-07-25,0,NA,t_ha,NA,0,0,11.0691018528305,171,6,389.61235565366223,mm,0,175.81010466674343,mm,0,17.81048515252769,0,0.40931961245369164,0.5259740867419168,0,0,0,48.73916009413311,33.228937569202856,0,Sandy,AgroService Ltd,посуха,2024-07-15,0,F0079
122,F0079,FARM10,2024,Soy,Soy-V2,65.963759646,ha,2024-04-19,2024-07-25,0,NA,t_ha,NA,0,0,11.0691018528305,171,6,NA,NA,0,175.81010466674343,mm,0,17.81048515252769,0,0.5002755616093054,0.6131092608673497,0,0,0,48.73916009413311,33.228937569202856,0,Sandy,AgroService Ltd,посуха,2024-09-19,0,F0079
995,F0079,FARM10,2024,Soy,Soy-V2,NA,NA,2024-04-19,2024-07-25,0,NA,t_ha,NA,0,0,11.0691018528305,171,6,389.61235565366223,mm,0,175.81010466674343,mm,0,17.81048515252769,0,0,0.7213980203494429,1,0,0,48.73916009413311,33.228937569202856,0,Sandy,AgroService Ltd,посуха,2024-09-27,0,F0079
610,F0080,FARM04,2024,Soy,Soy-V5,25.2,ha,2024-05-08,2024-09-03,0,34.91442258656025,t_ha,34.91442258656025,1,1,28.996699631214142,47.2,2,0,mm,0,326.4474817784503,mm,0,19.707293085753918,0,0.5352903738617897,0.6214771741768345,0,0,0,49.301019012641625,29.616434515206144,0,Loam,AgroService Ltd,норма,2024-05-08,0,F0080
129,F0080,FARM04,2024,Soy,Soy-V5,25.171446932400002,ha,2024-05-08,2024-09-03,0,NA,NA,NA,0,0,28.996699631214142,47.2,2,0,mm,0,326.4474817784503,mm,0,19.707293085753918,0,0.7819762351224199,0.855403089011088,0,0,0,49.301019012641625,29.616434515206144,0,Loam,AgroService Ltd,норма,2024-05-18,0,F0080
653,F0080,FARM04,2024,Soy,Soy-V5,25.2,ha,2024-05-08,2024-09-03,0,2.089523832895793,t_ha,2.089523832895793,1,0,28.996699631214142,47.2,2,0,mm,0,326.4474817784503,mm,0,19.707293085753918,0,0.7315627763979137,0.8631767648272216,0,0,0,49.301019012641625,29.616434515206144,0,Loam,AgroService Ltd,норма,2024-06-18,0,F0080
620,F0080,FARM04,2024,Soy,Soy-V5,NA,NA,2024-05-08,2024-09-03,0,2.089523832895793,t_ha,2.089523832895793,1,0,28.996699631214142,47.2,2,0,mm,0,326.4474817784503,mm,0,19.707293085753918,0,0.7922213677316904,0.898706216015853,0,0,0,49.301019012641625,29.616434515206144,0,Loam,AgroService Ltd,норма,2024-07-11,0,F0080
642,F0080,FARM04,2024,Soy,Soy-V5,25.2,ha,2024-05-08,2024-09-03,0,2.089523832895793,t_ha,2.089523832895793,1,0,28.996699631214142,47.2,2,0,mm,0,NA,NA,0,19.707293085753918,0,NA,NA,0,0,0,49.301019012641625,29.616434515206144,0,Loam,AgroService Ltd,норма,2024-07-27,0,F0080
1506,F0080,FARM04,2024,Soy,Soy-V5,NA,NA,2024-05-08,2024-09-03,0,2.089523832895793,t_ha,2.089523832895793,0,0,28.996699631214142,47.2,2,0,mm,0,326.4474817784503,mm,0,19.707293085753918,0,NA,NA,0,0,0,49.301019012641625,29.616434515206144,0,Loam,AgroService Ltd,норма,2024-08-09,0,F0080
1344,F0080,FARM04,2024,Soy,Soy-V5,25.171446932400002,ha,2024-05-08,2024-09-03,0,2.089523832895793,t_ha,2.089523832895793,0,0,28.996699631214142,47.2,2,0,mm,0,NA,NA,0,19.707293085753918,0,0.5806986629264429,0.7264934566803276,0,0,0,49.301019012641625,29.616434515206144,0,Loam,AgroService Ltd,норма,2024-09-23,0,F0080
1354,F0080,FARM04,2024,Soy,Soy-V5,25.2,ha,2024-05-08,2024-09-03,0,2.089523832895793,t_ha,2.089523832895793,0,0,28.996699631214142,47.2,2,0,mm,0,NA,NA,0,19.707293085753918,0,0.7410693649668246,0.8076128690037876,0,0,0,49.301019012641625,29.616434515206144,0,Loam,AgroService Ltd,норма,2024-09-24,0,F0080
606,F0081,FARM11,2024,Soy,Soy-V3,102.2,ha,2024-03-21,2024-09-03,0,NA,t_ha,NA,0,0,31.022788552334532,54.4,5,99.40350014949217,mm,0,593.7410652521066,mm,0,21.848467608215287,0,0.5962832785677165,0.7024126040749251,0,0,0,49.64354762136284,33.545173297272534,0,Chernozem,Field Master,добре,2024-05-11,0,F0081
1301,F0081,FARM11,2024,Soy,Soy-V3,102.2235931692,ha,2024-03-21,2024-09-03,0,NA,t_ha,NA,0,0,31.022788552334532,54.4,5,99.40350014949217,mm,0,593.7410652521066,mm,0,21.848467608215287,0,0.4294057820457965,0.5713833310874179,0,0,0,49.64354762136284,33.545173297272534,0,Chernozem,Field Master,добре,2024-06-09,0,F0081
43,F0081,FARM11,2024,Soy,Soy-V3,102.2,ha,2024-03-21,2024-09-03,0,NA,NA,NA,0,0,31.022788552334532,54.4,5,99.40350014949217,mm,0,593.7410652521066,mm,0,21.848467608215287,0,0.6251455827383324,0.6861133854836226,0,0,0,49.64354762136284,33.545173297272534,0,Chernozem,Field Master,добре,2024-07-11,0,F0081
1444,F0081,FARM11,2024,Soy,Soy-V3,102.2,ha,2024-03-21,2024-09-03,0,NA,t_ha,NA,0,0,31.022788552334532,54.4,5,99.40350014949217,mm,0,593.7410652521066,mm,0,21.848467608215287,0,0.679909443273209,0.7534295249730348,0,0,0,49.64354762136284,33.545173297272534,0,NA,Field Master,добре,2024-08-05,0,F0081
695,F0081,FARM11,2024,Soy,Soy-V3,102.2,ha,2024-03-21,2024-09-03,0,NA,t_ha,NA,0,0,31.022788552334532,54.4,5,99.40350014949217,mm,0,593.7410652521066,mm,0,21.848467608215287,0,0.5405548681970685,0.6656775071518495,0,0,0,49.64354762136284,33.545173297272534,0,Chernozem,Field Master,добре,2024-08-25,0,F0081
764,F0081,FARM11,2024,Soy,Soy-V3,102.2235931692,ha,2024-03-21,2024-09-03,0,NA,t_ha,NA,0,0,31.022788552334532,54.4,5,99.40350014949217,mm,0,593.7410652521066,mm,0,21.848467608215287,0,0.47247366504743693,0.5304878200404346,0,0,0,49.64354762136284,33.545173297272534,0,Chernozem,Field Master,добре,2024-08-28,0,F0081
1117,F0081,FARM11,2024,Soy,Soy-V3,102.2,ha,2024-03-21,2024-09-03,0,NA,t_ha,NA,0,0,31.022788552334532,54.4,5,NA,NA,0,593.7410652521066,mm,0,21.848467608215287,0,0.4865412994055077,0.6311993536539375,0,0,0,49.64354762136284,33.545173297272534,0,Chernozem,Field Master,добре,2024-09-26,0,F0081
403,F0082,FARM10,2024,Wheat,Wheat-V4,NA,NA,2024-03-29,2024-07-29,0,NA,NA,NA,0,0,32.46651548938826,12.3,4,50.7750705932267,mm,0,467.5954924430698,mm,0,14.567363708978519,0,0.7829872413072735,0.8931022901786491,0,0,0,49.167345152378545,31.0308623474706,0,NA,UkrAgroTech,без примітки,2024-05-11,0,F0082
971,F0082,FARM10,2024,Wheat,Wheat-V4,19.2,ha,2024-03-29,2024-07-29,0,NA,NA,NA,0,0,32.46651548938826,12.3,4,50.7750705932267,mm,0,467.5954924430699,mm,0,14.567363708978519,0,0.5986079175723716,0.7017654231283813,0,0,0,49.167345152378545,31.0308623474706,0,Chernozem,UkrAgroTech,без примітки,2024-05-14,0,F0082
144,F0082,FARM10,2024,Wheat,Wheat-V4,19.2,ha,2024-03-29,2024-07-29,0,6.10893265530467,t_ha,6.10893265530467,0,0,32.46651548938826,12.3,4,50.7750705932267,mm,0,467.5954924430698,mm,0,14.567363708978519,0,0.42411260774824766,0.5691227999748663,0,0,0,49.167345152378545,31.0308623474706,0,Chernozem,UkrAgroTech,без примітки,2024-05-25,0,F0082
57,F0082,FARM10,2024,Wheat,Wheat-V4,19.2,ha,2024-03-29,2024-07-29,0,NA,NA,NA,0,0,32.46651548938826,12.3,4,50.7750705932267,mm,0,467.5954924430698,mm,0,14.567363708978519,0,0.3657588896108791,0.5,0,0,0,49.167345152378545,31.0308623474706,0,Chernozem,UkrAgroTech,без примітки,2024-06-03,0,F0082
1503,F0082,FARM10,2024,Wheat,Wheat-V4,19.2,ha,2024-03-29,2024-07-29,0,6.10893265530467,t_ha,6.10893265530467,1,0,32.46651548938826,12.3,4,50.7750705932267,mm,0,467.5954924430698,mm,0,14.567363708978519,0,0.7307515644002706,0.8738855631323531,0,0,0,49.167345152378545,31.0308623474706,0,Chernozem,UkrAgroTech,без примітки,2024-08-17,0,F0082
1313,F0082,FARM10,2024,Wheat,Wheat-V4,NA,NA,2024-03-29,2024-07-29,0,6.10893265530467,t_ha,6.10893265530467,1,0,32.46651548938826,12.3,4,NA,NA,0,467.5954924430698,mm,0,14.567363708978519,0,NA,NA,0,0,0,49.167345152378545,31.0308623474706,0,Chernozem,UkrAgroTech,без примітки,2024-08-30,0,F0082
605,F0082,FARM10,2024,Wheat,Wheat-V4,19.1820994308,ha,2024-03-29,2024-07-29,0,6.10893265530467,t_ha,6.10893265530467,1,0,32.46651548938826,12.3,4,50.7750705932267,mm,0,467.5954924430699,mm,0,NA,1,0.5109377767890692,0.6033252019667997,0,0,0,49.167345152378545,31.0308623474706,0,Chernozem,UkrAgroTech,без примітки,2024-09-02,0,F0082
1065,F0082,FARM10,2024,Wheat,Wheat-V4,19.2,ha,2024-03-29,2024-07-29,0,6.10893265530467,t_ha,6.10893265530467,0,0,32.46651548938826,12.3,4,NA,NA,0,467.5954924430698,mm,0,14.567363708978519,0,0.4878448902396485,0.6366150732152164,0,0,0,49.167345152378545,31.0308623474706,0,Chernozem,UkrAgroTech,без примітки,2024-09-03,0,F0082
834,F0083,FARM07,2024,Corn,Corn-V1,119.5,ha,2024-05-20,2024-07-27,0,6.069537280127406,t_ha,6.069537280127406,0,0,20.176201664609835,205.8,2,323.91201201826334,mm,0,603.208830812946,mm,0,18.38617093511857,0,0.7026061915326863,0.8225956005509942,0,0,0,49.92360987884924,30.777254025735893,0,Sandy,SunField Co,без примітки,2024-05-13,0,F0083
20,F0083,FARM07,2024,Corn,Corn-V1,119.5,ha,2024-05-20,2024-07-27,0,6.069537280127406,t_ha,6.069537280127406,0,0,20.176201664609835,205.8,2,323.91201201826334,mm,0,603.208830812946,mm,0,18.38617093511857,0,0.6748909683898091,0.790119553427212,0,0,0,49.92360987884924,30.777254025735893,0,Sandy,SunField Co,без примітки,2024-05-16,0,F0083
1182,F0083,FARM07,2024,Corn,Corn-V1,119.4632015184,ha,2024-05-20,2024-07-27,0,6.069537280127406,t_ha,6.069537280127406,0,0,20.176201664609835,205.8,2,323.91201201826334,mm,0,603.208830812946,mm,0,18.38617093511857,0,0.4537044248078018,0.5981930458685383,0,0,0,49.92360987884924,30.777254025735893,0,Sandy,SunField Co,без примітки,2024-05-21,0,F0083
1053,F0083,FARM07,2024,Corn,Corn-V1,119.5,ha,2024-05-20,2024-07-27,0,6.069537280127406,t_ha,6.069537280127406,1,0,20.176201664609835,205.8,2,323.91201201826334,mm,0,603.208830812946,mm,0,18.38617093511857,0,0.5779782944824546,0.6687459647189825,0,0,0,49.92360987884924,30.777254025735893,0,Sandy,SunField Co,без примітки,2024-06-24,0,F0083
449,F0083,FARM07,2024,Corn,Corn-V1,119.5,ha,2024-05-20,2024-07-27,0,6.069537280127406,t_ha,6.069537280127406,0,0,20.176201664609835,205.8,2,323.91201201826334,mm,0,603.208830812946,mm,0,18.38617093511857,0,0.6154793489491567,0.6759394780965522,0,0,0,49.92360987884924,30.777254025735893,0,Sandy,SunField Co,без примітки,2024-06-27,0,F0083
352,F0083,FARM07,2024,Corn,Corn-V1,119.5,ha,2024-05-20,2024-07-27,0,6.069537280127406,t_ha,6.069537280127406,0,0,20.176201664609835,205.8,2,323.91201201826334,mm,0,603.208830812946,mm,0,18.38617093511857,0,NA,NA,0,0,0,49.92360987884924,30.777254025735893,0,Sandy,SunField Co,без примітки,2024-07-11,0,F0083
217,F0083,FARM07,2024,Corn,Corn-V1,119.5,ha,2024-05-20,2024-07-27,0,6.069537280127406,t_ha,6.069537280127406,0,0,20.176201664609835,205.8,2,323.91201201826334,mm,0,NA,NA,0,18.38617093511857,0,0.5631796835456043,0.6827125196112319,0,0,0,49.92360987884924,30.777254025735893,0,Sandy,SunField Co,без примітки,2024-07-28,0,F0083
317,F0083,FARM07,2024,Corn,Corn-V1,119.5,ha,2024-05-20,2024-07-27,0,NA,NA,NA,0,0,20.176201664609835,205.8,2,NA,NA,0,603.208830812946,mm,0,18.38617093511857,0,0.6313123195664957,0.7361601927084848,0,0,0,49.92360987884924,30.777254025735893,0,NA,SunField Co,без примітки,2024-08-10,0,F0083
265,F0083,FARM07,2024,Corn,Corn-V1,119.4632015184,ha,2024-05-20,2024-07-27,0,6.069537280127406,t_ha,6.069537280127406,0,0,20.176201664609835,205.8,2,323.91201201826334,mm,0,603.208830812946,mm,0,18.38617093511857,0,0.788685622648336,0.8904397648526355,0,0,0,49.92360987884924,30.777254025735893,0,Sandy,SunField Co,без примітки,2024-09-15,0,F0083
878,F0084,FARM08,2024,Soy,Soy-V4,33.8,ha,2024-03-29,2024-10-02,0,2.389848417136818,t_ha,2.389848417136818,1,0,33.855568261118606,32.6,5,117.36695780418813,mm,0,205.25239204289392,mm,0,20.816378625808284,0,0.5869422171032056,0.6581939479336142,0,0,0,49.115645309073386,31.39496738188202,0,Chernozem,SunField Co,посуха,2024-05-03,0,F0084
68,F0084,FARM08,2024,Soy,Soy-V4,33.791251107,ha,2024-03-29,2024-10-02,0,2.389848417136818,t_ha,2.389848417136818,0,0,33.855568261118606,32.6,5,117.36695780418813,mm,0,205.25239204289392,mm,0,20.816378625808284,0,0.6522784056374803,0.7563279331428929,0,0,0,49.115645309073386,31.39496738188202,0,Chernozem,SunField Co,посуха,2024-05-24,0,F0084
944,F0084,FARM08,2024,Soy,Soy-V4,33.791251107,ha,2024-03-29,2024-10-02,0,NA,NA,NA,0,0,33.855568261118606,32.6,5,117.36695780418813,mm,0,205.25239204289392,mm,0,20.816378625808284,0,0.742609782051295,0.7967040681047365,0,0,0,49.115645309073386,31.39496738188202,0,Chernozem,SunField Co,посуха,2024-05-31,0,F0084
806,F0084,FARM08,2024,Soy,Soy-V4,NA,NA,2024-03-29,2024-10-02,0,2.389848417136818,t_ha,2.389848417136818,0,0,33.855568261118606,32.6,5,117.36695780418813,mm,0,205.25239204289392,mm,0,20.816378625808284,0,0.41363475997932253,0.5041145170340314,0,0,0,49.115645309073386,31.39496738188202,0,Chernozem,SunField Co,посуха,2024-06-15,0,F0084
128,F0084,FARM08,2024,Soy,Soy-V4,33.8,ha,2024-03-29,2024-10-02,0,2.389848417136818,t_ha,2.389848417136818,1,0,33.855568261118606,32.6,5,NA,NA,0,205.25239204289392,mm,0,20.816378625808284,0,0.41233268324285743,0.5,0,0,0,49.115645309073386,31.39496738188202,0,Chernozem,SunField Co,посуха,2024-06-17,0,F0084
1446,F0084,FARM08,2024,Soy,Soy-V4,33.8,ha,2024-03-29,2024-10-02,0,2.389848417136818,t_ha,2.389848417136818,0,0,33.855568261118606,32.6,5,117.36695780418813,mm,0,205.25239204289392,mm,0,20.816378625808284,0,0.37386178518645463,0.5,0,0,0,49.115645309073386,31.39496738188202,0,Chernozem,SunField Co,посуха,2024-08-04,0,F0084
815,F0084,FARM08,2024,Soy,Soy-V4,33.8,ha,2024-03-29,2024-10-02,0,2.389848417136818,t_ha,2.389848417136818,0,0,33.855568261118606,32.6,5,117.36695780418813,mm,0,205.25239204289392,mm,0,20.816378625808284,0,0.7228817589581013,0.8344841727288439,0,0,0,49.115645309073386,31.39496738188202,0,Chernozem,SunField Co,посуха,2024-08-14,0,F0084
44,F0084,FARM08,2024,Soy,Soy-V4,33.8,ha,2024-03-29,2024-10-02,0,2.389848417136818,t_ha,2.389848417136818,1,0,33.855568261118606,32.6,5,117.36695780418813,mm,0,205.25239204289392,mm,0,20.816378625808284,0,NA,NA,0,0,0,49.115645309073386,31.39496738188202,0,Chernozem,SunField Co,посуха,2024-08-25,0,F0084
1396,F0085,FARM01,2024,Corn,Corn-V5,43.099020873,ha,2024-03-22,2024-09-10,0,5.885165813146159,t_ha,5.885165813146159,0,0,20.907615615054965,148.5,2,81.63947711000219,mm,0,153.01108391722664,mm,0,19.693877591053024,0,0.7740928172366693,0.9117169417673722,0,0,0,49.037773122534155,33.29814495395497,0,Chernozem,GreenCrop,добре,2024-06-23,0,F0085
748,F0085,FARM01,2024,Corn,Corn-V5,43.1,ha,2024-03-22,2024-09-10,0,5.885165813146159,t_ha,5.885165813146159,0,0,20.907615615054965,148.5,2,81.63947711000219,mm,0,153.01108391722664,mm,0,19.693877591053024,0,0.5374228483065963,0.6399940374772995,0,0,0,49.037773122534155,33.29814495395497,0,Chernozem,GreenCrop,добре,2024-07-06,0,F0085
86,F0085,FARM01,2024,Corn,Corn-V5,43.1,ha,2024-03-22,2024-09-10,0,5.885165813146159,t_ha,5.885165813146159,0,0,20.907615615054965,148.5,2,81.63947711000219,mm,0,NA,NA,0,19.693877591053024,0,NA,NA,0,0,0,49.037773122534155,33.29814495395497,0,Chernozem,GreenCrop,добре,2024-07-07,0,F0085
39,F0085,FARM01,2024,Corn,Corn-V5,43.099020873,ha,2024-03-22,2024-09-10,0,5.885165813146159,t_ha,5.885165813146159,1,0,20.907615615054965,148.5,2,81.63947711000219,mm,0,153.01108391722664,mm,0,19.693877591053024,0,0.754299829271622,0.8418369960971176,0,0,0,49.037773122534155,33.29814495395497,0,Chernozem,GreenCrop,добре,2024-07-17,0,F0085
1106,F0085,FARM01,2024,Corn,Corn-V5,43.099020873,ha,2024-03-22,2024-09-10,0,5.885165813146159,t_ha,5.885165813146159,1,0,20.907615615054965,148.5,2,81.63947711000219,mm,0,153.01108391722664,mm,0,19.693877591053024,0,0.684590251557529,0.7507559520425274,0,0,0,49.037773122534155,33.29814495395497,0,Chernozem,GreenCrop,добре,2024-07-31,0,F0085
1201,F0085,FARM01,2024,Corn,Corn-V5,43.1,ha,2024-03-22,2024-09-10,0,5.885165813146159,t_ha,5.885165813146159,1,0,20.907615615054965,148.5,2,81.63947711000219,mm,0,153.01108391722664,mm,0,19.693877591053024,0,0.7915533730061725,0.8632708531571552,0,0,0,49.037773122534155,33.29814495395497,0,Chernozem,GreenCrop,добре,2024-08-05,0,F0085
1023,F0085,FARM01,2024,Corn,Corn-V5,43.1,ha,2024-03-22,2024-09-10,0,5.885165813146159,t_ha,5.885165813146159,0,0,20.907615615054965,148.5,2,NA,NA,0,153.01108391722664,mm,0,19.693877591053024,0,0.7009459339547902,0.808491241862066,0,0,0,49.037773122534155,33.29814495395497,0,Chernozem,GreenCrop,добре,2024-09-03,0,F0085
1198,F0085,FARM01,2024,Corn,Corn-V5,43.1,ha,2024-03-22,2024-09-10,0,5.885165813146159,t_ha,5.885165813146159,1,0,20.907615615054965,148.5,2,81.63947711000219,mm,0,153.01108391722664,mm,0,19.693877591053024,0,0.36663763006217776,0.5,0,0,0,49.037773122534155,33.29814495395497,0,Chernozem,GreenCrop,добре,2024-09-25,0,F0085
955,F0086,FARM10,2024,Wheat,Wheat-V4,76.6,ha,2024-04-14,2024-08-26,0,6.102835570462048,t_ha,6.102835570462048,1,0,29.41356469434686,148.9,6,388.3000611211173,mm,0,261.60426371498033,mm,0,12.95841936999932,0,0.6190210425062105,0.697181049385108,0,0,0,49.46506709000236,30.871625154437965,0,Clay,UkrAgroTech,посуха,2024-06-04,0,F0086
442,F0086,FARM10,2024,Wheat,Wheat-V4,76.6,ha,2024-04-14,2024-08-26,0,6.102835570462048,t_ha,6.102835570462048,1,0,29.41356469434686,148.9,6,388.3000611211173,mm,0,NA,mm,1,12.95841936999932,0,0.7618620668305084,0.8393118091393262,0,0,0,49.46506709000236,30.871625154437965,0,Clay,UkrAgroTech,посуха,2024-06-09,0,F0086
350,F0086,FARM10,2024,Wheat,Wheat-V4,76.6,ha,2024-04-14,2024-08-26,0,6.102835570462048,t_ha,6.102835570462048,0,0,29.41356469434686,148.9,6,388.3000611211173,mm,0,261.60426371498033,mm,0,12.95841936999932,0,0.5317731852643192,0.6586387722752989,0,0,0,49.46506709000236,30.871625154437965,0,Clay,UkrAgroTech,посуха,2024-06-14,0,F0086
41,F0086,FARM10,2024,Wheat,Wheat-V4,76.6,ha,2024-04-14,2024-08-26,0,6.102835570462048,t_ha,6.102835570462048,1,0,35,148.9,6,388.3000611211173,mm,0,261.60426371498033,mm,0,12.95841936999932,0,0.5155612463364377,0.6214501134352758,0,0,0,49.46506709000236,30.871625154437965,0,Clay,UkrAgroTech,посуха,2024-06-16,0,F0086
71,F0086,FARM10,2024,Wheat,Wheat-V4,76.6,ha,2024-04-14,2024-08-26,0,6.102835570462048,t_ha,6.102835570462048,1,0,29.41356469434686,148.9,6,388.3000611211173,mm,0,261.60426371498033,mm,0,12.95841936999932,0,NA,NA,0,0,0,49.46506709000236,30.871625154437965,0,Clay,UkrAgroTech,посуха,2024-07-31,0,F0086
925,F0086,FARM10,2024,Wheat,Wheat-V4,76.60699203060001,ha,2024-04-14,2024-08-26,0,6.102835570462048,t_ha,6.102835570462048,0,0,29.41356469434686,148.9,6,388.3000611211173,mm,0,261.60426371498033,mm,0,12.95841936999932,0,0.5153937069931999,0.6252625213004648,0,0,0,49.46506709000236,30.871625154437965,0,Clay,UkrAgroTech,посуха,2024-08-02,0,F0086
432,F0086,FARM10,2024,Wheat,Wheat-V4,76.6,ha,2024-04-14,2024-08-26,0,NA,NA,NA,0,0,29.41356469434686,148.9,6,388.3000611211173,mm,0,261.60426371498033,mm,0,12.95841936999932,0,0.5231815825914964,0.6056934108724817,0,0,0,49.46506709000236,30.871625154437965,0,NA,UkrAgroTech,посуха,2024-08-12,0,F0086
1393,F0086,FARM10,2024,Wheat,Wheat-V4,76.60699203060001,ha,2024-04-14,2024-08-26,0,6.102835570462048,t_ha,6.102835570462048,0,0,29.41356469434686,148.9,6,388.3000611211173,mm,0,261.60426371498033,mm,0,12.95841936999932,0,0.6306379941757768,0.7640571378637104,0,0,0,49.46506709000236,30.871625154437965,0,Clay,UkrAgroTech,посуха,2024-08-29,0,F0086
1259,F0086,FARM10,2024,Wheat,Wheat-V4,76.6,ha,2024-04-14,2024-08-26,0,6.102835570462048,t_ha,6.102835570462048,0,0,29.41356469434686,148.9,6,388.3000611211173,mm,0,261.60426371498033,mm,0,12.95841936999932,0,0.8248797952197492,0.9328795878915116,0,0,0,49.46506709000236,30.871625154437965,0,Clay,UkrAgroTech,посуха,2024-09-09,0,F0086
206,F0087,FARM10,2024,Wheat,Wheat-V2,100.7,ha,2024-04-09,2024-08-24,0,6.539307911414653,t_ha,6.539307911414653,0,0,13.952209253329784,42.8,4,97.26972467033193,mm,0,472.65386392828077,mm,0,19.736648411257192,0,0.5146971683949232,0.614023918681778,0,0,0,49.616789512768854,28.80246420747787,0,Sandy,GreenCrop,без примітки,2024-05-16,0,F0087
1502,F0087,FARM10,2024,Wheat,Wheat-V2,100.7,ha,2024-04-09,2024-08-24,0,6.539307911414653,t_ha,6.539307911414653,0,0,13.952209253329784,42.8,4,97.26972467033193,mm,0,472.65386392828077,mm,0,19.736648411257192,0,NA,NA,0,0,0,49.616789512768854,28.80246420747787,0,Sandy,GreenCrop,без примітки,2024-06-18,0,F0087
735,F0087,FARM10,2024,Wheat,Wheat-V2,100.7,ha,2024-04-09,2024-08-24,0,6.539307911414653,t_ha,6.539307911414653,1,0,13.952209253329784,42.8,4,97.26972467033193,mm,0,472.65386392828077,mm,0,19.736648411257192,0,0.7235895955469459,0.7836398243904114,0,0,0,49.616789512768854,28.80246420747787,0,Sandy,GreenCrop,без примітки,2024-07-29,0,F0087
1348,F0087,FARM10,2024,Wheat,Wheat-V2,100.7,ha,2024-04-09,2024-08-24,0,6.539307911414653,t_ha,6.539307911414653,1,0,13.952209253329784,42.8,4,97.26972467033193,mm,0,472.65386392828077,mm,0,19.736648411257192,0,NA,NA,0,0,0,49.616789512768854,28.80246420747787,0,Sandy,GreenCrop,без примітки,2024-07-31,0,F0087
1012,F0087,FARM10,2024,Wheat,Wheat-V2,100.7,ha,2024-04-09,2024-08-24,0,6.539307911414653,t_ha,6.539307911414653,1,0,13.952209253329784,42.8,4,97.26972467033193,mm,0,472.65386392828077,mm,0,19.736648411257192,0,0.3782906820066273,0.5,0,0,0,49.616789512768854,28.80246420747787,0,Sandy,GreenCrop,без примітки,2024-08-07,0,F0087
844,F0087,FARM10,2024,Wheat,Wheat-V2,100.7262562938,ha,2024-04-09,2024-08-24,0,6.539307911414653,t_ha,6.539307911414653,0,0,13.952209253329784,42.8,4,97.26972467033193,mm,0,NA,NA,0,19.736648411257192,0,0.7497982023283839,0.8171290614875033,0,0,0,49.616789512768854,28.80246420747787,0,Sandy,GreenCrop,без примітки,2024-08-31,0,F0087
993,F0087,FARM10,2024,Wheat,Wheat-V2,100.7,ha,2024-04-09,2024-08-24,0,6.539307911414653,t_ha,6.539307911414653,1,0,13.952209253329784,42.8,4,97.26972467033193,mm,0,472.65386392828077,mm,0,19.736648411257192,0,0,0.7603094583144412,1,0,0,49.616789512768854,28.80246420747787,0,Sandy,GreenCrop,без примітки,2024-09-03,0,F0087
118,F0088,FARM07,2024,Soy,Soy-V2,26.6,ha,2024-04-12,2024-08-31,0,1.7248178847366944,t_ha,1.7248178847366944,0,0,8.521769009064883,180.7,0,0,mm,0,NA,NA,0,13.934012849349529,0,0,0.5694472595350817,1,0,0,49.17844793230435,28.758923526777423,0,Clay,UkrAgroTech,норма,2024-05-10,0,F0088
1312,F0088,FARM07,2024,Soy,Soy-V2,26.6,ha,2024-04-12,2024-08-31,0,1.7248178847366944,t_ha,1.7248178847366944,0,0,8.521769009064883,180.7,0,0,mm,0,391.4415149600245,mm,0,13.934012849349529,0,NA,NA,0,0,0,49.17844793230435,28.758923526777423,0,Clay,UkrAgroTech,норма,2024-05-22,0,F0088
980,F0088,FARM07,2024,Soy,Soy-V2,26.6,ha,2024-04-12,2024-08-31,0,1.7248178847366944,t_ha,1.7248178847366944,0,0,8.521769009064883,180.7,0,NA,NA,0,391.4415149600245,mm,0,13.934012849349529,0,0.48226942368783055,0.5504996547708287,0,0,0,49.17844793230435,28.758923526777423,0,Clay,UkrAgroTech,норма,2024-05-23,0,F0088
19,F0088,FARM07,2024,Soy,Soy-V2,26.6,ha,2024-04-12,2024-08-31,0,1.7248178847366944,t_ha,1.7248178847366944,1,0,8.521769009064883,180.7,0,NA,NA,0,391.4415149600245,mm,0,13.934012849349529,0,0.3825645873090252,0.510008344054222,0,0,0,49.17844793230435,28.758923526777423,0,Clay,UkrAgroTech,норма,2024-07-12,0,F0088
754,F0088,FARM07,2024,Soy,Soy-V2,26.6,ha,2024-04-12,2024-08-31,0,1.7248178847366944,t_ha,1.7248178847366944,0,0,8.521769009064883,180.7,0,0,mm,0,391.4415149600245,mm,0,13.934012849349529,0,0.3713540708646178,0.5,0,0,0,49.17844793230435,28.758923526777423,0,Clay,UkrAgroTech,норма,2024-07-17,0,F0088
399,F0088,FARM07,2024,Soy,Soy-V2,26.6,ha,2024-04-12,2024-08-31,0,1.7248178847366944,t_ha,1.7248178847366944,1,0,8.521769009064883,180.7,0,0,mm,0,391.4415149600245,mm,0,13.934012849349529,0,0.44201168257277457,0.5696140346350148,0,0,0,49.17844793230435,28.758923526777423,0,Clay,UkrAgroTech,норма,2024-07-20,0,F0088
1087,F0088,FARM07,2024,Soy,Soy-V2,26.6,ha,2024-04-12,2024-08-31,0,NA,NA,NA,0,0,8.521769009064883,180.7,0,0,mm,0,391.4415149600245,mm,0,13.934012849349529,0,0.4542574745370075,0.5344509721267968,0,0,0,49.17844793230435,28.758923526777423,0,Clay,UkrAgroTech,норма,2024-09-09,0,F0088
89,F0088,FARM07,2024,Soy,Soy-V2,26.587846679400002,ha,2024-04-12,2024-08-31,0,1.7248178847366944,t_ha,1.7248178847366944,1,0,8.521769009064883,180.7,0,0,mm,0,391.4415149600245,mm,0,13.934012849349529,0,0.3800018674461171,0.5,0,0,0,49.17844793230435,28.758923526777423,0,Clay,UkrAgroTech,норма,2024-09-17,0,F0088
1236,F0089,FARM05,2024,Soy,Soy-V5,106.9,ha,2024-04-20,2024-10-08,0,2.176768392440863,t_ha,2.176768392440863,0,0,29.383761854842305,201.4,4,0,mm,0,394.36354429926723,mm,0,22.438791879685596,0,0.44694888349622486,0.5127807535696774,0,0,0,49.69715944585903,32.28150970572978,0,Chernozem,SunField Co,зрошення застосовано,2024-05-01,0,F0089
303,F0089,FARM05,2024,Soy,Soy-V5,106.9179466164,ha,2024-04-20,2024-10-08,0,2.176768392440863,t_ha,2.176768392440863,1,0,29.383761854842305,201.4,4,0,mm,0,394.36354429926723,mm,0,22.438791879685596,0,0.46923476494848726,0.6025348129682242,0,0,0,49.69715944585903,32.28150970572978,0,Chernozem,SunField Co,зрошення застосовано,2024-05-26,0,F0089
346,F0089,FARM05,2024,Soy,Soy-V5,106.9,ha,2024-04-20,2024-10-08,0,2.176768392440863,t_ha,2.176768392440863,0,0,29.383761854842305,201.4,4,0,mm,0,394.36354429926723,mm,0,22.438791879685596,0,0.6149911359185353,0.700772283342667,0,0,0,49.69715944585903,32.28150970572978,0,Chernozem,SunField Co,зрошення застосовано,2024-05-29,0,F0089
741,F0089,FARM05,2024,Soy,Soy-V5,106.9,ha,2024-04-20,2024-10-08,0,2.176768392440863,t_ha,2.176768392440863,0,0,29.383761854842305,201.4,4,0,mm,0,394.36354429926723,mm,0,22.438791879685596,0,0.695620728097856,0.8070811515441164,0,0,0,49.69715944585903,32.28150970572978,0,Chernozem,SunField Co,зрошення застосовано,2024-05-31,0,F0089
267,F0089,FARM05,2024,Soy,Soy-V5,106.9,ha,2024-04-20,2024-10-08,0,2.176768392440863,t_ha,2.176768392440863,0,0,29.383761854842305,201.4,4,0,mm,0,394.36354429926723,mm,0,22.438791879685596,0,0.5481216372619383,0.7438207057770341,0,1,0,49.69715944585903,32.28150970572978,0,Chernozem,SunField Co,зрошення застосовано,2024-07-27,0,F0089
1311,F0089,FARM05,2024,Soy,Soy-V5,NA,NA,2024-04-20,2024-10-08,0,NA,NA,NA,0,0,29.383761854842305,201.4,4,0,mm,0,394.36354429926723,mm,0,22.438791879685596,0,0.6659166218247264,0.7693005269160493,0,0,0,49.69715944585903,32.28150970572978,0,Chernozem,SunField Co,зрошення застосовано,2024-08-07,0,F0089
100,F0089,FARM05,2024,Soy,Soy-V5,106.9,ha,2024-04-20,2024-10-08,0,2.176768392440863,t_ha,2.176768392440863,1,0,29.383761854842305,201.4,4,0,mm,0,394.36354429926723,mm,0,22.438791879685596,0,0.3589895506389439,0.5,0,0,0,49.69715944585903,32.28150970572978,0,Chernozem,SunField Co,зрошення застосовано,2024-08-20,0,F0089
1032,F0089,FARM05,2024,Soy,Soy-V5,NA,NA,2024-04-20,2024-10-08,0,2.176768392440863,t_ha,2.176768392440863,0,0,29.383761854842305,201.4,4,0,mm,0,394.36354429926723,mm,0,22.438791879685596,0,0.7996751739643514,0.8619210844160988,0,0,0,49.69715944585903,32.28150970572978,0,Chernozem,SunField Co,зрошення застосовано,2024-08-24,0,F0089
654,F0090,FARM09,2024,Wheat,Wheat-V5,83.1,ha,2024-04-28,2024-08-15,0,6.453804947203025,t_ha,6.453804947203025,0,0,17.972606759751216,202.5,5,168.5956076020375,mm,0,562.6235888223164,mm,0,21.238950131926686,0,NA,NA,0,0,0,48.73096422260627,29.940448035718408,0,Sandy,AgroService Ltd,зрошення застосовано,2024-05-24,0,F0090
286,F0090,FARM09,2024,Wheat,Wheat-V5,83.1,ha,2024-04-28,2024-08-15,0,6.453804947203025,t_ha,6.453804947203025,0,0,17.972606759751216,202.5,5,168.5956076020375,mm,0,562.6235888223164,mm,0,21.238950131926686,0,0.6958379599032923,0.7856679053511471,0,0,0,48.73096422260627,29.940448035718408,0,Sandy,AgroService Ltd,зрошення застосовано,2024-06-04,0,F0090
1206,F0090,FARM09,2024,Wheat,Wheat-V5,NA,NA,2024-04-28,2024-08-15,0,6.453804947203026,t_ha,6.453804947203026,1,0,17.972606759751216,202.5,5,168.5956076020375,mm,0,562.6235888223164,mm,0,21.238950131926686,0,0,0.5340906080324203,1,0,0,48.73096422260627,29.940448035718408,0,NA,AgroService Ltd,зрошення застосовано,2024-06-18,0,F0090
804,F0090,FARM09,2024,Wheat,Wheat-V5,83.1,ha,2024-04-28,2024-08-15,0,6.453804947203026,t_ha,6.453804947203026,1,0,17.972606759751216,202.5,5,168.5956076020375,mm,0,562.6235888223164,mm,0,21.238950131926686,0,0.6253498229430988,0.7624213240575045,0,0,0,48.73096422260627,29.940448035718408,0,Sandy,AgroService Ltd,зрошення застосовано,2024-06-19,0,F0090
450,F0090,FARM09,2024,Wheat,Wheat-V5,83.1224308668,ha,2024-04-28,2024-08-15,0,6.453804947203026,t_ha,6.453804947203026,1,0,17.972606759751216,202.5,5,168.5956076020375,mm,0,562.6235888223164,mm,0,21.238950131926686,0,NA,NA,0,0,0,48.73096422260627,29.940448035718408,0,Sandy,AgroService Ltd,зрошення застосовано,2024-07-07,0,F0090
851,F0090,FARM09,2024,Wheat,Wheat-V5,83.1224308668,ha,2024-04-28,2024-08-15,0,6.453804947203025,t_ha,6.453804947203025,0,0,17.972606759751216,202.5,5,168.5956076020375,mm,0,NA,NA,0,21.238950131926686,0,0.4511226653354242,0.588741485774517,0,0,0,48.73096422260627,29.940448035718408,0,Sandy,AgroService Ltd,зрошення застосовано,2024-08-12,0,F0090
994,F0090,FARM09,2024,Wheat,Wheat-V5,NA,NA,2024-04-28,2024-08-15,0,6.453804947203025,t_ha,6.453804947203025,0,0,17.972606759751216,202.5,5,168.5956076020375,mm,0,562.6235888223164,mm,0,21.238950131926686,0,0.5470675355987623,0.6263748790603131,0,0,0,48.73096422260627,29.940448035718408,0,Sandy,AgroService Ltd,зрошення застосовано,2024-09-05,0,F0090
251,F0091,FARM06,2024,Corn,Corn-V5,41,ha,2024-04-05,2024-08-04,1,6.31764811463654,t_ha,6.31764811463654,0,0,29.548939532134682,100.3,6,0,mm,0,301.5047265449539,mm,0,NA,1,0.4257115157321095,0.5510485194157808,0,0,0,49.71939282721793,33.7553081309069,0,NA,GreenCrop,посуха,2024-05-07,0,F0091
618,F0091,FARM06,2024,Corn,Corn-V5,41,ha,2024-04-05,2024-08-04,0,6.31764811463654,t_ha,6.31764811463654,1,0,29.548939532134682,100.3,6,0,mm,0,NA,NA,0,15.749498694902286,0,0.7967418256681412,0.9092744199093431,0,0,0,49.71939282721793,33.7553081309069,0,Chernozem,GreenCrop,посуха,2024-05-24,0,F0091
991,F0091,FARM06,2024,Corn,Corn-V5,41.035124098800004,ha,2024-04-05,2024-08-04,0,6.31764811463654,t_ha,6.31764811463654,1,0,29.548939532134682,100.3,6,0,mm,0,301.5047265449539,mm,0,15.749498694902286,0,0.8013520733453333,0.8684572670143097,0,0,0,49.71939282721793,33.7553081309069,0,Chernozem,GreenCrop,посуха,2024-05-25,0,F0091
280,F0091,FARM06,2024,Corn,Corn-V5,41.035124098800004,ha,2024-04-05,2024-08-04,0,6.31764811463654,t_ha,6.31764811463654,1,0,29.548939532134682,100.3,6,0,mm,0,301.5047265449539,mm,0,15.749498694902286,0,0.6093724385369569,0.6645201328676194,0,0,0,49.71939282721793,33.7553081309069,0,Chernozem,GreenCrop,посуха,2024-06-26,0,F0091
414,F0091,FARM06,2024,Corn,Corn-V5,41,ha,2024-04-05,2024-08-04,0,6.31764811463654,t_ha,6.31764811463654,0,0,29.548939532134682,100.3,6,0,mm,0,301.5047265449539,mm,0,15.749498694902286,0,0.5530606997432187,0.6619766064221039,0,0,0,49.71939282721793,33.7553081309069,0,Chernozem,GreenCrop,посуха,2024-07-04,0,F0091
1382,F0091,FARM06,2024,Corn,Corn-V5,41.035124098800004,ha,2024-04-05,2024-08-04,0,6.31764811463654,t_ha,6.31764811463654,1,0,29.548939532134682,100.3,6,0,mm,0,301.5047265449539,mm,0,15.749498694902286,0,0.7998621665406972,0.8543499876046553,0,0,0,49.71939282721793,33.7553081309069,0,Chernozem,GreenCrop,посуха,2024-07-05,0,F0091
650,F0091,FARM06,2024,Corn,Corn-V5,41.035124098800004,ha,2024-04-05,2024-08-04,0,6.31764811463654,t_ha,6.31764811463654,0,0,29.548939532134682,100.3,6,0,mm,0,NA,NA,0,15.749498694902286,0,NA,NA,0,0,0,49.71939282721793,33.7553081309069,0,NA,GreenCrop,посуха,2024-07-22,0,F0091
151,F0091,FARM06,2024,Corn,Corn-V5,41,ha,2024-04-05,2024-08-04,0,6.31764811463654,t_ha,6.31764811463654,0,0,29.548939532134682,100.3,6,0,mm,0,301.5047265449539,mm,0,15.749498694902286,0,0.5599768655607477,0.708272517262958,0,0,0,49.71939282721793,33.7553081309069,0,Chernozem,GreenCrop,посуха,2024-08-23,0,F0091
112,F0092,FARM01,2024,Soy,Soy-V5,81.3013454778,ha,2024-03-28,2024-08-28,0,2.611221209866926,t_ha,2.611221209866926,0,0,34.96566034015268,176.1,2,0,mm,0,277.983666700311,mm,0,18.386603232007474,0,0.6266313022002578,0.6787140285596251,0,0,0,49.21578340178123,33.091440620661714,0,Chernozem,SunField Co,посуха,2024-06-08,0,F0092
945,F0092,FARM01,2024,Soy,Soy-V5,81.3013454778,ha,2024-03-28,2024-08-28,0,2.611221209866926,t_ha,2.611221209866926,1,0,34.96566034015268,176.1,2,0,mm,0,277.983666700311,mm,0,18.386603232007474,0,0.8284200325375423,0.919951273011975,0,0,0,49.21578340178123,33.091440620661714,0,Chernozem,SunField Co,посуха,2024-06-12,0,F0092
1060,F0092,FARM01,2024,Soy,Soy-V5,81.3013454778,ha,2024-03-28,2024-08-28,0,2.611221209866926,t_ha,2.611221209866926,0,0,34.96566034015268,176.1,2,0,mm,0,277.983666700311,mm,0,18.386603232007474,0,0.32620632595848287,0.5306321105919778,0,1,0,49.21578340178123,33.091440620661714,0,Chernozem,SunField Co,посуха,2024-06-26,0,F0092
464,F0092,FARM01,2024,Soy,Soy-V5,81.3013454778,ha,2024-03-28,2024-08-28,0,2.611221209866926,t_ha,2.611221209866926,0,0,34.96566034015268,176.1,2,0,mm,0,NA,mm,1,18.386603232007474,0,0.8308671447681263,0.95,0,0,0,49.21578340178123,33.091440620661714,0,Chernozem,SunField Co,посуха,2024-07-01,0,F0092
915,F0092,FARM01,2024,Soy,Soy-V5,NA,NA,2024-03-28,2024-08-28,0,2.611221209866926,t_ha,2.611221209866926,1,0,34.96566034015268,176.1,2,0,mm,0,277.983666700311,mm,0,18.386603232007474,0,0.6149289191467687,0.7266005209181458,0,0,0,49.21578340178123,33.091440620661714,1,Chernozem,SunField Co,посуха,2024-07-16,0,F0092
1104,F0092,FARM01,2024,Soy,Soy-V5,81.3013454778,ha,2024-03-28,2024-08-28,0,2.611221209866926,t_ha,2.611221209866926,0,0,34.96566034015268,176.1,2,0,mm,0,277.983666700311,mm,0,18.386603232007474,0,0.5701343397609889,0.6743649541866034,0,0,0,49.21578340178123,33.091440620661714,0,Chernozem,SunField Co,посуха,2024-07-25,0,F0092
387,F0092,FARM01,2024,Soy,Soy-V5,81.3013454778,ha,2024-03-28,2024-08-28,0,2.611221209866926,t_ha,2.611221209866926,0,0,34.96566034015268,176.1,2,0,mm,0,277.983666700311,mm,0,18.386603232007474,0,0.5339167210273444,0.6221040941309184,0,0,0,49.21578340178123,33.091440620661714,0,Chernozem,SunField Co,посуха,2024-07-30,0,F0092
1122,F0092,FARM01,2024,Soy,Soy-V5,81.3,ha,2024-03-28,2024-08-28,0,2.611221209866926,t_ha,2.611221209866926,1,0,34.96566034015268,176.1,2,0,mm,0,277.983666700311,mm,0,18.386603232007474,0,0.8352699427865445,0.9305679732235148,0,0,0,49.21578340178123,33.091440620661714,0,Chernozem,SunField Co,посуха,2024-09-09,0,F0092
1431,F0092,FARM01,2024,Soy,Soy-V5,81.3013454778,ha,2024-03-28,2024-08-28,0,2.611221209866926,t_ha,2.611221209866926,0,0,35,176.1,2,0,mm,0,277.983666700311,mm,0,18.386603232007474,0,NA,NA,0,0,0,49.21578340178123,33.091440620661714,0,Chernozem,SunField Co,посуха,2024-09-21,0,F0092
775,F0093,FARM12,2024,Wheat,Wheat-V3,15.9,ha,2024-05-14,2024-07-27,0,5.923251473112032,t_ha,5.923251473112032,0,0,12.945244940463454,72.1,4,0,mm,0,632.7473153942265,mm,0,13.9202224528417,0,0.398915542778559,0.5161303212633356,0,0,0,48.67061713130213,30.807204102511985,0,Loam,AgroService Ltd,норма,2024-05-03,0,F0093
555,F0093,FARM12,2024,Wheat,Wheat-V3,15.9,ha,2024-05-14,2024-07-27,0,5.923251473112031,t_ha,5.923251473112031,1,0,12.945244940463454,72.1,4,0,mm,0,632.7473153942265,mm,0,13.9202224528417,0,0.5482188283000141,0.6290136825758964,0,0,0,48.67061713130213,30.807204102511985,0,Loam,AgroService Ltd,норма,2024-06-17,0,F0093
688,F0093,FARM12,2024,Wheat,Wheat-V3,15.9,ha,2024-05-14,2024-07-27,0,5.923251473112031,t_ha,5.923251473112031,1,0,12.945244940463454,72.1,4,0,mm,0,NA,NA,0,13.9202224528417,0,0.5528242395026609,0.680339348129928,0,0,0,48.67061713130213,30.807204102511985,0,Loam,AgroService Ltd,норма,2024-07-10,0,F0093
1094,F0093,FARM12,2024,Wheat,Wheat-V3,15.9,ha,2024-05-14,2024-07-27,0,5.923251473112031,t_ha,5.923251473112031,1,0,12.945244940463454,72.1,4,0,mm,0,632.7473153942265,mm,0,13.9202224528417,0,0.7174353414680809,0.8201887428294867,0,0,0,48.67061713130213,30.807204102511985,1,Loam,AgroService Ltd,норма,2024-07-28,0,F0093
1107,F0093,FARM12,2024,Wheat,Wheat-V3,15.9,ha,2024-05-14,2024-07-27,0,5.923251473112031,t_ha,5.923251473112031,1,0,12.945244940463454,72.1,4,0,mm,0,632.7473153942265,mm,0,13.9202224528417,0,0.4325757903512567,0.500479959603399,0,0,0,48.67061713130213,30.807204102511985,0,Loam,AgroService Ltd,норма,2024-08-15,0,F0093
1174,F0093,FARM12,2024,Wheat,Wheat-V3,15.9,ha,2024-05-14,2024-07-27,0,5.923251473112031,t_ha,5.923251473112031,1,0,12.945244940463454,72.1,4,0,mm,0,632.7473153942265,mm,0,13.9202224528417,0,NA,NA,0,0,0,48.67061713130213,30.807204102511985,0,Loam,AgroService Ltd,норма,2024-08-29,0,F0093
826,F0093,FARM12,2024,Wheat,Wheat-V3,15.9,ha,2024-05-14,2024-07-27,0,5.923251473112032,t_ha,5.923251473112032,0,0,12.945244940463454,72.1,4,0,mm,0,632.7473153942265,mm,0,13.9202224528417,0,0.502054684353061,0.5653833524091169,0,0,0,48.67061713130213,30.807204102511985,0,Loam,AgroService Ltd,норма,2024-09-10,0,F0093
104,F0093,FARM12,2024,Wheat,Wheat-V3,NA,NA,2024-05-14,2024-07-27,0,5.923251473112032,t_ha,5.923251473112032,0,0,12.945244940463454,72.1,4,0,mm,0,632.7473153942265,mm,0,13.9202224528417,0,0.4885674211196601,0.6198008859762922,0,0,0,48.67061713130213,30.807204102511985,0,Loam,AgroService Ltd,норма,2024-09-27,0,F0093
33,F0094,FARM04,2024,Sunflower,Sunflower-V1,78.711357369,ha,2024-04-18,2024-10-07,0,2.930003578355536,t_ha,2.930003578355536,0,0,18.565608207834885,177.9,4,368.35784160066396,mm,0,618.6045424081385,mm,0,13.807362733175978,0,0.5889264247613027,0.6578172869281843,0,0,0,49.23248761920212,29.0682082680529,0,NA,Field Master,проблема з дренажем,2024-05-24,0,F0094
10,F0094,FARM04,2024,Sunflower,Sunflower-V1,78.711357369,ha,2024-04-18,2024-10-07,0,2.930003578355536,t_ha,2.930003578355536,1,0,18.565608207834885,177.9,4,368.35784160066396,mm,0,618.6045424081385,mm,0,13.807362733175978,0,0.6657792763086036,0.790340107679367,0,0,0,49.23248761920212,29.0682082680529,0,Chernozem,Field Master,проблема з дренажем,2024-06-03,0,F0094
923,F0094,FARM04,2024,Sunflower,Sunflower-V1,78.7,ha,2024-04-18,2024-10-07,0,2.930003578355536,t_ha,2.930003578355536,0,0,18.565608207834885,177.9,4,368.35784160066396,mm,0,618.6045424081385,mm,0,13.807362733175978,0,NA,NA,0,0,0,49.23248761920212,29.0682082680529,0,Chernozem,Field Master,проблема з дренажем,2024-06-21,0,F0094
220,F0094,FARM04,2024,Sunflower,Sunflower-V1,78.711357369,ha,2024-04-18,2024-10-07,0,2.930003578355536,t_ha,2.930003578355536,1,0,18.565608207834885,177.9,4,368.35784160066396,mm,0,618.6045424081385,mm,0,13.807362733175978,0,0.6816724634496495,0.751699177827686,0,0,0,49.23248761920212,29.0682082680529,0,Chernozem,Field Master,проблема з дренажем,2024-06-25,0,F0094
1081,F0094,FARM04,2024,Sunflower,Sunflower-V1,78.7,ha,2024-04-18,2024-10-07,0,2.930003578355536,t_ha,2.930003578355536,0,0,18.565608207834885,177.9,4,368.35784160066396,mm,0,618.6045424081385,mm,0,13.807362733175978,0,0.8352198966545984,0.95,0,0,0,49.23248761920212,29.0682082680529,0,Chernozem,Field Master,проблема з дренажем,2024-07-21,0,F0094
848,F0094,FARM04,2024,Sunflower,Sunflower-V1,78.7,ha,2024-04-18,2024-10-07,0,2.930003578355536,t_ha,2.930003578355536,1,0,18.565608207834885,177.9,4,368.35784160066396,mm,0,618.6045424081385,mm,0,13.807362733175978,0,0.38777548123616723,0.5366731621790677,0,0,0,49.23248761920212,29.0682082680529,0,Chernozem,Field Master,проблема з дренажем,2024-08-29,0,F0094
1196,F0094,FARM04,2024,Sunflower,Sunflower-V1,78.7,ha,2024-04-18,2024-10-07,0,2.930003578355536,t_ha,2.930003578355536,1,0,18.565608207834885,177.9,4,368.35784160066396,mm,0,618.6045424081385,mm,0,13.807362733175978,0,0.541835378925316,1,1,1,0,49.23248761920212,29.0682082680529,0,NA,Field Master,проблема з дренажем,2024-09-08,0,F0094
142,F0094,FARM04,2024,Sunflower,Sunflower-V1,78.711357369,ha,2024-04-18,2024-10-07,0,2.930003578355536,t_ha,2.930003578355536,1,0,18.565608207834885,177.9,4,368.35784160066396,mm,0,618.6045424081385,mm,0,13.807362733175978,0,NA,NA,0,0,0,49.23248761920212,29.0682082680529,0,Chernozem,Field Master,проблема з дренажем,2024-09-21,0,F0094
1304,F0094,FARM04,2024,Sunflower,Sunflower-V1,NA,NA,2024-04-18,2024-10-07,0,2.930003578355536,t_ha,2.930003578355536,0,0,18.565608207834885,177.9,4,368.35784160066396,mm,0,618.6045424081385,mm,0,13.807362733175978,0,0.43425365516450254,0.5132781413383781,0,0,0,49.23248761920212,29.0682082680529,0,Chernozem,Field Master,проблема з дренажем,2024-09-23,0,F0094
1395,F0095,FARM07,2024,Sunflower,Sunflower-V4,68.8,ha,2024-04-14,2024-09-11,0,2.5940496641909707,t_ha,2.5940496641909707,0,0,19.77480822848156,34.7,0,162.70057179499418,mm,0,377.9096115846187,mm,0,22.067487297346815,0,0.5708100246498361,0.6528374232817441,0,0,0,49.69332296749577,30.564059956158047,0,Loam,Field Master,зрошення застосовано,2024-05-08,0,F0095
1027,F0095,FARM07,2024,Sunflower,Sunflower-V4,68.8,ha,2024-04-14,2024-09-11,0,28.905529715120792,t_ha,28.905529715120792,1,1,19.77480822848156,34.7,0,162.70057179499418,mm,0,377.9096115846187,mm,0,22.067487297346815,0,0.5463997968705371,0.6893841553246602,0,0,0,49.69332296749577,30.564059956158047,0,NA,Field Master,зрошення застосовано,2024-05-30,0,F0095
474,F0095,FARM07,2024,Sunflower,Sunflower-V4,68.7560905758,ha,2024-04-14,2024-09-11,0,2.5940496641909707,t_ha,2.5940496641909707,1,0,19.77480822848156,34.7,0,NA,NA,0,377.9096115846187,mm,0,22.067487297346815,0,0.37597547229379413,0.5,0,0,0,49.69332296749577,30.564059956158047,0,Loam,Field Master,зрошення застосовано,2024-06-08,0,F0095
1465,F0095,FARM07,2024,Sunflower,Sunflower-V4,68.7560905758,ha,2024-04-14,2024-09-11,0,2.5940496641909707,t_ha,2.5940496641909707,1,0,19.77480822848156,34.7,0,NA,NA,0,377.9096115846187,mm,0,22.067487297346815,0,0.4174982537748292,0.5669266374083235,0,0,0,49.69332296749577,30.564059956158047,0,Loam,Field Master,зрошення застосовано,2024-07-12,0,F0095
120,F0095,FARM07,2024,Sunflower,Sunflower-V4,68.8,ha,2024-04-14,2024-09-11,0,2.5940496641909707,t_ha,2.5940496641909707,0,0,19.77480822848156,34.7,0,162.70057179499418,mm,0,377.9096115846187,mm,0,22.067487297346815,0,0.7806524858111515,0.922532420232892,0,0,0,49.69332296749577,30.564059956158047,0,Loam,Field Master,зрошення застосовано,2024-07-27,0,F0095
1136,F0095,FARM07,2024,Sunflower,Sunflower-V4,68.8,ha,2024-04-14,2024-09-11,0,2.5940496641909707,t_ha,2.5940496641909707,0,0,19.77480822848156,34.7,0,162.70057179499418,mm,0,377.9096115846187,mm,0,22.067487297346815,0,0.365109340660274,0.5,0,0,0,49.69332296749577,30.564059956158047,0,Loam,Field Master,зрошення застосовано,2024-07-28,0,F0095
689,F0095,FARM07,2024,Sunflower,Sunflower-V4,68.8,ha,2024-04-14,2024-09-11,0,NA,NA,NA,0,0,19.77480822848156,34.7,0,162.70057179499418,mm,0,377.9096115846187,mm,0,22.067487297346815,0,0.4049002282787114,0.5070520348614082,0,0,0,49.69332296749577,30.564059956158047,0,Loam,Field Master,зрошення застосовано,2024-08-11,0,F0095
1118,F0095,FARM07,2024,Sunflower,Sunflower-V4,68.8,ha,2024-04-14,2024-09-11,0,2.5940496641909707,t_ha,2.5940496641909707,1,0,19.77480822848156,34.7,0,162.70057179499418,mm,0,377.9096115846187,mm,0,22.067487297346815,0,0.50594467590563,0.5631401809165254,0,0,0,49.69332296749577,30.564059956158047,0,NA,Field Master,зрошення застосовано,2024-09-02,0,F0095
568,F0095,FARM07,2024,Sunflower,Sunflower-V4,68.8,ha,2024-04-14,2024-09-11,0,2.5940496641909707,t_ha,2.5940496641909707,0,0,19.77480822848156,34.7,0,NA,NA,0,377.9096115846187,mm,0,22.067487297346815,0,0.5306061716051772,0.5975925543811172,0,0,0,49.69332296749577,30.564059956158047,0,Loam,Field Master,зрошення застосовано,2024-09-20,0,F0095
1152,F0096,FARM09,2024,Corn,Corn-V1,109.3,ha,2024-04-25,2024-08-11,0,6.846270147245377,t_ha,6.846270147245377,0,0,12.447058753343299,110.1,6,0,mm,0,255.2263648249209,mm,0,14.147910694591701,0,0.8260030849138275,0.9272884909063577,0,0,0,48.50511174380127,31.92066737321392,0,Sandy,Field Master,посуха,2024-05-16,0,F0096
855,F0096,FARM09,2024,Corn,Corn-V1,109.3460604684,ha,2024-04-25,2024-08-11,0,6.846270147245377,t_ha,6.846270147245377,0,0,12.447058753343299,110.1,6,0,mm,0,255.2263648249209,mm,0,14.147910694591701,0,0.8188929402036592,0.9063868350815028,0,0,0,48.50511174380127,31.92066737321392,0,Sandy,Field Master,посуха,2024-05-25,0,F0096
1084,F0096,FARM09,2024,Corn,Corn-V1,109.3,ha,2024-04-25,2024-08-11,0,6.846270147245377,t_ha,6.846270147245377,1,0,12.447058753343299,110.1,6,0,mm,0,255.22636482492086,mm,0,14.147910694591701,0,0.8137993244687095,0.8811797221889719,0,0,0,48.50511174380127,31.92066737321392,0,Sandy,Field Master,посуха,2024-06-02,0,F0096
321,F0096,FARM09,2024,Corn,Corn-V1,109.3,ha,2024-04-25,2024-08-11,0,6.846270147245377,t_ha,6.846270147245377,0,0,12.447058753343299,110.1,6,0,mm,0,255.2263648249209,mm,0,14.147910694591701,0,0.4826481470605358,0.6208798013161867,0,0,0,48.50511174380127,31.92066737321392,0,Sandy,Field Master,посуха,2024-06-17,0,F0096
2,F0096,FARM09,2024,Corn,Corn-V1,109.3,ha,2024-04-25,2024-08-11,0,6.846270147245377,t_ha,6.846270147245377,1,0,12.447058753343299,110.1,6,0,mm,0,255.2263648249209,mm,0,14.147910694591701,0,0,0.8065503874560818,1,0,0,48.50511174380127,31.92066737321392,0,Sandy,Field Master,посуха,2024-07-16,0,F0096
377,F0096,FARM09,2024,Corn,Corn-V1,109.3,ha,2024-04-25,2024-08-11,0,6.846270147245377,t_ha,6.846270147245377,0,0,12.447058753343299,110.1,6,0,mm,0,255.2263648249209,mm,0,14.147910694591701,0,NA,NA,0,0,0,48.50511174380127,31.92066737321392,0,Sandy,Field Master,посуха,2024-07-18,0,F0096
939,F0096,FARM09,2024,Corn,Corn-V1,109.3,ha,2024-04-25,2024-08-11,0,6.846270147245377,t_ha,6.846270147245377,1,0,12.447058753343299,110.1,6,0,mm,0,255.2263648249209,mm,0,14.147910694591701,0,0.662221493688412,0.7627852440578863,0,0,0,48.50511174380127,31.92066737321392,0,NA,Field Master,посуха,2024-08-14,0,F0096
421,F0096,FARM09,2024,Corn,Corn-V1,NA,NA,2024-04-25,2024-08-11,0,6.846270147245377,t_ha,6.846270147245377,0,0,12.447058753343299,110.1,6,0,mm,0,255.2263648249209,mm,0,14.147910694591701,0,0.5367153614293784,0.6628396309446543,0,0,0,48.50511174380127,31.92066737321392,0,Sandy,Field Master,посуха,2024-09-09,0,F0096
680,F0096,FARM09,2024,Corn,Corn-V1,109.3460604684,ha,2024-04-25,2024-08-11,0,6.846270147245377,t_ha,6.846270147245377,0,0,12.447058753343299,110.1,6,0,mm,0,255.2263648249209,mm,0,14.147910694591701,0,NA,NA,0,0,0,48.50511174380127,31.92066737321392,0,Sandy,Field Master,посуха,2024-09-20,0,F0096
361,F0097,FARM02,2024,Corn,Corn-V1,42.7,ha,2024-05-11,2024-08-30,0,9.64541536103934,t_ha,9.64541536103934,1,0,17.73070918326266,10,0,0,mm,0,271.5782670886256,mm,0,19.13096229103394,0,0.7696124810259789,0.8517625711159781,0,0,0,49.48942472338444,28.574671022844036,0,Chernozem,Pole Plus,посуха,2024-05-10,0,F0097
761,F0097,FARM02,2024,Corn,Corn-V1,42.7,ha,2024-05-11,2024-08-30,0,NA,NA,NA,0,0,17.73070918326266,10,0,0,mm,0,271.5782670886256,mm,0,19.13096229103394,0,0.3548617903375998,0.5,0,0,0,49.48942472338444,28.574671022844036,0,Chernozem,Pole Plus,посуха,2024-06-19,0,F0097
1487,F0097,FARM02,2024,Corn,Corn-V1,42.694335231000004,ha,2024-05-11,2024-08-30,0,9.64541536103934,t_ha,9.64541536103934,1,0,17.73070918326266,10,0,0,mm,0,271.5782670886256,mm,0,19.13096229103394,0,0.35276685308199374,0.5,0,0,0,49.48942472338444,28.574671022844036,0,Chernozem,Pole Plus,посуха,2024-06-27,0,F0097
1449,F0097,FARM02,2024,Corn,Corn-V1,42.694335231000004,ha,2024-05-11,2024-08-30,0,9.64541536103934,t_ha,9.64541536103934,1,0,17.73070918326266,10,0,0,mm,0,271.5782670886256,mm,0,19.13096229103394,0,0.45689651838038114,0.6054560874821617,0,0,0,49.48942472338444,28.574671022844036,0,Chernozem,Pole Plus,посуха,2024-07-11,0,F0097
466,F0097,FARM02,2024,Corn,Corn-V1,NA,NA,2024-05-11,2024-08-30,0,9.64541536103934,t_ha,9.64541536103934,0,0,17.73070918326266,10,0,0,mm,0,271.5782670886256,mm,0,19.13096229103394,0,0.40472491111140696,0.500734523567371,0,0,0,49.48942472338444,28.574671022844036,0,Chernozem,Pole Plus,посуха,2024-07-30,0,F0097
1039,F0097,FARM02,2024,Corn,Corn-V1,42.694335231000004,ha,2024-05-11,2024-08-30,0,9.64541536103934,t_ha,9.64541536103934,0,0,17.73070918326266,10,0,0,mm,0,271.5782670886256,mm,0,19.13096229103394,0,0.43790722617413846,0.5659028400434181,0,0,0,49.48942472338444,28.574671022844036,0,Chernozem,Pole Plus,посуха,2024-07-31,0,F0097
951,F0097,FARM02,2024,Corn,Corn-V1,42.7,ha,2024-05-11,2024-08-30,0,9.64541536103934,t_ha,9.64541536103934,0,0,17.73070918326266,10,0,0,mm,0,271.5782670886256,mm,0,19.13096229103394,0,0.5249787488952279,0.651877446915023,0,0,0,49.48942472338444,28.574671022844036,0,Chernozem,Pole Plus,посуха,2024-08-30,0,F0097
908,F0097,FARM02,2024,Corn,Corn-V1,42.7,ha,2024-05-11,2024-08-30,0,9.64541536103934,t_ha,9.64541536103934,0,0,17.73070918326266,10,0,0,mm,0,271.5782670886256,mm,0,19.13096229103394,0,NA,NA,0,0,0,49.48942472338444,28.574671022844036,0,Chernozem,Pole Plus,посуха,2024-09-12,0,F0097
176,F0098,FARM06,2024,Corn,Corn-V3,94.3,ha,2024-03-14,2024-10-14,0,9.876105005620047,t_ha,9.876105005620047,0,0,14.54257819079794,141.9,3,202.75624794885516,mm,0,NA,NA,0,12.269382697995752,0,0.8148179234936833,0.8908233884721994,0,0,0,49.70930212263251,30.622921599367636,0,Chernozem,UkrAgroTech,добре,2024-05-20,0,F0098
1139,F0098,FARM06,2024,Corn,Corn-V3,94.3,ha,2024-03-14,2024-10-14,0,9.876105005620047,t_ha,9.876105005620047,0,0,14.54257819079794,141.9,3,202.75624794885516,mm,0,642.4455724074505,mm,0,12.269382697995752,0,0.41434375315438954,0.5,0,0,0,49.70930212263251,30.622921599367636,0,Chernozem,UkrAgroTech,добре,2024-07-09,0,F0098
1471,F0098,FARM06,2024,Corn,Corn-V3,94.291754586,ha,2024-03-14,2024-10-14,0,9.876105005620047,t_ha,9.876105005620047,0,0,14.54257819079794,141.9,3,202.75624794885516,mm,0,642.4455724074505,mm,0,12.269382697995752,0,NA,NA,0,0,0,49.70930212263251,30.622921599367636,0,Chernozem,UkrAgroTech,добре,2024-07-27,0,F0098
148,F0098,FARM06,2024,Corn,Corn-V3,94.3,ha,2024-03-14,2024-10-14,0,9.876105005620047,t_ha,9.876105005620047,1,0,14.54257819079794,141.9,3,202.75624794885516,mm,0,642.4455724074505,mm,0,12.269382697995752,0,NA,NA,0,0,0,49.70930212263251,30.622921599367636,0,Chernozem,UkrAgroTech,добре,2024-08-14,0,F0098
496,F0098,FARM06,2024,Corn,Corn-V3,94.3,ha,2024-03-14,2024-10-14,0,9.876105005620047,t_ha,9.876105005620047,1,0,14.54257819079794,141.9,3,202.75624794885516,mm,0,642.4455724074505,mm,0,12.269382697995752,0,0.4645446120062843,0.5798002652823925,0,0,0,49.70930212263251,30.622921599367636,0,Chernozem,UkrAgroTech,добре,2024-08-23,0,F0098
658,F0098,FARM06,2024,Corn,Corn-V3,94.3,ha,2024-03-14,2024-10-14,0,9.876105005620047,t_ha,9.876105005620047,1,0,14.54257819079794,141.9,3,202.75624794885516,mm,0,642.4455724074505,mm,0,12.269382697995752,0,0.435673636989668,0.5449559749104083,0,0,0,49.70930212263251,30.622921599367636,0,Chernozem,UkrAgroTech,добре,2024-08-29,0,F0098
1478,F0098,FARM06,2024,Corn,Corn-V3,94.291754586,ha,2024-03-14,2024-10-14,0,9.876105005620047,t_ha,9.876105005620047,0,0,14.54257819079794,141.9,3,202.75624794885516,mm,0,642.4455724074505,mm,0,12.269382697995752,0,0.66415775581263,0.7648265184368938,0,0,0,49.70930212263251,30.622921599367636,0,Chernozem,UkrAgroTech,добре,2024-09-02,0,F0098
896,F0099,FARM12,2024,Soy,Soy-V2,9.712455408,ha,2024-04-16,2024-07-30,0,NA,t_ha,NA,0,0,28.330677752150223,74.2,1,202.06500816857442,mm,0,501.1654658475891,mm,0,12.653627194929868,0,0.7422859545564279,0.8312009484972804,0,0,0,49.988244747210764,33.796182937197386,0,NA,GreenCrop,без примітки,2024-05-23,0,F0099
1457,F0099,FARM12,2024,Soy,Soy-V2,9.7,ha,2024-04-16,2024-07-30,0,NA,t_ha,NA,0,0,28.330677752150223,74.2,1,202.06500816857442,mm,0,NA,NA,0,12.653627194929868,0,0.8154652846511453,0.9324571727076545,0,0,0,49.988244747210764,33.796182937197386,0,Loam,GreenCrop,без примітки,2024-05-24,0,F0099
1347,F0099,FARM12,2024,Soy,Soy-V2,9.712455408,ha,2024-04-16,2024-07-30,0,NA,t_ha,NA,0,0,28.330677752150223,74.2,1,202.06500816857442,mm,0,501.1654658475891,mm,0,12.653627194929868,0,0.36587245578411964,0.5,0,0,0,49.988244747210764,33.796182937197386,0,Loam,GreenCrop,без примітки,2024-06-15,0,F0099
96,F0099,FARM12,2024,Soy,Soy-V2,9.712455408,ha,2024-04-16,2024-07-30,0,NA,t_ha,NA,0,0,28.330677752150223,74.2,1,202.06500816857442,mm,0,NA,NA,0,12.653627194929868,0,0.6302498451201245,0.7311215474037454,0,0,0,49.988244747210764,33.796182937197386,0,Loam,GreenCrop,без примітки,2024-07-15,0,F0099
628,F0099,FARM12,2024,Soy,Soy-V2,9.7,ha,2024-04-16,2024-07-30,0,NA,NA,NA,0,0,28.330677752150223,74.2,1,202.06500816857442,mm,0,501.1654658475891,mm,0,12.653627194929868,0,0.5204618716612458,0.6604072496760636,0,0,0,49.988244747210764,33.796182937197386,0,Loam,GreenCrop,без примітки,2024-07-24,0,F0099
626,F0099,FARM12,2024,Soy,Soy-V2,9.712455408,ha,2024-04-16,2024-07-30,0,NA,t_ha,NA,0,0,28.330677752150223,74.2,1,202.06500816857442,mm,0,501.1654658475891,mm,0,12.653627194929868,0,0.7016735070152208,0.7921560849295929,0,0,0,49.988244747210764,33.796182937197386,0,Loam,GreenCrop,без примітки,2024-08-11,0,F0099
1173,F0099,FARM12,2024,Soy,Soy-V2,9.7,ha,2024-04-16,2024-07-30,0,NA,t_ha,NA,0,0,28.330677752150223,74.2,1,202.06500816857442,mm,0,501.1654658475891,mm,0,12.653627194929868,0,0.4030978024471551,0.5,0,0,0,49.988244747210764,33.796182937197386,0,Loam,GreenCrop,без примітки,2024-09-11,0,F0099
204,F0099,FARM12,2024,Soy,Soy-V2,9.7,ha,2024-04-16,2024-07-30,0,NA,t_ha,NA,0,0,28.330677752150223,74.2,1,202.06500816857442,mm,0,501.1654658475891,mm,0,12.653627194929868,0,0.5970956643810496,0.6785298821981997,0,0,0,49.988244747210764,33.796182937197386,0,Loam,GreenCrop,без примітки,2024-09-15,0,F0099
378,F0099,FARM12,2024,Soy,Soy-V2,9.7,ha,2024-04-16,2024-07-30,0,NA,NA,NA,0,0,28.330677752150223,74.2,1,NA,NA,0,501.1654658475891,mm,0,12.653627194929868,0,0.3778288045665249,0.5,0,0,0,49.988244747210764,33.796182937197386,0,Loam,GreenCrop,без примітки,2024-09-22,0,F0099
752,F0100,FARM02,2024,Wheat,Wheat-V4,28.2,ha,2024-04-07,2024-08-03,0,6.526762946275994,t_ha,6.526762946275994,1,0,24.416961741866544,161.5,4,0,mm,0,400.6871094345115,mm,0,16.123877361416817,0,NA,NA,0,0,0,49.06267173125828,30.588034155547156,0,Chernozem,Field Master,добре,2024-05-01,0,F0100
1219,F0100,FARM02,2024,Wheat,Wheat-V4,28.2,ha,2024-04-07,2024-08-03,0,6.526762946275994,t_ha,6.526762946275994,0,0,24.416961741866544,161.5,4,0,mm,0,400.6871094345115,mm,0,16.123877361416817,0,0.6426105443621054,0.7632125168805942,0,0,0,49.06267173125828,30.588034155547156,0,NA,Field Master,добре,2024-05-22,0,F0100
1493,F0100,FARM02,2024,Wheat,Wheat-V4,28.1661206832,ha,2024-04-07,2024-08-03,0,6.526762946275994,t_ha,6.526762946275994,1,0,24.416961741866544,161.5,4,0,mm,0,400.6871094345115,mm,0,16.123877361416817,0,0.4854305220302194,0.6049881332321092,0,0,0,49.06267173125828,30.588034155547156,0,Chernozem,Field Master,добре,2024-06-07,0,F0100
1003,F0100,FARM02,2024,Wheat,Wheat-V4,28.1661206832,ha,2024-04-07,2024-08-03,0,6.526762946275994,t_ha,6.526762946275994,0,0,24.416961741866544,161.5,4,0,mm,0,400.6871094345115,mm,0,16.123877361416817,0,0.7612620833329856,0.8355595742817968,0,0,0,49.06267173125828,30.588034155547156,0,NA,Field Master,добре,2024-06-15,0,F0100
1164,F0100,FARM02,2024,Wheat,Wheat-V4,28.1661206832,ha,2024-04-07,2024-08-03,0,6.526762946275994,t_ha,6.526762946275994,0,0,24.416961741866544,161.5,4,0,mm,0,400.6871094345115,mm,0,16.123877361416817,0,0.8166880866279825,0.8809509553015232,0,0,0,49.06267173125828,30.588034155547156,0,Chernozem,Field Master,добре,2024-06-19,0,F0100
1325,F0100,FARM02,2024,Wheat,Wheat-V4,28.2,ha,2024-04-07,2024-08-03,0,6.526762946275994,t_ha,6.526762946275994,1,0,24.416961741866544,161.5,4,0,mm,0,400.6871094345115,mm,0,16.123877361416817,0,0.7090090210782364,0.857781621441245,0,0,0,49.06267173125828,30.588034155547156,0,Chernozem,Field Master,добре,2024-08-27,0,F0100
668,F0100,FARM02,2024,Wheat,Wheat-V4,28.2,ha,2024-04-07,2024-08-03,0,6.526762946275994,t_ha,6.526762946275994,0,0,24.416961741866544,161.5,4,0,mm,0,400.6871094345115,mm,0,16.123877361416817,0,0.5060701262205839,0.5893537573749199,0,0,0,49.06267173125828,30.588034155547156,0,Chernozem,Field Master,добре,2024-09-26,0,F0100
415,F0101,FARM07,2024,Sunflower,Sunflower-V2,17,ha,2024-05-16,2024-09-09,0,3.9986537314485764,t_ha,3.9986537314485764,0,0,29.66828211932443,154.4,6,NA,NA,0,614.7301434888504,mm,0,12.208582530496642,0,0.5586343882838264,0.6089599704137072,0,0,0,48.70140651554707,28.65725658612838,0,Loam,SunField Co,зрошення застосовано,2024-05-11,0,F0101
1223,F0101,FARM07,2024,Sunflower,Sunflower-V2,16.996796964,ha,2024-05-16,2024-09-09,0,3.998653731448577,t_ha,3.998653731448577,1,0,29.66828211932443,154.4,6,115.60703431023285,mm,0,614.7301434888504,mm,0,12.208582530496642,0,0.41803673109970985,0.5351639714790508,0,0,0,48.70140651554707,28.65725658612838,0,Loam,SunField Co,зрошення застосовано,2024-05-19,0,F0101
25,F0101,FARM07,2024,Sunflower,Sunflower-V2,17,ha,2024-05-16,2024-09-09,0,3.998653731448577,t_ha,3.998653731448577,1,0,29.66828211932443,154.4,6,115.60703431023285,mm,0,614.7301434888504,mm,0,12.208582530496642,0,0.4929095782805234,0.5979288206202908,0,0,0,48.70140651554707,28.65725658612838,0,Loam,SunField Co,зрошення застосовано,2024-06-01,0,F0101
1041,F0101,FARM07,2024,Sunflower,Sunflower-V2,17,ha,2024-05-16,2024-09-09,0,NA,NA,NA,0,0,29.66828211932443,154.4,6,115.60703431023285,mm,0,614.7301434888504,mm,0,12.208582530496642,0,0.7993724385974929,0.8686059965519234,0,0,0,48.70140651554707,28.65725658612838,0,Loam,SunField Co,зрошення застосовано,2024-07-26,0,F0101
1340,F0101,FARM07,2024,Sunflower,Sunflower-V2,17,ha,2024-05-16,2024-09-09,0,3.9986537314485764,t_ha,3.9986537314485764,0,0,29.66828211932443,154.4,6,115.60703431023285,mm,0,614.7301434888504,mm,0,12.208582530496642,0,0.5546369959134608,0.6594464662019163,0,0,0,48.70140651554707,28.65725658612838,0,Loam,SunField Co,зрошення застосовано,2024-08-04,0,F0101
213,F0101,FARM07,2024,Sunflower,Sunflower-V2,17,ha,2024-05-16,2024-09-09,0,3.9986537314485764,t_ha,3.9986537314485764,0,0,29.66828211932443,154.4,6,115.60703431023285,mm,0,614.7301434888504,mm,0,12.208582530496642,0,0.8224838548572734,0.945112535636872,0,0,0,48.70140651554707,28.65725658612838,0,Loam,SunField Co,зрошення застосовано,2024-08-17,0,F0101
868,F0101,FARM07,2024,Sunflower,Sunflower-V2,17,ha,2024-05-16,2024-09-09,0,3.9986537314485764,t_ha,3.9986537314485764,0,0,29.66828211932443,154.4,6,115.60703431023285,mm,0,614.7301434888504,mm,0,12.208582530496642,0,0.5495819874573499,0.6426724031567573,0,0,0,48.70140651554707,28.65725658612838,0,Loam,SunField Co,зрошення застосовано,2024-09-28,0,F0101
227,F0102,FARM03,2024,Sunflower,Sunflower-V5,31.6868857686,ha,2024-04-12,2024-08-05,0,3.3900716088479386,t_ha,3.3900716088479386,0,0,29.590100933797657,193.2,1,131.70432868646458,mm,0,560.9882000950165,mm,0,17.695493798470125,0,NA,NA,0,0,0,49.40506355357589,30.06993606412178,0,Sandy,Pole Plus,зрошення застосовано,2024-05-22,0,F0102
310,F0102,FARM03,2024,Sunflower,Sunflower-V5,31.7,ha,2024-04-12,2024-08-05,0,3.3900716088479386,t_ha,3.3900716088479386,0,0,29.590100933797657,193.2,1,131.70432868646458,mm,0,NA,NA,0,17.695493798470125,0,0.4485324211651459,0.5392194813583046,0,0,0,49.40506355357589,30.06993606412178,0,Sandy,Pole Plus,зрошення застосовано,2024-05-29,0,F0102
867,F0102,FARM03,2024,Sunflower,Sunflower-V5,31.7,ha,2024-04-12,2024-08-05,0,3.3900716088479386,t_ha,3.3900716088479386,0,0,29.590100933797657,193.2,1,131.70432868646458,mm,0,560.9882000950165,mm,0,17.695493798470125,0,0.7071144340094179,0.8486784414621069,0,0,0,49.40506355357589,30.06993606412178,0,Sandy,Pole Plus,зрошення застосовано,2024-05-30,0,F0102
1101,F0102,FARM03,2024,Sunflower,Sunflower-V5,31.6868857686,ha,2024-04-12,2024-08-05,0,3.3900716088479386,t_ha,3.3900716088479386,1,0,29.590100933797657,193.2,1,131.70432868646458,mm,0,560.9882000950165,mm,0,17.695493798470125,0,NA,NA,0,0,0,49.40506355357589,30.06993606412178,0,Sandy,Pole Plus,зрошення застосовано,2024-07-08,0,F0102
1228,F0102,FARM03,2024,Sunflower,Sunflower-V5,31.7,ha,2024-04-12,2024-08-05,0,3.3900716088479386,t_ha,3.3900716088479386,0,0,29.590100933797657,193.2,1,131.70432868646458,mm,0,560.9882000950165,mm,0,17.695493798470125,0,0.8383704410167411,0.95,0,0,0,49.40506355357589,30.06993606412178,0,Sandy,Pole Plus,зрошення застосовано,2024-07-13,0,F0102
1048,F0102,FARM03,2024,Sunflower,Sunflower-V5,31.6868857686,ha,2024-04-12,2024-08-05,0,3.3900716088479386,t_ha,3.3900716088479386,0,0,29.590100933797657,193.2,1,131.70432868646458,mm,0,560.9882000950165,mm,0,17.695493798470125,0,0.47991787039209155,0.5454521423205733,0,0,0,49.40506355357589,30.06993606412178,0,Sandy,Pole Plus,зрошення застосовано,2024-08-15,0,F0102
732,F0102,FARM03,2024,Sunflower,Sunflower-V5,31.7,ha,2024-04-12,2024-08-05,0,3.3900716088479386,t_ha,3.3900716088479386,1,0,29.590100933797657,193.2,1,131.70432868646458,mm,0,560.9882000950165,mm,0,17.695493798470125,0,0.7485367687419057,0.8048208718420937,0,0,0,49.40506355357589,30.06993606412178,0,NA,Pole Plus,зрошення застосовано,2024-09-17,0,F0102
690,F0103,FARM04,2024,Corn,Corn-V1,111.3,ha,2024-05-01,2024-08-28,0,NA,NA,NA,0,0,24.153885109815747,8.9,3,92.88499933900312,mm,0,535.5808192514814,mm,0,18.506399986101314,0,0.4943751584738493,0.5930262239649892,0,0,0,49.557062817221045,28.921630821413828,0,Chernozem,Field Master,перевірити,2024-05-05,0,F0103
1360,F0103,FARM04,2024,Corn,Corn-V1,111.3,ha,2024-05-01,2024-08-28,0,5.178210637765005,t_ha,5.178210637765005,0,0,24.153885109815747,8.9,3,92.88499933900312,mm,0,535.5808192514814,mm,0,18.506399986101314,0,0.3606903982814401,0.5,0,0,0,49.557062817221045,28.921630821413828,0,Chernozem,Field Master,перевірити,2024-07-10,0,F0103
1078,F0103,FARM04,2024,Corn,Corn-V1,111.3,ha,2024-05-01,2024-08-28,0,5.178210637765005,t_ha,5.178210637765005,0,0,24.153885109815747,8.9,3,92.88499933900312,mm,0,535.5808192514814,mm,0,18.506399986101314,0,0.5498433868866414,0.6923245249548926,0,0,0,49.557062817221045,28.921630821413828,0,Chernozem,Field Master,перевірити,2024-07-14,0,F0103
327,F0103,FARM04,2024,Corn,Corn-V1,NA,NA,2024-05-01,2024-08-28,0,5.178210637765005,t_ha,5.178210637765005,0,0,24.153885109815747,8.9,3,92.88499933900312,mm,0,NA,NA,0,18.506399986101314,0,0.6403067584848031,0.759469448053278,0,0,0,49.557062817221045,28.921630821413828,1,Chernozem,Field Master,перевірити,2024-07-23,0,F0103
621,F0103,FARM04,2024,Corn,Corn-V1,111.3,ha,2024-05-01,2024-08-28,0,5.178210637765005,t_ha,5.178210637765005,0,0,24.153885109815747,8.9,3,NA,NA,0,535.5808192514814,mm,0,18.506399986101314,0,NA,NA,0,0,0,49.557062817221045,28.921630821413828,0,Chernozem,Field Master,перевірити,2024-07-26,0,F0103
150,F0103,FARM04,2024,Corn,Corn-V1,111.3,ha,2024-05-01,2024-08-28,0,5.178210637765005,t_ha,5.178210637765005,0,0,24.153885109815747,8.9,3,92.88499933900312,mm,0,535.5808192514814,mm,0,18.506399986101314,0,NA,NA,0,0,0,49.557062817221045,28.921630821413828,0,Chernozem,Field Master,перевірити,2024-08-12,0,F0103
1157,F0103,FARM04,2024,Corn,Corn-V1,111.3290201142,ha,2024-05-01,2024-08-28,0,5.178210637765005,t_ha,5.178210637765005,1,0,24.153885109815747,8.9,3,92.88499933900312,mm,0,535.5808192514814,mm,0,18.506399986101314,0,0.6884629001375288,0.7654976541409269,0,0,0,49.557062817221045,28.921630821413828,0,Chernozem,Field Master,перевірити,2024-09-21,0,F0103
143,F0104,FARM05,2024,Corn,Corn-V5,119,ha,2024-04-25,2024-09-03,0,NA,NA,NA,0,0,23.50176070490852,169.8,2,0,mm,0,670.861302386038,mm,0,17.50824711495079,0,0.5930786014301702,0.7324440602213145,0,0,0,49.98386206947407,32.580725477786274,0,Sandy,Field Master,посуха,2024-05-20,0,F0104
687,F0104,FARM05,2024,Corn,Corn-V5,118.977578748,ha,2024-04-25,2024-09-03,0,8.51801749994047,t_ha,8.51801749994047,0,0,23.50176070490852,169.8,2,0,mm,0,670.861302386038,mm,0,17.50824711495079,0,0.5758463252801448,0.6903956384630874,0,0,0,49.98386206947407,32.580725477786274,0,Sandy,Field Master,посуха,2024-06-05,0,F0104
233,F0104,FARM05,2024,Corn,Corn-V5,118.977578748,ha,2024-04-25,2024-09-03,0,8.51801749994047,t_ha,8.51801749994047,0,0,23.50176070490852,169.8,2,0,mm,0,NA,NA,0,17.50824711495079,0,0.6537857934832573,0.715119899995625,0,0,0,49.98386206947407,32.580725477786274,0,Sandy,Field Master,посуха,2024-06-08,0,F0104
3,F0104,FARM05,2024,Corn,Corn-V5,119,ha,2024-04-25,2024-09-03,0,8.51801749994047,t_ha,8.51801749994047,1,0,23.50176070490852,169.8,2,NA,mm,1,670.861302386038,mm,0,17.50824711495079,0,0.44638419083785263,0.5430846308125182,0,0,0,49.98386206947407,32.580725477786274,0,Sandy,Field Master,посуха,2024-06-11,0,F0104
612,F0104,FARM05,2024,Corn,Corn-V5,119,ha,2024-04-25,2024-09-03,0,8.51801749994047,t_ha,8.51801749994047,0,0,23.50176070490852,169.8,2,0,mm,0,670.861302386038,mm,0,17.50824711495079,0,NA,NA,0,0,0,49.98386206947407,32.580725477786274,0,Sandy,Field Master,посуха,2024-07-08,0,F0104
77,F0104,FARM05,2024,Corn,Corn-V5,118.977578748,ha,2024-04-25,2024-09-03,0,NA,NA,NA,0,0,23.50176070490852,169.8,2,0,mm,0,670.861302386038,mm,0,17.50824711495079,0,0.7722808214835822,0.8763150257989764,0,0,0,49.98386206947407,32.580725477786274,0,Sandy,Field Master,посуха,2024-07-11,0,F0104
376,F0104,FARM05,2024,Corn,Corn-V5,119,ha,2024-04-25,2024-09-03,0,8.51801749994047,t_ha,8.51801749994047,1,0,23.50176070490852,169.8,2,0,mm,0,670.861302386038,mm,0,17.50824711495079,0,0.496645451313816,0.5744801855413243,0,0,0,49.98386206947407,32.580725477786274,0,Sandy,Field Master,посуха,2024-07-20,0,F0104
1180,F0104,FARM05,2024,Corn,Corn-V5,118.977578748,ha,2024-04-25,2024-09-03,0,8.51801749994047,t_ha,8.51801749994047,1,0,23.50176070490852,169.8,2,0,mm,0,670.861302386038,mm,0,17.50824711495079,0,0.45910519422031937,0.5203040546970442,0,0,0,49.98386206947407,32.580725477786274,0,Sandy,Field Master,посуха,2024-07-25,0,F0104
556,F0105,FARM08,2024,Corn,Corn-V4,94.7,ha,2024-05-20,2024-09-08,0,5.533234184375033,t_ha,5.533234184375033,1,0,27.99906311929226,200,6,130.15923919156194,mm,0,402.9175912961364,mm,0,12.352574530988932,0,0.582830349705182,0.7239235842367634,0,0,0,49.33057358032931,32.407537905354985,0,NA,Field Master,проблема з дренажем,2024-05-01,0,F0105
1149,F0105,FARM08,2024,Corn,Corn-V4,94.7,ha,2024-05-20,2024-09-08,0,5.533234184375033,t_ha,5.533234184375033,1,0,27.99906311929226,200,6,130.15923919156194,mm,0,402.9175912961364,mm,0,12.352574530988932,0,0.5634125861339271,0.6961441993247717,0,0,0,49.33057358032931,32.407537905354985,0,Sandy,Field Master,проблема з дренажем,2024-05-21,0,F0105
1238,F0105,FARM08,2024,Corn,Corn-V4,94.7,ha,2024-05-20,2024-09-08,0,5.533234184375033,t_ha,5.533234184375033,0,0,27.99906311929226,200,6,130.15923919156194,mm,0,402.9175912961364,mm,0,12.352574530988932,0,0.7395487294066697,0.8815129263326525,0,0,0,49.33057358032931,32.407537905354985,0,Sandy,Field Master,проблема з дренажем,2024-06-04,0,F0105
578,F0105,FARM08,2024,Corn,Corn-V4,94.7,ha,2024-05-20,2024-09-08,0,NA,NA,NA,0,0,27.99906311929226,200,6,130.15923919156194,mm,0,402.9175912961364,mm,0,12.352574530988932,0,0.38395633213222025,0.5307084450498223,0,0,0,49.33057358032931,32.407537905354985,0,Sandy,Field Master,проблема з дренажем,2024-07-04,0,F0105
492,F0105,FARM08,2024,Corn,Corn-V4,94.7,ha,2024-05-20,2024-09-08,0,-0.44700335967354476,t_ha,-0.44700335967354476,1,1,27.99906311929226,200,6,130.15923919156194,mm,0,402.9175912961364,mm,0,12.352574530988932,0,0.45636485822033135,0.5986227674875408,0,0,0,49.33057358032931,32.407537905354985,0,Sandy,Field Master,проблема з дренажем,2024-07-30,0,F0105
712,F0105,FARM08,2024,Corn,Corn-V4,94.7369087922,ha,2024-05-20,2024-09-08,0,5.533234184375033,t_ha,5.533234184375033,1,0,27.99906311929226,200,6,NA,NA,0,402.9175912961364,mm,0,12.352574530988932,0,0.6114196714712307,0.7587358258198946,0,0,0,49.33057358032931,32.407537905354985,0,Sandy,Field Master,проблема з дренажем,2024-09-11,0,F0105
573,F0105,FARM08,2024,Corn,Corn-V4,94.7,ha,2024-05-20,2024-09-08,0,5.533234184375033,t_ha,5.533234184375033,1,0,27.99906311929226,200,6,NA,NA,0,402.9175912961364,mm,0,12.352574530988932,0,0.7322435113834217,0.8516866105841473,0,0,0,49.33057358032931,32.407537905354985,0,Sandy,Field Master,проблема з дренажем,2024-09-20,0,F0105
643,F0106,FARM08,2024,Sunflower,Sunflower-V3,92.8348862748,ha,2024-05-06,2024-09-14,0,4.163936704513617,t_ha,4.163936704513617,0,0,18.101373933721334,99.2,4,0,mm,0,230.38893289631233,mm,0,15.441293412819505,0,0.39234623501542953,0.5331993700237945,0,0,0,48.802430170864334,32.021926630538424,0,Sandy,UkrAgroTech,зрошення застосовано,2024-05-02,0,F0106
49,F0106,FARM08,2024,Sunflower,Sunflower-V3,92.9,ha,2024-05-06,2024-09-14,0,4.163936704513617,t_ha,4.163936704513617,1,0,18.101373933721334,99.2,4,0,mm,0,230.3889328963123,mm,0,15.441293412819505,0,0.8132954581174999,0.91600658709649,0,0,0,48.802430170864334,32.021926630538424,0,Sandy,UkrAgroTech,зрошення застосовано,2024-05-20,0,F0106
755,F0106,FARM08,2024,Sunflower,Sunflower-V3,92.9,ha,2024-05-06,2024-09-14,0,4.163936704513617,t_ha,4.163936704513617,0,0,18.101373933721334,99.2,4,0,mm,0,230.38893289631233,mm,0,15.441293412819505,0,0.7424107644706964,0.821076164371334,0,0,0,48.802430170864334,32.021926630538424,0,NA,UkrAgroTech,зрошення застосовано,2024-05-26,0,F0106
1141,F0106,FARM08,2024,Sunflower,Sunflower-V3,92.9,ha,2024-05-06,2024-09-14,0,4.163936704513617,t_ha,4.163936704513617,0,0,18.101373933721334,99.2,4,0,mm,0,230.38893289631233,mm,0,15.441293412819505,0,0.708871465199627,0.760932838032022,0,0,0,48.802430170864334,32.021926630538424,0,Sandy,UkrAgroTech,зрошення застосовано,2024-05-29,0,F0106
288,F0106,FARM08,2024,Sunflower,Sunflower-V3,92.9,ha,2024-05-06,2024-09-14,0,4.163936704513617,t_ha,4.163936704513617,1,0,18.101373933721334,99.2,4,NA,NA,0,230.38893289631233,mm,0,15.441293412819505,0,NA,NA,0,0,0,48.802430170864334,32.021926630538424,0,Sandy,UkrAgroTech,зрошення застосовано,2024-06-18,0,F0106
1442,F0106,FARM08,2024,Sunflower,Sunflower-V3,92.8348862748,ha,2024-05-06,2024-09-14,0,4.163936704513617,t_ha,4.163936704513617,0,0,18.101373933721334,99.2,4,0,mm,0,230.38893289631233,mm,0,15.441293412819505,0,NA,NA,0,0,0,48.802430170864334,32.021926630538424,0,Sandy,UkrAgroTech,зрошення застосовано,2024-06-19,0,F0106
1316,F0106,FARM08,2024,Sunflower,Sunflower-V3,92.8348862748,ha,2024-05-06,2024-09-14,0,4.163936704513617,t_ha,4.163936704513617,1,0,18.101373933721334,99.2,4,0,mm,0,NA,NA,0,15.441293412819505,0,0.4500799174653366,0.5463137406855821,0,0,0,48.802430170864334,32.021926630538424,0,Sandy,UkrAgroTech,зрошення застосовано,2024-08-08,0,F0106
121,F0106,FARM08,2024,Sunflower,Sunflower-V3,92.8348862748,ha,2024-05-06,2024-09-14,0,4.163936704513617,t_ha,4.163936704513617,1,0,18.101373933721334,99.2,4,0,mm,0,230.3889328963123,mm,0,15.441293412819505,0,0.6570138798793778,0.7415411196183413,0,0,0,48.802430170864334,32.021926630538424,0,NA,UkrAgroTech,зрошення застосовано,2024-08-16,0,F0106
1489,F0106,FARM08,2024,Sunflower,Sunflower-V3,92.9,ha,2024-05-06,2024-09-14,0,4.163936704513617,t_ha,4.163936704513617,1,0,18.101373933721334,99.2,4,0,mm,0,230.38893289631233,mm,0,15.441293412819505,0,0.736435727821663,0.7977751875529066,0,0,0,48.802430170864334,32.021926630538424,0,Sandy,UkrAgroTech,зрошення застосовано,2024-09-12,0,F0106
113,F0107,FARM08,2024,Corn,Corn-V3,67.9,ha,2024-04-02,2024-08-21,0,7.6183836637064815,t_ha,7.6183836637064815,0,0,25.764335512649268,156.7,5,128.58381224796176,mm,0,NA,NA,0,12.319094770820811,0,0.6774270462570712,0.8030036556534469,0,0,0,49.41644257587334,33.41691162278829,0,Chernozem,UkrAgroTech,перевірити,2024-05-21,0,F0107
1251,F0107,FARM08,2024,Corn,Corn-V3,NA,NA,2024-04-02,2024-08-21,0,7.6183836637064815,t_ha,7.6183836637064815,0,0,25.764335512649268,156.7,5,128.58381224796176,mm,0,290.2303160633892,mm,0,12.319094770820811,0,0.4713831140194088,0.5747115255333483,0,0,0,49.41644257587334,33.41691162278829,0,NA,UkrAgroTech,перевірити,2024-06-02,0,F0107
307,F0107,FARM08,2024,Corn,Corn-V3,67.9,ha,2024-04-02,2024-08-21,0,7.6183836637064815,t_ha,7.6183836637064815,1,0,25.764335512649268,156.7,5,128.58381224796176,mm,0,290.2303160633892,mm,0,12.319094770820811,0,0.7383463095407933,0.8168031997978688,0,0,0,49.41644257587334,33.41691162278829,0,Chernozem,UkrAgroTech,перевірити,2024-06-05,0,F0107
392,F0107,FARM08,2024,Corn,Corn-V3,67.9,ha,2024-04-02,2024-08-21,0,NA,NA,NA,0,0,25.764335512649268,156.7,5,128.58381224796176,mm,0,290.2303160633892,mm,0,12.319094770820811,0,0.6040290624601766,0.7281281794421375,0,0,0,49.41644257587334,33.41691162278829,0,Chernozem,UkrAgroTech,перевірити,2024-06-09,0,F0107
833,F0107,FARM08,2024,Corn,Corn-V3,67.8657821634,ha,2024-04-02,2024-08-21,0,NA,NA,NA,0,0,25.764335512649268,156.7,5,128.58381224796176,mm,0,290.2303160633892,mm,0,12.319094770820811,0,0.639209408685565,0.7878186718327924,0,0,0,49.41644257587334,33.41691162278829,0,Chernozem,UkrAgroTech,перевірити,2024-07-05,0,F0107
235,F0107,FARM08,2024,Corn,Corn-V3,67.9,ha,2024-04-02,2024-08-21,0,7.6183836637064815,t_ha,7.6183836637064815,1,0,25.764335512649268,156.7,5,128.58381224796176,mm,0,290.2303160633892,mm,0,12.319094770820811,0,0.8111298470990732,0.9466210997663438,0,0,0,49.41644257587334,33.41691162278829,0,Chernozem,UkrAgroTech,перевірити,2024-08-03,0,F0107
1505,F0107,FARM08,2024,Corn,Corn-V3,67.8657821634,ha,2024-04-02,2024-08-21,0,7.6183836637064815,t_ha,7.6183836637064815,1,0,25.764335512649268,156.7,5,128.58381224796176,mm,0,290.2303160633892,mm,0,12.319094770820811,0,0.6109279630705714,0.7043087062425911,0,0,0,49.41644257587334,33.41691162278829,0,Chernozem,UkrAgroTech,перевірити,2024-08-06,0,F0107
1260,F0107,FARM08,2024,Corn,Corn-V3,67.8657821634,ha,2024-04-02,2024-08-21,0,NA,NA,NA,0,0,25.764335512649268,156.7,5,128.58381224796176,mm,0,290.2303160633892,mm,0,12.319094770820811,0,0.6812953414861113,0.78500270859804,0,0,0,49.41644257587334,33.41691162278829,0,Chernozem,UkrAgroTech,перевірити,2024-08-23,0,F0107
1095,F0107,FARM08,2024,Corn,Corn-V3,67.8657821634,ha,2024-04-02,2024-08-21,0,7.6183836637064815,t_ha,7.6183836637064815,0,0,25.764335512649268,156.7,5,NA,NA,0,290.2303160633892,mm,0,12.319094770820811,0,0.3580563595984131,0.5,0,0,0,49.41644257587334,33.41691162278829,0,Chernozem,UkrAgroTech,перевірити,2024-09-06,0,F0107
1168,F0108,FARM10,2024,Wheat,Wheat-V5,56.1,ha,2024-05-16,2024-08-29,0,6.014269091654569,t_ha,6.014269091654569,1,0,26.784220005385578,170.7,4,217.23426579264924,mm,0,375.4140221979469,mm,0,19.0904314131476,0,0.38318221413064746,0.5164149810560048,0,0,0,49.120600077540615,29.992807520525066,0,Chernozem,SunField Co,без примітки,2024-05-30,0,F0108
1089,F0108,FARM10,2024,Wheat,Wheat-V5,56.1,ha,2024-05-16,2024-08-29,0,6.014269091654569,t_ha,6.014269091654569,0,0,26.784220005385578,170.7,4,NA,NA,0,375.4140221979469,mm,0,19.0904314131476,0,NA,NA,0,0,0,49.120600077540615,29.992807520525066,0,Chernozem,SunField Co,без примітки,2024-06-15,0,F0108
816,F0108,FARM10,2024,Wheat,Wheat-V5,56.1,ha,2024-05-16,2024-08-29,0,6.014269091654569,t_ha,6.014269091654569,0,0,26.784220005385578,170.7,4,217.23426579264924,mm,0,375.4140221979469,mm,0,19.0904314131476,0,0.8320303603773936,0.9216175125679001,0,0,0,49.120600077540615,29.992807520525066,0,Chernozem,SunField Co,без примітки,2024-07-02,0,F0108
1014,F0108,FARM10,2024,Wheat,Wheat-V5,56.1,ha,2024-05-16,2024-08-29,0,6.014269091654569,t_ha,6.014269091654569,1,0,26.784220005385578,170.7,4,217.23426579264924,mm,0,375.4140221979469,mm,0,19.0904314131476,0,NA,NA,0,0,0,49.120600077540615,29.992807520525066,0,Chernozem,SunField Co,без примітки,2024-07-31,0,F0108
223,F0108,FARM10,2024,Wheat,Wheat-V5,56.1,ha,2024-05-16,2024-08-29,0,6.014269091654569,t_ha,6.014269091654569,1,0,26.784220005385578,170.7,4,217.23426579264924,mm,0,375.4140221979469,mm,0,19.0904314131476,0,0.4069036022061482,0.5,0,0,0,49.120600077540615,29.992807520525066,0,Chernozem,SunField Co,без примітки,2024-08-11,0,F0108
478,F0108,FARM10,2024,Wheat,Wheat-V5,56.1,ha,2024-05-16,2024-08-29,0,6.014269091654569,t_ha,6.014269091654569,1,0,26.784220005385578,170.7,4,217.23426579264924,mm,0,375.4140221979469,mm,0,19.0904314131476,0,0.708776260050945,0.8200812444090843,0,0,0,49.120600077540615,29.992807520525066,0,Chernozem,SunField Co,без примітки,2024-08-17,0,F0108
586,F0108,FARM10,2024,Wheat,Wheat-V5,56.1,ha,2024-05-16,2024-08-29,0,6.014269091654569,t_ha,6.014269091654569,1,0,26.784220005385578,170.7,4,217.23426579264924,mm,0,375.4140221979469,mm,0,19.0904314131476,0,0.44837863547727463,0.5829297120915726,0,0,0,49.120600077540615,29.992807520525066,0,Chernozem,SunField Co,без примітки,2024-09-06,0,F0108
402,F0108,FARM10,2024,Wheat,Wheat-V5,56.1,ha,2024-05-16,2024-08-29,0,6.014269091654569,t_ha,6.014269091654569,0,0,26.784220005385578,170.7,4,217.23426579264924,mm,0,375.4140221979469,mm,0,19.0904314131476,0,0.7685331870731897,0.9394615767290815,0,1,0,49.120600077540615,29.992807520525066,0,Chernozem,SunField Co,без примітки,2024-09-14,0,F0108
1379,F0108,FARM10,2024,Wheat,Wheat-V5,56.129898545399996,ha,2024-05-16,2024-08-29,0,6.014269091654569,t_ha,6.014269091654569,0,0,26.784220005385578,170.7,4,NA,NA,0,375.4140221979469,mm,0,19.0904314131476,0,0.731034146877937,0.8755246388260275,0,0,0,49.120600077540615,29.992807520525066,0,Chernozem,SunField Co,без примітки,2024-09-17,0,F0108
23,F0109,FARM03,2024,Soy,Soy-V5,77.9,ha,2024-05-19,2024-08-26,0,1.7733576798345894,t_ha,1.7733576798345894,0,0,23.469693066785112,203.7,6,290.31850955216214,mm,0,235.44656498124823,mm,0,15.440130766713992,0,0.3663984940154478,0.5063423059647902,0,0,0,48.628853849126955,28.692569010023494,0,Chernozem,UkrAgroTech,зрошення застосовано,2024-06-17,0,F0109
589,F0109,FARM03,2024,Soy,Soy-V5,77.9,ha,2024-05-19,2024-08-26,0,1.7733576798345894,t_ha,1.7733576798345894,1,0,23.469693066785112,203.7,6,290.31850955216214,mm,0,235.44656498124823,mm,0,15.440130766713992,0,0.5949997063959017,0.6786638519959524,0,0,0,48.628853849126955,28.692569010023494,0,Chernozem,UkrAgroTech,зрошення застосовано,2024-06-25,0,F0109
109,F0109,FARM03,2024,Soy,Soy-V5,77.8615175208,ha,2024-05-19,2024-08-26,0,1.7733576798345894,t_ha,1.7733576798345894,1,0,23.469693066785112,203.7,6,290.31850955216214,mm,0,235.44656498124823,mm,0,15.440130766713992,0,0.8425324918003753,0.95,0,0,0,48.628853849126955,28.692569010023494,0,Chernozem,UkrAgroTech,зрошення застосовано,2024-07-11,0,F0109
861,F0109,FARM03,2024,Soy,Soy-V5,77.9,ha,2024-05-19,2024-08-26,0,1.7733576798345894,t_ha,1.7733576798345894,0,0,23.469693066785112,203.7,6,290.31850955216214,mm,0,235.44656498124823,mm,0,15.440130766713992,0,0.7792622909415513,0.921872160001658,0,0,0,48.628853849126955,28.692569010023494,0,Chernozem,UkrAgroTech,зрошення застосовано,2024-07-16,0,F0109
1498,F0109,FARM03,2024,Soy,Soy-V5,77.9,ha,2024-05-19,2024-08-26,0,1.7733576798345894,t_ha,1.7733576798345894,0,0,23.469693066785112,203.7,6,290.31850955216214,mm,0,235.44656498124823,mm,0,15.440130766713992,0,0.63712266869843,0.692181567614898,0,0,0,48.628853849126955,28.692569010023494,0,Chernozem,UkrAgroTech,зрошення застосовано,2024-09-01,0,F0109
15,F0109,FARM03,2024,Soy,Soy-V5,77.8615175208,ha,2024-05-19,2024-08-26,0,1.7733576798345894,t_ha,1.7733576798345894,0,0,23.469693066785112,203.7,6,290.31850955216214,mm,0,235.44656498124823,mm,0,15.440130766713992,0,0.6974323455011472,0.8463831697357818,0,0,0,48.628853849126955,28.692569010023494,0,NA,UkrAgroTech,зрошення застосовано,2024-09-12,0,F0109
457,F0109,FARM03,2024,Soy,Soy-V5,77.9,ha,2024-05-19,2024-08-26,0,1.7733576798345894,t_ha,1.7733576798345894,0,0,23.469693066785112,203.7,6,290.31850955216214,mm,0,235.44656498124823,mm,0,15.440130766713992,0,0.7828306694515049,0.9324518488254399,0,0,0,48.628853849126955,28.692569010023494,0,Chernozem,UkrAgroTech,зрошення застосовано,2024-09-14,0,F0109
425,F0110,FARM07,2024,Corn,Corn-V2,115.2,ha,2024-04-19,2024-10-11,0,9.866490167565644,t_ha,9.866490167565644,0,0,20.773488281061873,52,1,137.022539076861,mm,0,526.9480216433294,mm,0,15.931346965022385,0,0.7112621474312618,0.859565078606829,0,0,0,49.7786507780808,28.85294060078496,0,Clay,SunField Co,зрошення застосовано,2024-05-02,0,F0110
1336,F0110,FARM07,2024,Corn,Corn-V2,115.2,ha,2024-04-19,2024-10-11,0,NA,NA,NA,0,0,35,52,1,137.022539076861,mm,0,526.9480216433294,mm,0,15.931346965022385,0,0.4360486410092562,0.5,0,0,0,49.7786507780808,28.85294060078496,0,Clay,SunField Co,зрошення застосовано,2024-06-11,0,F0110
1359,F0110,FARM07,2024,Corn,Corn-V2,115.2,ha,2024-04-19,2024-10-11,0,9.866490167565644,t_ha,9.866490167565644,0,0,20.773488281061873,52,1,137.022539076861,mm,0,526.9480216433294,mm,0,15.931346965022385,0,NA,NA,0,0,0,49.7786507780808,28.85294060078496,0,Clay,SunField Co,зрошення застосовано,2024-06-19,0,F0110
891,F0110,FARM07,2024,Corn,Corn-V2,115.17353371320002,ha,2024-04-19,2024-10-11,0,9.866490167565644,t_ha,9.866490167565644,1,0,20.773488281061873,52,1,137.022539076861,mm,0,NA,NA,0,15.931346965022385,0,0.5323386212345212,0.6005275067640469,0,0,0,49.7786507780808,28.85294060078496,0,Clay,SunField Co,зрошення застосовано,2024-07-10,0,F0110
1416,F0110,FARM07,2024,Corn,Corn-V2,115.17353371320002,ha,2024-04-19,2024-10-11,0,9.866490167565644,t_ha,9.866490167565644,1,0,20.773488281061873,52,1,NA,NA,0,NA,NA,0,15.931346965022385,0,0.568448638683185,0.7132260381244122,0,0,0,49.7786507780808,28.85294060078496,0,Clay,SunField Co,зрошення застосовано,2024-08-16,0,F0110
329,F0110,FARM07,2024,Corn,Corn-V2,115.2,ha,2024-04-19,2024-10-11,0,9.866490167565644,t_ha,9.866490167565644,0,0,20.773488281061873,52,1,137.022539076861,mm,0,526.9480216433294,mm,0,15.931346965022385,0,NA,NA,0,0,0,49.7786507780808,28.85294060078496,0,Clay,SunField Co,зрошення застосовано,2024-09-08,0,F0110
268,F0110,FARM07,2024,Corn,Corn-V2,115.2,ha,2024-04-19,2024-10-11,0,9.866490167565644,t_ha,9.866490167565644,0,0,20.773488281061873,52,1,137.022539076861,mm,0,526.9480216433294,mm,0,15.931346965022385,0,0.633396186074242,0.7553320986917242,0,0,0,49.7786507780808,28.85294060078496,0,Clay,SunField Co,зрошення застосовано,2024-09-25,0,F0110
706,F0111,FARM11,2024,Corn,Corn-V4,64.142674257,ha,2024-03-21,2024-08-14,0,8.063955106539652,t_ha,8.063955106539652,0,0,21.43571813055314,194,6,266.05504255276173,mm,0,340.4401483130641,mm,0,16.69074723124504,0,NA,NA,0,0,0,49.45520813353639,31.921285093258604,0,Loam,SunField Co,норма,2024-05-17,0,F0111
431,F0111,FARM11,2024,Corn,Corn-V4,64.2,ha,2024-03-21,2024-08-14,0,8.063955106539652,t_ha,8.063955106539652,1,0,21.43571813055314,194,6,266.05504255276173,mm,0,340.4401483130641,mm,0,16.69074723124504,0,0.7477595668984577,0.8159176016924903,0,0,0,49.45520813353639,31.921285093258604,0,Loam,SunField Co,норма,2024-06-04,0,F0111
1386,F0111,FARM11,2024,Corn,Corn-V4,64.142674257,ha,2024-03-21,2024-08-14,0,8.063955106539652,t_ha,8.063955106539652,1,0,21.43571813055314,194,6,NA,NA,0,340.4401483130641,mm,0,16.69074723124504,0,0.46625482304953036,0.5779871517093852,0,0,0,49.45520813353639,31.921285093258604,0,Loam,SunField Co,норма,2024-06-08,0,F0111
1241,F0111,FARM11,2024,Corn,Corn-V4,NA,NA,2024-03-21,2024-08-14,0,NA,NA,NA,0,0,21.43571813055314,194,6,266.05504255276173,mm,0,NA,NA,0,16.69074723124504,0,0.4239251208724454,0.5412763014435767,0,0,0,49.45520813353639,31.921285093258604,0,Loam,SunField Co,норма,2024-06-12,0,F0111
1441,F0111,FARM11,2024,Corn,Corn-V4,64.142674257,ha,2024-03-21,2024-08-14,0,8.063955106539652,t_ha,8.063955106539652,0,0,21.43571813055314,194,6,266.05504255276173,mm,0,340.4401483130641,mm,0,16.69074723124504,0,0.38957421192899344,0.5,0,0,0,49.45520813353639,31.921285093258604,0,Loam,SunField Co,норма,2024-06-17,0,F0111
1315,F0111,FARM11,2024,Corn,Corn-V4,64.2,ha,2024-03-21,2024-08-14,0,8.063955106539652,t_ha,8.063955106539652,1,0,21.43571813055314,194,6,266.05504255276173,mm,0,340.4401483130641,mm,0,16.69074723124504,0,0.4011393641354516,0.5162641814211383,0,0,0,49.45520813353639,31.921285093258604,0,Loam,SunField Co,норма,2024-06-18,0,F0111
647,F0111,FARM11,2024,Corn,Corn-V4,64.2,ha,2024-03-21,2024-08-14,0,8.063955106539652,t_ha,8.063955106539652,0,0,21.43571813055314,194,6,266.05504255276173,mm,0,340.4401483130641,mm,0,16.69074723124504,0,0.5599995525786653,0.6921311977552249,0,0,0,49.45520813353639,31.921285093258604,0,Loam,SunField Co,норма,2024-08-09,0,F0111
210,F0111,FARM11,2024,Corn,Corn-V4,64.2,ha,2024-03-21,2024-08-14,0,8.063955106539652,t_ha,8.063955106539652,1,0,21.43571813055314,194,6,266.05504255276173,mm,0,340.4401483130641,mm,0,16.69074723124504,0,NA,NA,0,0,0,49.45520813353639,31.921285093258604,0,Loam,SunField Co,норма,2024-09-29,0,F0111
1057,F0112,FARM08,2024,Wheat,Wheat-V3,111.6123000636,ha,2024-05-02,2024-09-28,0,5.193239656044169,t_ha,5.193239656044169,1,0,30.761868586065248,73.2,1,140.04889347124845,mm,0,359.17925545945764,mm,0,13.28689100407064,0,NA,NA,0,0,0,49.686820577460345,31.00220091697993,0,Loam,Pole Plus,добре,2024-05-14,0,F0112
1497,F0112,FARM08,2024,Wheat,Wheat-V3,111.6123000636,ha,2024-05-02,2024-09-28,0,-0.09197506331838667,t_ha,-0.09197506331838667,0,1,30.761868586065248,73.2,1,140.04889347124845,mm,0,359.17925545945764,mm,0,13.28689100407064,0,0.5577080735471099,0.6549433490959927,0,0,0,49.686820577460345,31.00220091697993,0,Loam,Pole Plus,добре,2024-06-10,0,F0112
738,F0112,FARM08,2024,Wheat,Wheat-V3,111.6,ha,2024-05-02,2024-09-28,0,5.19323965604417,t_ha,5.19323965604417,0,0,30.761868586065248,73.2,1,140.04889347124845,mm,0,359.17925545945764,mm,0,13.28689100407064,0,NA,NA,0,0,0,49.686820577460345,31.00220091697993,0,Loam,Pole Plus,добре,2024-06-18,0,F0112
433,F0112,FARM08,2024,Wheat,Wheat-V3,NA,NA,2024-05-02,2024-09-28,0,5.193239656044169,t_ha,5.193239656044169,1,0,30.761868586065248,73.2,1,140.04889347124845,mm,0,359.17925545945764,mm,0,13.28689100407064,0,0.4989200621144846,0.5624391465447843,0,0,0,49.686820577460345,31.00220091697993,0,Loam,Pole Plus,добре,2024-07-03,0,F0112
1451,F0112,FARM08,2024,Wheat,Wheat-V3,111.6,ha,2024-05-02,2024-09-28,0,NA,NA,NA,0,0,30.761868586065248,73.2,1,NA,NA,0,359.17925545945764,mm,0,13.28689100407064,0,0.3902265799930319,0.5,0,0,0,49.686820577460345,31.00220091697993,0,NA,Pole Plus,добре,2024-07-25,0,F0112
842,F0112,FARM08,2024,Wheat,Wheat-V3,111.6,ha,2024-05-02,2024-09-28,0,5.193239656044169,t_ha,5.193239656044169,1,0,30.761868586065248,73.2,1,140.04889347124845,mm,0,359.17925545945764,mm,0,13.28689100407064,0,0.6888703381642699,0.7503769809613005,0,0,0,49.686820577460345,31.00220091697993,0,Loam,Pole Plus,добре,2024-08-22,0,F0112
518,F0112,FARM08,2024,Wheat,Wheat-V3,111.6,ha,2024-05-02,2024-09-28,0,5.193239656044169,t_ha,5.193239656044169,1,0,30.761868586065248,73.2,1,NA,NA,0,NA,NA,0,13.28689100407064,0,0.5266309802187606,0.6692932926816866,0,0,0,49.686820577460345,31.00220091697993,0,Loam,Pole Plus,добре,2024-09-15,0,F0112
1010,F0112,FARM08,2024,Wheat,Wheat-V3,111.6,ha,2024-05-02,2024-09-28,0,5.19323965604417,t_ha,5.19323965604417,0,0,30.761868586065248,73.2,1,140.04889347124845,mm,0,359.17925545945764,mm,0,13.28689100407064,0,0.6694027082063257,0.7909376855706796,0,0,0,49.686820577460345,31.00220091697993,0,Loam,Pole Plus,добре,2024-09-25,0,F0112
954,F0113,FARM03,2024,Corn,Corn-V4,82.27259101860001,ha,2024-03-24,2024-09-19,0,NA,t_ha,NA,0,0,26.015472364611924,94.3,3,78.30122853629291,mm,0,534.9936959915794,mm,0,20.876404938055202,0,0.48899023295380173,0.6273130265297369,0,0,0,48.954723811713045,28.707863647216932,0,Loam,UkrAgroTech,без примітки,2024-05-12,0,F0113
453,F0113,FARM03,2024,Corn,Corn-V4,NA,NA,2024-03-24,2024-09-19,0,NA,t_ha,NA,0,0,26.015472364611924,94.3,3,78.30122853629291,mm,0,534.9936959915794,mm,0,20.876404938055202,0,0.8189938864903524,0.9405089791398495,0,0,0,48.954723811713045,28.707863647216932,0,Loam,UkrAgroTech,без примітки,2024-05-20,0,F0113
1218,F0113,FARM03,2024,Corn,Corn-V4,82.27259101860001,ha,2024-03-24,2024-09-19,0,NA,t_ha,NA,0,0,26.015472364611924,94.3,3,78.30122853629291,mm,0,534.9936959915794,mm,0,20.876404938055202,0,0.5679944333620369,0.6437568327644839,0,0,0,48.954723811713045,28.707863647216932,0,Loam,UkrAgroTech,без примітки,2024-06-03,0,F0113
423,F0113,FARM03,2024,Corn,Corn-V4,82.3,ha,2024-03-24,2024-09-19,0,NA,t_ha,NA,0,0,26.015472364611924,94.3,3,NA,NA,0,534.9936959915794,mm,0,20.876404938055202,0,NA,NA,0,0,0,48.954723811713045,28.707863647216932,0,Loam,UkrAgroTech,без примітки,2024-06-06,0,F0113
462,F0113,FARM03,2024,Corn,Corn-V4,82.27259101860001,ha,2024-03-24,2024-09-19,0,NA,t_ha,NA,0,0,26.015472364611924,94.3,3,78.30122853629291,mm,0,534.9936959915794,mm,0,20.876404938055202,0,NA,NA,0,0,0,48.954723811713045,28.707863647216932,0,Loam,UkrAgroTech,без примітки,2024-06-18,0,F0113
1105,F0113,FARM03,2024,Corn,Corn-V4,82.27259101860001,ha,2024-03-24,2024-09-19,0,NA,t_ha,NA,0,0,26.015472364611924,94.3,3,78.30122853629291,mm,0,534.9936959915794,mm,0,20.876404938055202,0,0.3940939436666667,0.5361583892488853,0,0,0,48.954723811713045,28.707863647216932,0,Loam,UkrAgroTech,без примітки,2024-07-21,0,F0113
463,F0113,FARM03,2024,Corn,Corn-V4,82.27259101860001,ha,2024-03-24,2024-09-19,0,NA,NA,NA,0,0,26.015472364611924,94.3,3,78.30122853629291,mm,0,534.9936959915794,mm,0,20.876404938055202,0,NA,NA,0,0,0,48.954723811713045,28.707863647216932,0,Loam,UkrAgroTech,без примітки,2024-09-10,0,F0113
1366,F0113,FARM03,2024,Corn,Corn-V4,82.27259101860001,ha,2024-03-24,2024-09-19,0,NA,t_ha,NA,0,0,26.015472364611924,94.3,3,78.30122853629291,mm,0,534.9936959915794,mm,0,20.876404938055202,0,0.5712688848376274,0.6980038640554994,0,0,0,48.954723811713045,28.707863647216932,0,NA,UkrAgroTech,без примітки,2024-09-27,0,F0113
1017,F0114,FARM04,2024,Wheat,Wheat-V5,NA,NA,2024-05-16,2024-08-16,0,3.132714224746451,t_ha,3.132714224746451,0,0,18.424006418557838,119.4,1,0,mm,0,175.6747178384103,mm,0,19.000138474162668,0,0.5952832979615778,0.7311176830204204,0,0,0,49.533308472967704,31.22206176491082,0,Clay,SunField Co,посуха,2024-07-12,0,F0114
232,F0114,FARM04,2024,Wheat,Wheat-V5,28.3,ha,2024-05-16,2024-08-16,0,3.132714224746451,t_ha,3.132714224746451,0,0,18.424006418557838,119.4,1,0,mm,0,175.6747178384103,mm,0,19.000138474162668,0,0.4369218441657722,0.5237130862893536,0,0,0,49.533308472967704,31.22206176491082,0,Clay,SunField Co,посуха,2024-07-29,0,F0114
314,F0114,FARM04,2024,Wheat,Wheat-V5,28.3,ha,2024-05-16,2024-08-16,0,3.132714224746451,t_ha,3.132714224746451,1,0,18.424006418557838,119.4,1,0,mm,0,175.6747178384103,mm,0,19.000138474162668,0,0.5847278883680701,0.6838776014512404,0,0,0,49.533308472967704,31.22206176491082,0,NA,SunField Co,посуха,2024-08-02,0,F0114
1414,F0114,FARM04,2024,Wheat,Wheat-V5,28.3,ha,2024-05-16,2024-08-16,0,3.132714224746451,t_ha,3.132714224746451,0,0,18.424006418557838,119.4,1,0,mm,0,175.6747178384103,mm,0,19.000138474162668,0,NA,NA,0,0,0,49.533308472967704,31.22206176491082,0,NA,SunField Co,посуха,2024-08-15,0,F0114
357,F0114,FARM04,2024,Wheat,Wheat-V5,28.3,ha,2024-05-16,2024-08-16,0,-0.33495574933476746,t_ha,-0.33495574933476746,0,1,18.424006418557838,119.4,1,0,mm,0,175.6747178384103,mm,0,19.000138474162668,0,0.5434040797641501,0.6001141520915553,0,0,0,49.533308472967704,31.22206176491082,0,Clay,SunField Co,посуха,2024-08-28,0,F0114
172,F0114,FARM04,2024,Wheat,Wheat-V5,28.2470578116,ha,2024-05-16,2024-08-16,0,3.132714224746451,t_ha,3.132714224746451,0,0,18.424006418557838,119.4,1,0,mm,0,NA,NA,0,19.000138474162668,0,0.5785918950801715,0.6400715312222018,0,0,0,49.533308472967704,31.22206176491082,0,Clay,SunField Co,посуха,2024-09-03,0,F0114
821,F0114,FARM04,2024,Wheat,Wheat-V5,28.3,ha,2024-05-16,2024-08-16,0,3.132714224746451,t_ha,3.132714224746451,1,0,18.424006418557838,119.4,1,0,mm,0,175.6747178384103,mm,0,19.000138474162668,0,0.369831161131151,0.5,0,0,0,49.533308472967704,31.22206176491082,0,Clay,SunField Co,посуха,2024-09-06,0,F0114
427,F0114,FARM04,2024,Wheat,Wheat-V5,28.3,ha,2024-05-16,2024-08-16,0,3.132714224746451,t_ha,3.132714224746451,0,0,18.424006418557838,119.4,1,0,mm,0,175.6747178384103,mm,0,19.000138474162668,0,0.3555022760061547,0.5,0,0,0,49.533308472967704,31.22206176491082,0,NA,SunField Co,посуха,2024-09-08,0,F0114
382,F0114,FARM04,2024,Wheat,Wheat-V5,28.2470578116,ha,2024-05-16,2024-08-16,0,3.132714224746451,t_ha,3.132714224746451,0,0,18.424006418557838,119.4,1,0,mm,0,175.6747178384103,mm,0,19.000138474162668,0,0.7509836087934673,0.85162359569221735,0,0,0,49.533308472967704,31.22206176491082,0,Clay,SunField Co,посуха,2024-09-28,0,F0114
1073,F0115,FARM06,2024,Wheat,Wheat-V2,84.6,ha,2024-05-11,2024-09-26,0,3.1285439368803054,t_ha,3.1285439368803054,0,0,34.41846174537204,180.4,2,NA,NA,0,183.60017689410597,mm,0,21.49193315464072,0,0.7153308086795732,0.7793610597029328,0,0,0,49.75043270652369,29.703541767967867,0,Loam,AgroService Ltd,без примітки,2024-05-01,0,F0115
1450,F0115,FARM06,2024,Wheat,Wheat-V2,84.6,ha,2024-05-11,2024-09-26,0,3.1285439368803054,t_ha,3.1285439368803054,0,0,34.41846174537204,180.4,2,393.06053766049445,mm,0,183.60017689410597,mm,0,21.49193315464072,0,0.537186031602323,0.6401895084651187,0,0,0,49.75043270652369,29.703541767967867,0,Loam,AgroService Ltd,без примітки,2024-05-05,0,F0115
7,F0115,FARM06,2024,Wheat,Wheat-V2,84.6,ha,2024-05-11,2024-09-26,0,3.1285439368803054,t_ha,3.1285439368803054,1,0,34.41846174537204,180.4,2,393.06053766049445,mm,0,183.60017689410597,mm,0,21.49193315464072,0,0.4369677880546078,0.5026263078441843,0,0,0,49.75043270652369,29.703541767967867,0,Loam,AgroService Ltd,без примітки,2024-05-29,0,F0115
574,F0115,FARM06,2024,Wheat,Wheat-V2,NA,ha,2024-05-11,2024-09-26,0,3.1285439368803054,t_ha,3.1285439368803054,1,0,34.41846174537204,180.4,2,393.06053766049445,mm,0,183.60017689410597,mm,0,21.49193315464072,0,NA,NA,0,0,0,49.75043270652369,29.703541767967867,0,Loam,AgroService Ltd,без примітки,2024-06-29,1,F0115
228,F0115,FARM06,2024,Wheat,Wheat-V2,84.6197677422,ha,2024-05-11,2024-09-26,0,3.1285439368803054,t_ha,3.1285439368803054,0,0,34.41846174537204,180.4,2,393.06053766049445,mm,0,183.60017689410597,mm,0,21.49193315464072,0,NA,NA,0,0,0,49.75043270652369,29.703541767967867,0,Loam,AgroService Ltd,без примітки,2024-08-04,0,F0115
105,F0115,FARM06,2024,Wheat,Wheat-V2,84.6197677422,ha,2024-05-11,2024-09-26,0,3.1285439368803054,t_ha,3.1285439368803054,0,0,34.41846174537204,180.4,2,393.06053766049445,mm,0,183.60017689410597,mm,0,21.49193315464072,0,0.5863724033348262,0.6851655750069767,0,0,0,49.75043270652369,29.703541767967867,0,Loam,AgroService Ltd,без примітки,2024-08-19,0,F0115
341,F0115,FARM06,2024,Wheat,Wheat-V2,84.6197677422,ha,2024-05-11,2024-09-26,0,3.1285439368803054,t_ha,3.1285439368803054,0,0,34.41846174537204,180.4,2,393.06053766049445,mm,0,NA,NA,0,21.49193315464072,0,0.7018011866835877,0.755679641594179,0,0,0,49.75043270652369,29.703541767967867,0,Loam,AgroService Ltd,без примітки,2024-08-29,0,F0115
536,F0116,FARM04,2024,Soy,Soy-V5,43.6,ha,2024-03-26,2024-09-12,1,NA,t_ha,NA,0,0,15.610496307024732,190.6,4,249.96498601976782,mm,0,566.568944172468,mm,0,19.374237705254927,0,0.48687277736607937,0.5514479767763987,0,0,0,49.61296878497536,33.785506481076126,0,Chernozem,SunField Co,зрошення застосовано,2024-05-13,0,F0116
375,F0116,FARM04,2024,Soy,Soy-V5,43.5441750792,ha,2024-03-26,2024-09-12,0,NA,t_ha,NA,0,0,15.610496307024732,190.6,4,249.96498601976782,mm,0,566.568944172468,mm,0,19.374237705254927,0,0.8237809487851336,0.8792682651663198,0,0,0,49.61296878497536,33.785506481076126,0,Chernozem,SunField Co,зрошення застосовано,2024-05-24,0,F0116
1042,F0116,FARM04,2024,Soy,Soy-V5,43.5441750792,ha,2024-03-26,2024-09-12,0,NA,t_ha,NA,0,0,15.610496307024732,190.6,4,249.96498601976782,mm,0,NA,NA,0,19.374237705254927,0,0.3956175742438063,0.5347621740307659,0,0,0,49.61296878497536,33.785506481076126,0,NA,SunField Co,зрошення застосовано,2024-06-01,0,F0116
1290,F0116,FARM04,2024,Soy,Soy-V5,43.6,ha,2024-03-26,2024-09-12,0,NA,t_ha,NA,0,0,15.610496307024732,190.6,4,249.96498601976782,mm,0,566.568944172468,mm,0,19.374237705254927,0,0.6142397941090166,0.6889118512626737,0,0,0,49.61296878497536,33.785506481076126,0,Chernozem,SunField Co,зрошення застосовано,2024-08-09,0,F0116
153,F0116,FARM04,2024,Soy,Soy-V5,43.5441750792,ha,2024-03-26,2024-09-12,0,NA,t_ha,NA,0,0,15.610496307024732,190.6,4,249.96498601976782,mm,0,566.568944172468,mm,0,19.374237705254927,0,NA,NA,0,0,0,49.61296878497536,33.785506481076126,0,Chernozem,SunField Co,зрошення застосовано,2024-08-10,0,F0116
1483,F0116,FARM04,2024,Soy,Soy-V5,43.6,ha,2024-03-26,2024-09-12,0,NA,t_ha,NA,0,0,15.610496307024732,190.6,4,249.96498601976782,mm,0,566.568944172468,mm,0,19.374237705254927,0,0.8307219908107072,0.95,0,0,0,49.61296878497536,33.785506481076126,0,Chernozem,SunField Co,зрошення застосовано,2024-08-29,0,F0116
576,F0116,FARM04,2024,Soy,Soy-V5,43.5441750792,ha,2024-03-26,2024-09-12,0,NA,t_ha,NA,0,0,15.610496307024732,190.6,4,249.96498601976782,mm,0,566.568944172468,mm,0,19.374237705254927,0,0.5231770653277635,0.6457410597940907,0,0,0,49.61296878497536,33.785506481076126,0,Chernozem,SunField Co,зрошення застосовано,2024-09-07,0,F0116
961,F0117,FARM10,2024,Wheat,Wheat-V2,77.8,ha,2024-04-13,2024-07-25,0,7.688482908532023,t_ha,7.688482908532023,0,0,22.67579868552275,107.8,5,0,mm,0,654.7593226656318,mm,0,22.50023498479277,0,0.8032342555467039,0.9092300280928611,0,0,0,48.51653294270579,31.982219828517643,0,Loam,Field Master,норма,2024-05-02,0,F0117
1303,F0117,FARM10,2024,Wheat,Wheat-V2,77.7805803924,ha,2024-04-13,2024-07-25,0,7.688482908532023,t_ha,7.688482908532023,0,0,22.67579868552275,107.8,5,NA,mm,1,654.7593226656318,mm,0,22.50023498479277,0,0.7392914411844685,0.8531471722293645,0,0,0,48.51653294270579,31.982219828517643,0,Loam,Field Master,норма,2024-05-05,0,F0117
1364,F0117,FARM10,2024,Wheat,Wheat-V2,77.8,ha,2024-04-13,2024-07-25,0,7.688482908532023,t_ha,7.688482908532023,0,0,22.67579868552275,107.8,5,0,mm,0,654.7593226656318,mm,0,22.50023498479277,0,NA,NA,0,0,0,48.51653294270579,31.982219828517643,0,Loam,Field Master,норма,2024-06-16,0,F0117
180,F0117,FARM10,2024,Wheat,Wheat-V2,77.8,ha,2024-04-13,2024-07-25,0,7.688482908532023,t_ha,7.688482908532023,0,0,22.67579868552275,107.8,5,0,mm,0,654.7593226656318,mm,0,22.50023498479277,0,0.4721776463789865,0.5880791693227365,0,0,0,48.51653294270579,31.982219828517643,0,Loam,Field Master,норма,2024-07-05,0,F0117
1013,F0117,FARM10,2024,Wheat,Wheat-V2,77.8,ha,2024-04-13,2024-07-25,0,7.688482908532024,t_ha,7.688482908532024,1,0,22.67579868552275,107.8,5,0,mm,0,654.7593226656318,mm,0,22.50023498479277,0,0.6946731098229065,0.775092258839868,0,0,0,48.51653294270579,31.982219828517643,0,Loam,Field Master,норма,2024-07-07,0,F0117
319,F0117,FARM10,2024,Wheat,Wheat-V2,77.7805803924,ha,2024-04-13,2024-07-25,0,7.688482908532023,t_ha,7.688482908532023,0,0,22.67579868552275,107.8,5,0,mm,0,654.7593226656318,mm,0,22.50023498479277,0,0.6924183566821739,0.7753173236269504,0,0,0,48.51653294270579,31.982219828517643,0,Loam,Field Master,норма,2024-07-26,0,F0117
1205,F0117,FARM10,2024,Wheat,Wheat-V2,77.7805803924,ha,2024-04-13,2024-07-25,0,7.688482908532024,t_ha,7.688482908532024,1,0,22.67579868552275,107.8,5,0,mm,0,NA,NA,0,22.50023498479277,0,NA,NA,0,0,0,48.51653294270579,31.982219828517643,0,Loam,Field Master,норма,2024-07-27,0,F0117
648,F0117,FARM10,2024,Wheat,Wheat-V2,NA,NA,2024-04-13,2024-07-25,0,7.688482908532023,t_ha,7.688482908532023,0,0,22.67579868552275,107.8,5,0,mm,0,654.7593226656318,mm,0,22.50023498479277,0,0.7291422428330406,0.7933471205411479,0,0,0,48.51653294270579,31.982219828517643,0,Loam,Field Master,норма,2024-09-12,0,F0117
837,F0117,FARM10,2024,Wheat,Wheat-V2,77.7805803924,ha,2024-04-13,2024-07-25,0,7.688482908532023,t_ha,7.688482908532023,0,0,22.67579868552275,107.8,5,0,mm,0,654.7593226656318,mm,0,22.50023498479277,0,0.4097880808636546,0.5312655735295265,0,0,0,48.51653294270579,31.982219828517643,0,Loam,Field Master,норма,2024-09-26,0,F0117
359,F0118,FARM04,2024,Wheat,Wheat-V2,89.2,ha,2024-05-15,2024-09-01,0,NA,t_ha,NA,0,0,9.177096034400165,160.8,1,NA,NA,0,538.0492500844412,mm,0,19.467462910572067,0,0.4787282003322616,0.6229970177169889,0,0,0,48.702890742109624,33.28011959618004,0,Chernozem,Pole Plus,проблема з дренажем,2024-06-03,0,F0118
258,F0118,FARM04,2024,Wheat,Wheat-V2,89.2,ha,2024-05-15,2024-09-01,0,NA,t_ha,NA,0,0,9.177096034400165,160.8,1,344.1367691732012,mm,0,538.0492500844412,mm,0,19.467462910572067,0,0.6251299306983128,0.7389924849150702,0,0,0,48.702890742109624,33.28011959618004,0,Chernozem,Pole Plus,проблема з дренажем,2024-06-20,0,F0118
623,F0118,FARM04,2024,Wheat,Wheat-V2,89.15224693260001,ha,2024-05-15,2024-09-01,0,NA,t_ha,NA,0,0,9.177096034400165,160.8,1,344.1367691732012,mm,0,538.0492500844412,mm,0,19.467462910572067,0,0.5517665996681899,0.6527527568396181,0,0,0,48.702890742109624,33.28011959618004,0,Chernozem,Pole Plus,проблема з дренажем,2024-07-28,0,F0118
1400,F0118,FARM04,2024,Wheat,Wheat-V2,89.15224693260001,ha,2024-05-15,2024-09-01,0,NA,t_ha,NA,0,0,9.177096034400165,160.8,1,344.1367691732012,mm,0,NA,NA,0,19.467462910572067,0,0.7728536871960386,0.9182054413249716,0,0,0,48.702890742109624,33.28011959618004,0,Chernozem,Pole Plus,проблема з дренажем,2024-07-29,0,F0118
500,F0118,FARM04,2024,Wheat,Wheat-V2,NA,NA,2024-05-15,2024-09-01,0,NA,t_ha,NA,0,0,9.177096034400165,160.8,1,344.1367691732012,mm,0,538.0492500844412,mm,0,19.467462910572067,0,0.36029426686000077,0.508043857384473,0,0,0,48.702890742109624,33.28011959618004,0,Chernozem,Pole Plus,проблема з дренажем,2024-09-06,0,F0118
1426,F0118,FARM04,2024,Wheat,Wheat-V2,89.2,ha,2024-05-15,2024-09-01,0,NA,t_ha,NA,0,0,9.177096034400165,160.8,1,344.1367691732012,mm,0,538.0492500844412,mm,0,19.467462910572067,0,0.8080673136515543,0.9374442988308147,0,0,0,48.702890742109624,33.28011959618004,0,Chernozem,Pole Plus,проблема з дренажем,2024-09-18,0,F0118
1203,F0118,FARM04,2024,Wheat,Wheat-V2,89.2,ha,2024-05-15,2024-09-01,0,NA,t_ha,NA,0,0,9.177096034400165,160.8,1,344.1367691732012,mm,0,538.0492500844412,mm,0,19.467462910572067,0,0.7984990352066234,0.913267293269746,0,0,0,48.702890742109624,33.28011959618004,0,Chernozem,Pole Plus,проблема з дренажем,2024-09-29,0,F0118
1456,F0119,FARM06,2024,Soy,Soy-V4,28.935023403000002,ha,2024-04-03,2024-07-29,0,2.867937058676034,t_ha,2.867937058676034,0,0,29.821756178746,109,4,246.90912464866415,mm,0,419.1259160870686,mm,0,21.439845563145354,0,0.4636338118230924,0.519749336107634,0,0,0,48.55449884758005,29.538418500605506,0,Sandy,AgroService Ltd,проблема з дренажем,2024-05-27,0,F0119
94,F0119,FARM06,2024,Soy,Soy-V4,28.935023403000002,ha,2024-04-03,2024-07-29,0,2.867937058676034,t_ha,2.867937058676034,0,0,29.821756178746,109,4,246.90912464866415,mm,0,419.1259160870686,mm,0,21.439845563145354,0,0.7903524481458589,0.8455271704588085,0,0,0,48.55449884758005,29.538418500605506,0,Sandy,AgroService Ltd,проблема з дренажем,2024-06-03,0,F0119
1097,F0119,FARM06,2024,Soy,Soy-V4,29,ha,2024-04-03,2024-07-29,0,2.867937058676034,t_ha,2.867937058676034,1,0,29.821756178746,109,4,246.90912464866415,mm,0,419.1259160870686,mm,0,21.439845563145354,0,0.5132705038646236,0.656727560958825,0,0,0,48.55449884758005,29.538418500605506,0,Sandy,AgroService Ltd,проблема з дренажем,2024-06-28,0,F0119
1229,F0119,FARM06,2024,Soy,Soy-V4,29,ha,2024-04-03,2024-07-29,0,2.867937058676034,t_ha,2.867937058676034,0,0,29.821756178746,109,4,246.90912464866415,mm,0,419.1259160870686,mm,0,21.439845563145354,0,0.3709826192585751,0.5092790216440335,0,0,0,48.55449884758005,29.538418500605506,0,Sandy,AgroService Ltd,проблема з дренажем,2024-07-06,0,F0119
887,F0119,FARM06,2024,Soy,Soy-V4,29,ha,2024-04-03,2024-07-29,0,2.867937058676034,t_ha,2.867937058676034,0,0,29.821756178746,109,4,246.90912464866415,mm,0,419.1259160870686,mm,0,21.439845563145354,0,0.7453079864149913,0.8807242017006501,0,0,0,48.55449884758005,29.538418500605506,0,Sandy,AgroService Ltd,проблема з дренажем,2024-07-10,0,F0119
1130,F0119,FARM06,2024,Soy,Soy-V4,NA,NA,2024-04-03,2024-07-29,0,2.867937058676034,t_ha,2.867937058676034,0,0,29.821756178746,109,4,246.90912464866415,mm,0,419.1259160870686,mm,0,21.439845563145354,0,0.5572896192548796,0.613212057808414,0,0,0,48.55449884758005,29.538418500605506,0,Sandy,AgroService Ltd,проблема з дренажем,2024-07-30,0,F0119
531,F0119,FARM06,2024,Soy,Soy-V4,28.935023403000002,ha,2024-04-03,2024-07-29,0,2.867937058676034,t_ha,2.867937058676034,0,0,29.821756178746,109,4,246.90912464866415,mm,0,419.1259160870686,mm,0,21.439845563145354,0,NA,NA,0,0,0,48.55449884758005,29.538418500605506,0,Sandy,AgroService Ltd,проблема з дренажем,2024-07-31,0,F0119
677,F0119,FARM06,2024,Soy,Soy-V4,28.935023403000002,ha,2024-04-03,2024-07-29,0,2.867937058676034,t_ha,2.867937058676034,0,0,29.821756178746,109,4,246.90912464866415,mm,0,NA,NA,0,21.439845563145354,0,NA,NA,0,0,0,48.55449884758005,29.538418500605506,0,Sandy,AgroService Ltd,проблема з дренажем,2024-08-25,0,F0119
835,F0119,FARM06,2024,Soy,Soy-V4,29,ha,2024-04-03,2024-07-29,0,2.867937058676034,t_ha,2.867937058676034,0,0,29.821756178746,109,4,246.90912464866415,mm,0,419.1259160870686,mm,0,21.439845563145354,0,0.3832175438525155,0.5188509839121251,0,0,0,48.55449884758005,29.538418500605506,0,Sandy,AgroService Ltd,проблема з дренажем,2024-08-28,0,F0119
584,F0120,FARM11,2024,Wheat,Wheat-V1,22.3,ha,2024-05-04,2024-08-25,0,7.822265973780304,t_ha,7.822265973780304,0,0,20.218908810755238,217.1,4,189.6205203142017,mm,0,NA,NA,0,17.087858494138345,0,0.526576898433268,0.587202368164435,0,0,0,49.351761254160664,33.340001792449044,0,Chernozem,UkrAgroTech,добре,2024-05-09,0,F0120
97,F0120,FARM11,2024,Wheat,Wheat-V1,22.3,ha,2024-05-04,2024-08-25,0,7.822265973780304,t_ha,7.822265973780304,0,0,20.218908810755238,217.1,4,189.6205203142017,mm,0,293.20350975031033,mm,0,17.087858494138345,0,0.44175717597827313,0.5637745534302666,0,0,0,49.351761254160664,33.340001792449044,0,Chernozem,UkrAgroTech,добре,2024-06-20,0,F0120
1247,F0120,FARM11,2024,Wheat,Wheat-V1,22.3,ha,2024-05-04,2024-08-25,0,7.822265973780304,t_ha,7.822265973780304,0,0,20.218908810755238,217.1,4,189.6205203142017,mm,0,293.20350975031033,mm,0,17.087858494138345,0,NA,NA,0,0,0,49.351761254160664,33.340001792449044,0,Chernozem,UkrAgroTech,добре,2024-07-17,0,F0120
1481,F0120,FARM11,2024,Wheat,Wheat-V1,22.3,ha,2024-05-04,2024-08-25,0,7.822265973780304,t_ha,7.822265973780304,0,0,20.218908810755238,217.1,4,189.6205203142017,mm,0,293.20350975031033,mm,0,17.087858494138345,0,0.4272971597034484,0.5042229550890625,0,0,0,49.351761254160664,33.340001792449044,0,Chernozem,UkrAgroTech,добре,2024-07-20,0,F0120
987,F0120,FARM11,2024,Wheat,Wheat-V1,22.3,ha,2024-05-04,2024-08-25,0,7.822265973780304,t_ha,7.822265973780304,1,0,20.218908810755238,217.1,4,NA,NA,0,293.20350975031033,mm,0,17.087858494138345,0,0.41699753226712344,0.556882562302053,0,0,0,49.351761254160664,33.340001792449044,0,Chernozem,UkrAgroTech,добре,2024-08-05,0,F0120
889,F0120,FARM11,2024,Wheat,Wheat-V1,22.25771031,ha,2024-05-04,2024-08-25,0,7.822265973780304,t_ha,7.822265973780304,0,0,20.218908810755238,217.1,4,189.6205203142017,mm,0,293.20350975031033,mm,0,17.087858494138345,0,0.3753664620686322,0.5,0,0,0,49.351761254160664,33.340001792449044,0,Chernozem,UkrAgroTech,добре,2024-08-10,0,F0120
418,F0120,FARM11,2024,Wheat,Wheat-V1,22.25771031,ha,2024-05-04,2024-08-25,0,7.822265973780304,t_ha,7.822265973780304,0,0,20.218908810755238,217.1,4,189.6205203142017,mm,0,293.20350975031033,mm,0,17.087858494138345,0,0.48380140485242007,0.5652580565307289,0,0,0,49.351761254160664,33.340001792449044,0,Chernozem,UkrAgroTech,добре,2024-08-20,0,F0120
254,F0120,FARM11,2024,Wheat,Wheat-V1,22.3,ha,2024-05-04,2024-08-25,0,7.822265973780304,t_ha,7.822265973780304,1,0,20.218908810755238,217.1,4,189.6205203142017,mm,0,293.20350975031033,mm,0,17.087858494138345,0,NA,NA,0,0,0,49.351761254160664,33.340001792449044,0,Chernozem,UkrAgroTech,добре,2024-09-10,0,F0120
242,F0120,FARM11,2024,Wheat,Wheat-V1,22.3,ha,2024-05-04,2024-08-25,0,NA,NA,NA,0,0,20.218908810755238,217.1,4,189.6205203142017,mm,0,293.20350975031033,mm,0,17.087858494138345,0,0.45543449770193545,0.5056238630088046,0,0,0,49.351761254160664,33.340001792449044,0,Chernozem,UkrAgroTech,добре,2024-09-19,0,F0120
438,F0121,FARM11,2024,Corn,Corn-V5,57.5,ha,2024-05-06,2024-08-14,0,6.0476020304486156,t_ha,6.0476020304486156,0,0,19.37474780413322,216.3,4,0,mm,0,512.8700844827108,mm,0,20.40337445726618,0,0.5729033602634445,0.71476842854172,0,0,0,48.62279555547237,33.540336509191434,0,Loam,AgroService Ltd,посуха,2024-05-30,0,F0121
956,F0121,FARM11,2024,Corn,Corn-V5,57.5,ha,2024-05-06,2024-08-14,0,6.0476020304486156,t_ha,6.0476020304486156,1,0,19.37474780413322,216.3,4,0,mm,0,512.8700844827108,mm,0,20.40337445726618,0,0.5532249291660264,0.6402729602297768,0,0,0,48.62279555547237,33.540336509191434,0,Loam,AgroService Ltd,посуха,2024-07-03,0,F0121
1075,F0121,FARM11,2024,Corn,Corn-V5,57.5,ha,2024-05-06,2024-08-14,0,6.0476020304486156,t_ha,6.0476020304486156,0,0,19.37474780413322,216.3,4,0,mm,0,512.8700844827108,mm,0,20.40337445726618,0,0.8202609417727217,0.8821777284145355,0,0,0,48.62279555547237,33.540336509191434,0,Loam,AgroService Ltd,посуха,2024-07-17,0,F0121
727,F0121,FARM11,2024,Corn,Corn-V5,NA,NA,2024-05-06,2024-08-14,0,6.0476020304486156,t_ha,6.0476020304486156,0,0,19.37474780413322,216.3,4,0,mm,0,512.8700844827108,mm,0,20.40337445726618,0,0.8157228282885626,0.9133931822376326,0,0,0,48.62279555547237,33.540336509191434,0,Loam,AgroService Ltd,посуха,2024-08-06,0,F0121
1480,F0121,FARM11,2024,Corn,Corn-V5,57.5058297282,ha,2024-05-06,2024-08-14,0,6.0476020304486156,t_ha,6.0476020304486156,0,0,19.37474780413322,216.3,4,0,mm,0,512.8700844827108,mm,0,20.40337445726618,0,NA,NA,0,0,0,48.62279555547237,33.540336509191434,0,Loam,AgroService Ltd,посуха,2024-08-09,0,F0121
1112,F0121,FARM11,2024,Corn,Corn-V5,57.5058297282,ha,2024-05-06,2024-08-14,0,6.0476020304486156,t_ha,6.0476020304486156,1,0,19.37474780413322,216.3,4,0,mm,0,512.8700844827108,mm,0,20.40337445726618,0,0.8148278334643692,0.940064053889364,0,0,0,48.62279555547237,33.540336509191434,0,Loam,AgroService Ltd,посуха,2024-09-09,0,F0121
1001,F0121,FARM11,2024,Corn,Corn-V5,57.5,ha,2024-05-06,2024-08-14,0,NA,NA,NA,0,0,19.37474780413322,216.3,4,0,mm,0,512.8700844827108,mm,0,20.40337445726618,0,0.4589916261844337,0.5109903762349859,0,0,0,48.62279555547237,33.540336509191434,0,Loam,AgroService Ltd,посуха,2024-09-16,0,F0121
616,F0121,FARM11,2024,Corn,Corn-V5,57.5,ha,2024-05-06,2024-08-14,0,6.0476020304486156,t_ha,6.0476020304486156,1,0,19.37474780413322,216.3,4,0,mm,0,512.8700844827108,mm,0,20.40337445726618,0,0.6846034470014274,0.8247572070453315,0,0,0,48.62279555547237,33.540336509191434,0,Loam,AgroService Ltd,посуха,2024-09-30,0,F0121
1254,F0122,FARM02,2024,Soy,Soy-V5,108.1,ha,2024-04-23,2024-10-06,0,NA,t_ha,NA,0,0,16.593411370180547,153.1,3,265.24747451767325,mm,0,195.63122602412477,mm,0,21.991829907055944,0,0.4798458158271387,0.5382879054173827,0,0,0,48.79575587364379,29.908865246605128,0,Sandy,GreenCrop,добре,2024-05-06,0,F0122
1034,F0122,FARM02,2024,Soy,Soy-V5,108.1,ha,2024-04-23,2024-10-06,0,NA,t_ha,NA,0,0,16.593411370180547,153.1,3,265.24747451767325,mm,0,195.63122602412477,mm,0,21.991829907055944,0,0.6335620885016396,0.7357004777295515,0,0,0,48.79575587364379,29.908865246605128,0,Sandy,GreenCrop,добре,2024-05-26,0,F0122
649,F0122,FARM02,2024,Soy,Soy-V5,108.1,ha,2024-04-23,2024-10-06,1,NA,NA,NA,0,0,16.593411370180547,153.1,3,265.24747451767325,mm,0,195.63122602412477,mm,0,21.991829907055944,0,0.5284614644711837,0.6233143218560144,0,0,0,48.79575587364379,29.908865246605128,0,Sandy,GreenCrop,добре,2024-06-05,0,F0122
1153,F0122,FARM02,2024,Soy,Soy-V5,NA,NA,2024-04-23,2024-10-06,0,NA,t_ha,NA,0,0,16.593411370180547,153.1,3,265.24747451767325,mm,0,195.63122602412477,mm,0,21.991829907055944,0,0.3627400356577709,0.5,0,0,0,48.79575587364379,29.908865246605128,0,Sandy,GreenCrop,добре,2024-06-26,0,F0122
707,F0122,FARM02,2024,Soy,Soy-V5,108.09153497820002,ha,2024-04-23,2024-10-06,0,NA,t_ha,NA,0,0,16.593411370180547,153.1,3,265.24747451767325,mm,0,195.63122602412477,mm,0,21.991829907055944,0,0.782570636854507,0.9096155375242233,0,0,0,48.79575587364379,29.908865246605128,0,Sandy,GreenCrop,добре,2024-07-10,0,F0122
439,F0122,FARM02,2024,Soy,Soy-V5,108.1,ha,2024-04-23,2024-10-06,0,NA,NA,NA,0,0,16.593411370180547,153.1,3,265.24747451767325,mm,0,195.63122602412477,mm,0,21.991829907055944,0,0.4782721610041335,0.6231086283223704,0,0,0,48.79575587364379,29.908865246605128,0,Sandy,GreenCrop,добре,2024-09-06,0,F0122
1160,F0122,FARM02,2024,Soy,Soy-V5,NA,NA,2024-04-23,2024-10-06,0,NA,t_ha,NA,0,0,16.593411370180547,153.1,3,265.24747451767325,mm,0,195.63122602412477,mm,0,21.991829907055944,0,0.8356685189297423,0.9024217711063102,0,0,0,48.79575587364379,29.908865246605128,0,Sandy,GreenCrop,добре,2024-09-17,1,F0122
997,F0122,FARM02,2024,Soy,Soy-V5,108.1,ha,2024-04-23,2024-10-06,0,NA,t_ha,NA,0,0,16.593411370180547,153.1,3,265.24747451767325,mm,0,195.63122602412477,mm,0,21.991829907055944,0,0.457088427641429,0.5942020261660218,0,0,0,48.79575587364379,29.908865246605128,0,Sandy,GreenCrop,добре,2024-09-19,0,F0122
158,F0123,FARM08,2024,Wheat,Wheat-V3,100.1,ha,2024-04-06,2024-08-17,0,3.872165443142876,t_ha,3.872165443142876,1,0,30.95647318707779,14.3,6,356.39447539579123,mm,0,607.9553066403605,mm,0,15.641979494132102,0,0.7207208114210516,0.8560629017883912,0,0,0,49.77811908343388,30.24446113924496,0,Clay,SunField Co,норма,2024-05-06,0,F0123
601,F0123,FARM08,2024,Wheat,Wheat-V3,100.1,ha,2024-04-06,2024-08-17,0,3.872165443142876,t_ha,3.872165443142876,1,0,30.95647318707779,14.3,6,356.39447539579123,mm,0,607.9553066403605,mm,0,15.641979494132102,0,0.39691951000131664,0.5417353577446192,0,0,0,49.77811908343388,30.24446113924496,0,Clay,SunField Co,норма,2024-05-25,0,F0123
1135,F0123,FARM08,2024,Wheat,Wheat-V3,100.1192278308,ha,2024-04-06,2024-08-17,0,3.872165443142876,t_ha,3.872165443142876,0,0,30.95647318707779,14.3,6,NA,NA,0,607.9553066403605,mm,0,15.641979494132102,0,0.5328030401375144,0.6445349866058677,0,0,0,49.77811908343388,30.24446113924496,0,Clay,SunField Co,норма,2024-05-27,0,F0123
300,F0123,FARM08,2024,Wheat,Wheat-V3,100.1,ha,2024-04-06,2024-08-17,0,3.872165443142876,t_ha,3.872165443142876,1,0,30.95647318707779,14.3,6,356.39447539579123,mm,0,607.9553066403605,mm,0,15.641979494132102,0,0.7510254452005029,0.8287551415152847,0,0,0,49.77811908343388,30.24446113924496,0,Clay,SunField Co,норма,2024-07-03,0,F0123
1256,F0123,FARM08,2024,Wheat,Wheat-V3,NA,NA,2024-04-06,2024-08-17,0,3.872165443142876,t_ha,3.872165443142876,0,0,30.95647318707779,14.3,6,356.39447539579123,mm,0,607.9553066403605,mm,0,15.641979494132102,0,0.4398639824008569,0.5016448354581371,0,0,0,49.77811908343388,30.24446113924496,0,Clay,SunField Co,норма,2024-07-04,0,F0123
1004,F0123,FARM08,2024,Wheat,Wheat-V3,100.1,ha,2024-04-06,2024-08-17,0,3.872165443142876,t_ha,3.872165443142876,1,0,30.95647318707779,14.3,6,356.39447539579123,mm,0,NA,NA,0,15.641979494132102,0,0.5345225127181038,0.622608409053646,0,0,0,49.77811908343388,30.24446113924496,0,Clay,SunField Co,норма,2024-08-13,0,F0123
260,F0123,FARM08,2024,Wheat,Wheat-V3,100.1,ha,2024-04-06,2024-08-17,0,3.872165443142876,t_ha,3.872165443142876,0,0,30.95647318707779,14.3,6,356.39447539579123,mm,0,607.9553066403605,mm,0,15.641979494132102,0,0.6942865341203287,0.7754996154457331,0,0,0,49.77811908343388,30.24446113924496,0,Clay,SunField Co,норма,2024-08-19,0,F0123
257,F0123,FARM08,2024,Wheat,Wheat-V3,100.1,ha,2024-04-06,2024-08-17,0,3.872165443142876,t_ha,3.872165443142876,0,0,30.95647318707779,14.3,6,NA,NA,0,607.9553066403605,mm,0,15.641979494132102,0,0.494957423210144,0.6069781410275027,0,0,0,49.77811908343388,30.24446113924496,0,Clay,SunField Co,норма,2024-08-28,0,F0123
32,F0123,FARM08,2024,Wheat,Wheat-V3,100.1,ha,2024-04-06,2024-08-17,0,3.872165443142876,t_ha,3.872165443142876,1,0,30.95647318707779,14.3,6,356.39447539579123,mm,0,607.9553066403605,mm,0,15.641979494132102,0,0.48772925466764716,0.6158500802703202,0,0,0,49.77811908343388,30.24446113924496,0,NA,SunField Co,норма,2024-09-22,0,F0123
611,F0124,FARM09,2024,Wheat,Wheat-V4,57.303486907199996,ha,2024-05-05,2024-08-21,0,7.964369550580159,t_ha,7.964369550580159,0,0,17.756143552949652,36.6,5,0,mm,0,527.1573942154646,mm,0,NA,1,0.6076709645800292,0.687001423840411,0,0,0,48.58700871274853,29.276934476479425,0,Chernozem,AgroService Ltd,без примітки,2024-05-07,0,F0124
1317,F0124,FARM09,2024,Wheat,Wheat-V4,57.3,ha,2024-05-05,2024-08-21,0,7.964369550580159,t_ha,7.964369550580159,0,0,17.756143552949652,36.6,5,0,mm,0,527.1573942154646,mm,0,12.57254916569218,0,0.39720266407821325,0.5,0,0,0,48.58700871274853,29.276934476479425,0,Chernozem,AgroService Ltd,без примітки,2024-05-19,0,F0124
579,F0124,FARM09,2024,Wheat,Wheat-V4,57.3,ha,2024-05-05,2024-08-21,0,7.964369550580159,t_ha,7.964369550580159,1,0,17.756143552949652,36.6,5,NA,NA,0,527.1573942154646,mm,0,12.57254916569218,0,0.7836542093660682,0.915888688690029,0,0,0,48.58700871274853,29.276934476479425,0,Chernozem,AgroService Ltd,без примітки,2024-07-13,0,F0124
29,F0124,FARM09,2024,Wheat,Wheat-V4,57.3,ha,2024-05-05,2024-08-21,0,7.964369550580159,t_ha,7.964369550580159,0,0,17.756143552949652,36.6,5,0,mm,0,527.1573942154646,mm,0,12.57254916569218,0,NA,NA,0,0,0,48.58700871274853,29.276934476479425,0,Chernozem,AgroService Ltd,без примітки,2024-07-18,0,F0124
583,F0124,FARM09,2024,Wheat,Wheat-V4,57.3,ha,2024-05-05,2024-08-21,0,7.964369550580159,t_ha,7.964369550580159,1,0,17.756143552949652,36.6,5,NA,NA,0,NA,NA,0,12.57254916569218,0,0.6128460428677499,0.6659552257042378,0,0,0,48.58700871274853,29.276934476479425,0,Chernozem,AgroService Ltd,без примітки,2024-07-23,0,F0124
1375,F0124,FARM09,2024,Wheat,Wheat-V4,57.3,ha,2024-05-05,2024-08-21,0,7.964369550580159,t_ha,7.964369550580159,0,0,17.756143552949652,36.6,5,0,mm,0,527.1573942154646,mm,0,12.57254916569218,0,0.6997633845545351,0.8461318345041946,0,0,0,48.58700871274853,29.276934476479425,0,Chernozem,AgroService Ltd,без примітки,2024-08-17,0,F0124
236,F0124,FARM09,2024,Wheat,Wheat-V4,57.3,ha,2024-05-05,2024-08-21,0,7.964369550580159,t_ha,7.964369550580159,1,0,17.756143552949652,36.6,5,0,mm,0,527.1573942154646,mm,0,12.57254916569218,0,0.772030339948833,0.9021877836668863,0,0,0,48.58700871274853,29.276934476479425,0,Chernozem,AgroService Ltd,без примітки,2024-09-26,0,F0124
24,F0125,FARM08,2024,Sunflower,Sunflower-V5,79.6,ha,2024-03-13,2024-09-15,0,2.351323817577213,t_ha,2.351323817577213,1,0,23.46846050582826,100.1,1,0,mm,0,698.2129440642893,mm,0,14.377716789254919,0,0.8375523161608726,0.9478253154316917,0,0,0,49.84655638606195,31.991085846658333,0,Chernozem,Field Master,без примітки,2024-05-23,0,F0125
1033,F0125,FARM08,2024,Sunflower,Sunflower-V5,79.6,ha,2024-03-13,2024-09-15,0,2.351323817577213,t_ha,2.351323817577213,1,0,23.46846050582826,100.1,1,0,mm,0,698.2129440642893,mm,0,14.377716789254919,0,0.6726290673483163,0.7836391072953119,0,0,0,49.84655638606195,31.991085846658333,0,Chernozem,Field Master,без примітки,2024-05-28,0,F0125
1433,F0125,FARM08,2024,Sunflower,Sunflower-V5,79.6,ha,2024-03-13,2024-09-15,0,2.351323817577213,t_ha,2.351323817577213,0,0,23.46846050582826,100.1,1,0,mm,0,698.2129440642893,mm,0,14.377716789254919,0,0.6578620905289426,0.7741712546208873,0,0,0,49.84655638606195,31.991085846658333,0,Chernozem,Field Master,без примітки,2024-06-10,0,F0125
1171,F0125,FARM08,2024,Sunflower,Sunflower-V5,79.6,ha,2024-03-13,2024-09-15,0,2.351323817577213,t_ha,2.351323817577213,1,0,23.46846050582826,100.1,1,0,mm,0,698.2129440642893,mm,0,14.377716789254919,0,NA,NA,0,0,0,49.84655638606195,31.991085846658333,0,Chernozem,Field Master,без примітки,2024-07-17,0,F0125
718,F0125,FARM08,2024,Sunflower,Sunflower-V5,79.6,ha,2024-03-13,2024-09-15,0,2.351323817577213,t_ha,2.351323817577213,0,0,23.46846050582826,100.1,1,0,mm,0,698.2129440642893,mm,0,14.377716789254919,0,0.721438211412169,0.7886800799518824,0,0,0,49.84655638606195,31.991085846658333,0,Chernozem,Field Master,без примітки,2024-08-02,0,F0125
1015,F0125,FARM08,2024,Sunflower,Sunflower-V5,79.6,ha,2024-03-13,2024-09-15,0,2.351323817577213,t_ha,2.351323817577213,0,0,23.46846050582826,100.1,1,0,mm,0,698.2129440642893,mm,0,14.377716789254919,0,0.610163948056288,0.7387705770554021,0,0,0,49.84655638606195,31.991085846658333,0,Chernozem,Field Master,без примітки,2024-08-22,0,F0125
1021,F0125,FARM08,2024,Sunflower,Sunflower-V5,79.6,ha,2024-03-13,2024-09-15,0,NA,NA,NA,0,0,23.46846050582826,100.1,1,0,mm,0,NA,NA,0,14.377716789254919,0,0.7083902126410976,0.7815689885988831,0,0,0,49.84655638606195,31.991085846658333,0,Chernozem,Field Master,без примітки,2024-09-04,0,F0125
367,F0125,FARM08,2024,Sunflower,Sunflower-V5,79.6016657814,ha,2024-03-13,2024-09-15,0,2.351323817577213,t_ha,2.351323817577213,0,0,23.46846050582826,100.1,1,0,mm,0,698.2129440642893,mm,0,14.377716789254919,0,0.4289883901597932,0.5537338332040235,0,0,0,49.84655638606195,31.991085846658333,0,Chernozem,Field Master,без примітки,2024-09-12,0,F0125
1167,F0125,FARM08,2024,Sunflower,Sunflower-V5,79.6016657814,ha,2024-03-13,2024-09-15,0,2.351323817577213,t_ha,2.351323817577213,0,0,23.46846050582826,100.1,1,0,mm,0,698.2129440642893,mm,0,14.377716789254919,0,NA,NA,0,0,0,49.84655638606195,31.991085846658333,0,Chernozem,Field Master,без примітки,2024-09-20,0,F0125
1069,F0126,FARM09,2024,Wheat,Wheat-V5,6.6,ha,2024-05-16,2024-09-12,0,6.49021145957522,t_ha,6.49021145957522,1,0,34.60148771526292,107.3,1,226.57641526311636,mm,0,329.87683715764433,mm,0,22.9114323889371,0,0.3557790880091488,0.5,0,0,0,48.60969832455506,31.912795842677824,0,Loam,Field Master,посуха,2024-06-28,0,F0126
249,F0126,FARM09,2024,Wheat,Wheat-V5,NA,NA,2024-05-16,2024-09-12,0,6.490211459575221,t_ha,6.490211459575221,0,0,34.60148771526292,107.3,1,226.57641526311636,mm,0,329.87683715764433,mm,0,22.9114323889371,0,0.5743196959607303,0.719078739755787,0,0,0,48.60969832455506,31.912795842677824,0,Loam,Field Master,посуха,2024-07-01,0,F0126
1224,F0126,FARM09,2024,Wheat,Wheat-V5,6.6,ha,2024-05-16,2024-09-12,0,6.490211459575221,t_ha,6.490211459575221,0,0,34.60148771526292,107.3,1,226.57641526311636,mm,0,329.87683715764433,mm,0,22.9114323889371,0,NA,NA,0,0,0,48.60969832455506,31.912795842677824,0,NA,Field Master,посуха,2024-07-06,0,F0126
580,F0126,FARM09,2024,Wheat,Wheat-V5,6.6,ha,2024-05-16,2024-09-12,0,6.49021145957522,t_ha,6.49021145957522,1,0,34.60148771526292,107.3,1,226.57641526311636,mm,0,329.87683715764433,mm,0,22.9114323889371,0,NA,NA,0,0,0,48.60969832455506,31.912795842677824,0,Loam,Field Master,посуха,2024-07-20,0,F0126
138,F0126,FARM09,2024,Wheat,Wheat-V5,6.6,ha,2024-05-16,2024-09-12,0,6.49021145957522,t_ha,6.49021145957522,1,0,34.60148771526292,107.3,1,226.57641526311636,mm,0,329.87683715764433,mm,0,22.9114323889371,0,0.7754466779530048,0.8982614459237084,0,0,0,48.60969832455506,31.912795842677824,0,Loam,Field Master,посуха,2024-07-23,0,F0126
263,F0126,FARM09,2024,Wheat,Wheat-V5,6.6,ha,2024-05-16,2024-09-12,0,NA,NA,NA,0,0,34.60148771526292,107.3,1,226.57641526311636,mm,0,329.87683715764433,mm,0,22.9114323889371,0,0.5214533714111894,0.5907468328718096,0,0,0,48.60969832455506,31.912795842677824,0,Loam,Field Master,посуха,2024-08-11,0,F0126
282,F0126,FARM09,2024,Wheat,Wheat-V5,6.6,ha,2024-05-16,2024-09-12,0,6.49021145957522,t_ha,6.49021145957522,1,0,34.60148771526292,107.3,1,226.57641526311636,mm,0,329.87683715764433,mm,0,22.9114323889371,0,0.5352938438532874,0.6356689733220264,0,0,0,48.60969832455506,31.912795842677824,0,Loam,Field Master,посуха,2024-08-25,0,F0126
1415,F0126,FARM09,2024,Wheat,Wheat-V5,6.6,ha,2024-05-16,2024-09-12,0,6.49021145957522,t_ha,6.49021145957522,1,0,34.60148771526292,107.3,1,226.57641526311636,mm,0,329.87683715764433,mm,0,22.9114323889371,0,0.669004752789624,0.7351159336045384,0,0,0,48.60969832455506,31.912795842677824,0,Loam,Field Master,посуха,2024-09-22,0,F0126
1376,F0126,FARM09,2024,Wheat,Wheat-V5,6.6,ha,2024-05-16,2024-09-12,0,6.49021145957522,t_ha,6.49021145957522,1,0,34.60148771526292,107.3,1,226.57641526311636,mm,0,329.87683715764433,mm,0,22.9114323889371,0,0.4699353019474074,0.6161082848906516,0,0,0,48.60969832455506,31.912795842677824,0,Loam,Field Master,посуха,2024-09-27,0,F0126
716,F0127,FARM10,2024,Wheat,Wheat-V1,106.2,ha,2024-04-11,2024-09-11,0,3.7663128955755383,t_ha,3.7663128955755383,0,0,15.605789514258504,209.4,6,0,mm,0,601.9041759311222,mm,0,13.05245520081371,0,0.5400043445639312,0.6305177240399643,0,0,0,48.57490972454473,29.015494271554985,0,Sandy,UkrAgroTech,норма,2024-05-03,0,F0127
737,F0127,FARM10,2024,Wheat,Wheat-V1,106.2,ha,2024-04-11,2024-09-11,0,3.7663128955755383,t_ha,3.7663128955755383,0,0,15.605789514258504,209.4,6,0,mm,0,601.9041759311222,mm,0,13.05245520081371,0,0.7428142603253945,0.8687406799290329,0,0,0,NA,NA,0,Sandy,UkrAgroTech,норма,2024-05-06,0,F0127
829,F0127,FARM10,2024,Wheat,Wheat-V1,106.18951246079999,ha,2024-04-11,2024-09-11,0,3.7663128955755383,t_ha,3.7663128955755383,0,0,15.605789514258504,209.4,6,0,mm,0,601.9041759311222,mm,0,13.05245520081371,0,0.7901507168076932,0.9361349706072359,0,0,0,48.57490972454473,29.015494271554985,0,Sandy,UkrAgroTech,норма,2024-06-08,0,F0127
422,F0127,FARM10,2024,Wheat,Wheat-V1,106.18951246079999,ha,2024-04-11,2024-09-11,0,3.7663128955755383,t_ha,3.7663128955755383,1,0,15.605789514258504,209.4,6,0,mm,0,601.9041759311222,mm,0,13.05245520081371,0,0.7755317467032,0.9095613043289632,0,0,0,48.57490972454473,29.015494271554985,0,Sandy,UkrAgroTech,норма,2024-06-09,0,F0127
27,F0127,FARM10,2024,Wheat,Wheat-V1,106.2,ha,2024-04-11,2024-09-11,0,NA,NA,NA,0,0,15.605789514258504,209.4,6,0,mm,0,601.9041759311222,mm,0,13.05245520081371,0,0.6980090302182361,0.761585643235594,0,0,0,48.57490972454473,29.015494271554985,0,Sandy,UkrAgroTech,норма,2024-07-12,0,F0127
505,F0127,FARM10,2024,Wheat,Wheat-V1,106.2,ha,2024-04-11,2024-09-11,0,3.7663128955755383,t_ha,3.7663128955755383,0,0,15.605789514258504,209.4,6,0,mm,0,601.9041759311222,mm,0,13.05245520081371,0,NA,NA,0,0,0,48.57490972454473,29.015494271554985,0,Sandy,UkrAgroTech,норма,2024-08-15,0,F0127
522,F0127,FARM10,2024,Wheat,Wheat-V1,106.18951246079999,ha,2024-04-11,2024-09-11,0,3.7663128955755383,t_ha,3.7663128955755383,1,0,15.605789514258504,209.4,6,0,mm,0,601.9041759311222,mm,0,13.05245520081371,0,0.7143881884636357,0.8632665329845621,0,0,0,48.57490972454473,29.015494271554985,0,Sandy,UkrAgroTech,норма,2024-08-29,0,F0127
182,F0128,FARM09,2024,Wheat,Wheat-V5,54.7,ha,2024-04-04,2024-09-01,0,6.533456557197496,t_ha,6.533456557197496,1,0,32.29299695510417,140.8,1,372.56461539072916,mm,0,209.36940402025357,mm,0,18.317926909774542,0,0.6536922781029716,0.7404957032063976,0,0,0,48.75750580350449,29.233339671749157,0,Chernozem,UkrAgroTech,посуха,2024-05-08,0,F0128
480,F0128,FARM09,2024,Wheat,Wheat-V5,54.7,ha,2024-04-04,2024-09-01,0,6.533456557197496,t_ha,6.533456557197496,0,0,32.29299695510417,140.8,1,372.56461539072916,mm,0,NA,NA,0,18.317926909774542,0,0.8312378119677305,0.95,0,0,0,48.75750580350449,29.233339671749157,0,Chernozem,UkrAgroTech,посуха,2024-05-21,0,F0128
1067,F0128,FARM09,2024,Wheat,Wheat-V5,54.63256167,ha,2024-04-04,2024-09-01,0,6.533456557197496,t_ha,6.533456557197496,0,0,32.29299695510417,140.8,1,372.56461539072916,mm,0,209.36940402025357,mm,0,18.317926909774542,0,0.8264932426624,0.9015854960074648,0,0,0,48.75750580350449,29.233339671749157,0,Chernozem,UkrAgroTech,посуха,2024-05-24,0,F0128
940,F0128,FARM09,2024,Wheat,Wheat-V5,54.63256167,ha,2024-04-04,2024-09-01,0,6.533456557197496,t_ha,6.533456557197496,0,0,32.29299695510417,140.8,1,372.56461539072916,mm,0,209.36940402025357,mm,0,18.317926909774542,0,0.44297871752642093,0.5366322994930669,0,0,0,48.75750580350449,29.233339671749157,0,Chernozem,UkrAgroTech,посуха,2024-06-30,0,F0128
498,F0128,FARM09,2024,Wheat,Wheat-V5,NA,NA,2024-04-04,2024-09-01,0,6.533456557197496,t_ha,6.533456557197496,0,0,32.29299695510417,140.8,1,NA,NA,0,209.36940402025357,mm,0,18.317926909774542,0,0.4866567454533651,0.5864849271019921,0,0,0,48.75750580350449,29.233339671749157,0,Chernozem,UkrAgroTech,посуха,2024-07-26,0,F0128
672,F0128,FARM09,2024,Wheat,Wheat-V5,54.63256167,ha,2024-04-04,2024-09-01,0,6.533456557197496,t_ha,6.533456557197496,1,0,32.29299695510417,140.8,1,372.56461539072916,mm,0,209.36940402025354,mm,0,18.317926909774542,0,0.7080724007915705,0.8344888706458733,0,0,0,48.75750580350449,29.233339671749157,0,Chernozem,UkrAgroTech,посуха,2024-08-07,0,F0128
866,F0128,FARM09,2024,Wheat,Wheat-V5,54.7,ha,2024-04-04,2024-09-01,0,6.533456557197496,t_ha,6.533456557197496,0,0,32.29299695510417,140.8,1,372.56461539072916,mm,0,209.36940402025354,mm,0,18.317926909774542,0,0.645441412134096,0.7000741956522688,0,0,0,48.75750580350449,29.233339671749157,0,Chernozem,UkrAgroTech,посуха,2024-08-18,0,F0128
953,F0129,FARM02,2024,Sunflower,Sunflower-V5,9.8,ha,2024-05-05,2024-09-10,0,3.6075285420287404,t_ha,3.6075285420287404,0,0,21.95108951162547,24.3,6,362.88919892394915,mm,0,216.50692605180666,mm,0,20.830986829241738,0,0.5299402453470975,0.6715617748210206,0,0,0,49.636939675061036,28.520252504077742,0,NA,SunField Co,посуха,2024-05-23,0,F0129
332,F0129,FARM02,2024,Sunflower,Sunflower-V5,9.8,ha,2024-05-05,2024-09-10,0,3.6075285420287404,t_ha,3.6075285420287404,0,0,21.95108951162547,24.3,6,362.88919892394915,mm,0,216.50692605180663,mm,0,20.830986829241738,0,0.8483759165043011,0.95,0,0,0,49.636939675061036,28.520252504077742,1,Chernozem,SunField Co,посуха,2024-05-26,0,F0129
633,F0129,FARM02,2024,Sunflower,Sunflower-V5,9.752923972200001,ha,2024-05-05,2024-09-10,0,3.6075285420287404,t_ha,3.6075285420287404,1,0,21.95108951162547,24.3,6,362.88919892394915,mm,0,NA,NA,0,20.830986829241738,0,0.4644856326282024,0.5474142669700086,0,0,0,49.636939675061036,28.520252504077742,0,Chernozem,SunField Co,посуха,2024-06-20,0,F0129
684,F0129,FARM02,2024,Sunflower,Sunflower-V5,9.8,ha,2024-05-05,2024-09-10,0,3.6075285420287404,t_ha,3.6075285420287404,0,0,21.95108951162547,24.3,6,362.88919892394915,mm,0,216.50692605180663,mm,0,20.830986829241738,0,0.4952177522005513,0.6161159352166578,0,0,0,49.636939675061036,28.520252504077742,0,Chernozem,SunField Co,посуха,2024-06-22,0,F0129
501,F0129,FARM02,2024,Sunflower,Sunflower-V5,9.752923972200001,ha,2024-05-05,2024-09-10,0,3.6075285420287404,t_ha,3.6075285420287404,0,0,21.95108951162547,24.3,6,362.88919892394915,mm,0,216.50692605180666,mm,0,20.830986829241738,0,0.5174699424766004,0.5992583924671635,0,0,0,49.636939675061036,28.520252504077742,0,Chernozem,SunField Co,посуха,2024-07-11,0,F0129
368,F0129,FARM02,2024,Sunflower,Sunflower-V5,9.752923972200001,ha,2024-05-05,2024-09-10,0,3.6075285420287404,t_ha,3.6075285420287404,1,0,21.95108951162547,24.3,6,362.88919892394915,mm,0,216.50692605180666,mm,0,20.830986829241738,0,0.42746955833863465,0.5489653735421598,0,0,0,49.636939675061036,28.520252504077742,0,Chernozem,SunField Co,посуха,2024-08-17,0,F0129
743,F0129,FARM02,2024,Sunflower,Sunflower-V5,9.752923972200001,ha,2024-05-05,2024-09-10,0,3.6075285420287404,t_ha,3.6075285420287404,0,0,21.95108951162547,24.3,6,362.88919892394915,mm,0,216.50692605180666,mm,0,20.830986829241738,0,0.4176319604972377,0.5238892277237027,0,0,0,49.636939675061036,28.520252504077742,0,Chernozem,SunField Co,посуха,2024-09-02,0,F0129
1178,F0130,FARM02,2024,Soy,Soy-V3,19.1,ha,2024-04-11,2024-08-14,0,NA,NA,NA,0,0,11.435311701381579,194.6,0,NA,NA,0,419.93292538682,mm,0,20.795396254165098,0,0.7869655234040692,0.9273760941112414,0,0,0,48.77360281185479,32.58427027723333,0,Clay,Pole Plus,зрошення застосовано,2024-05-08,0,F0130
510,F0130,FARM02,2024,Soy,Soy-V3,19.1,ha,2024-04-11,2024-08-14,0,3.7605760901933536,t_ha,3.7605760901933536,0,0,11.435311701381579,194.6,0,NA,NA,0,419.93292538682,mm,0,20.795396254165098,0,0.6583921247161925,0.7167760902782901,0,0,0,48.77360281185479,32.58427027723333,0,Clay,Pole Plus,зрошення застосовано,2024-05-12,0,F0130
700,F0130,FARM02,2024,Soy,Soy-V3,19.101162302400002,ha,2024-04-11,2024-08-14,0,3.7605760901933536,t_ha,3.7605760901933536,0,0,11.435311701381579,194.6,0,0,mm,0,419.93292538682,mm,0,20.795396254165098,0,0.7477013879921287,0.8489798916503787,0,0,0,48.77360281185479,32.58427027723333,0,Clay,Pole Plus,зрошення застосовано,2024-06-19,0,F0130
1002,F0130,FARM02,2024,Soy,Soy-V3,19.1,ha,2024-04-11,2024-08-14,0,3.7605760901933536,t_ha,3.7605760901933536,1,0,11.435311701381579,194.6,0,0,mm,0,419.93292538682,mm,0,20.795396254165098,0,NA,NA,0,0,0,48.77360281185479,32.58427027723333,0,Clay,Pole Plus,зрошення застосовано,2024-06-26,0,F0130
930,F0130,FARM02,2024,Soy,Soy-V3,19.101162302400002,ha,2024-04-11,2024-08-14,0,3.7605760901933536,t_ha,3.7605760901933536,0,0,11.435311701381579,194.6,0,0,mm,0,419.93292538682,mm,0,20.795396254165098,0,0.4351239904295653,0.5653217296814546,0,0,0,48.77360281185479,32.58427027723333,0,Clay,Pole Plus,зрошення застосовано,2024-07-08,0,F0130
222,F0130,FARM02,2024,Soy,Soy-V3,19.101162302400002,ha,2024-04-11,2024-08-14,0,3.7605760901933536,t_ha,3.7605760901933536,1,0,11.435311701381579,194.6,0,0,mm,0,419.93292538682,mm,0,20.795396254165098,0,0.7247903674375266,0.8160544894402847,0,0,0,48.77360281185479,32.58427027723333,0,Clay,Pole Plus,зрошення застосовано,2024-08-11,0,F0130
646,F0130,FARM02,2024,Soy,Soy-V3,19.101162302400002,ha,2024-04-11,2024-08-14,0,3.7605760901933536,t_ha,3.7605760901933536,1,0,11.435311701381579,194.6,0,0,mm,0,419.93292538681993,mm,0,20.795396254165098,0,0.516454293183051,0.5821496048709377,0,0,0,48.77360281185479,32.58427027723333,0,Clay,Pole Plus,зрошення застосовано,2024-09-19,0,F0130
452,F0130,FARM02,2024,Soy,Soy-V3,19.101162302400002,ha,2024-04-11,2024-08-14,0,3.7605760901933536,t_ha,3.7605760901933536,1,0,11.435311701381579,194.6,0,0,mm,0,419.93292538682,mm,0,20.795396254165098,0,0.7085621254751459,0.8241655252873897,0,0,0,48.77360281185479,32.58427027723333,0,Clay,Pole Plus,зрошення застосовано,2024-09-24,0,F0130
905,F0131,FARM09,2024,Corn,Corn-V4,10.8,ha,2024-04-25,2024-08-17,1,9.480443362612277,t_ha,9.480443362612277,0,0,12.542420317418873,132.9,2,233.54354484472424,mm,0,580.5571991484612,mm,0,19.730936092091724,0,0.7714938806835562,0.8704872616101056,0,0,0,49.37046749598859,29.62757496253727,0,Loam,Field Master,без примітки,2024-05-07,0,F0131
177,F0131,FARM09,2024,Corn,Corn-V4,10.8051066414,ha,2024-04-25,2024-08-17,0,9.480443362612277,t_ha,9.480443362612277,0,0,12.542420317418873,132.9,2,233.54354484472424,mm,0,580.5571991484612,mm,0,19.730936092091724,0,0.6188868206460029,0.6893192009534687,0,0,0,49.37046749598859,29.62757496253727,0,Loam,Field Master,без примітки,2024-05-24,0,F0131
952,F0131,FARM09,2024,Corn,Corn-V4,10.8,ha,2024-04-25,2024-08-17,0,9.480443362612277,t_ha,9.480443362612277,0,0,12.542420317418873,132.9,2,233.54354484472424,mm,0,580.5571991484612,mm,0,19.730936092091724,0,NA,NA,0,0,0,49.37046749598859,29.62757496253727,0,Loam,Field Master,без примітки,2024-06-17,0,F0131
380,F0131,FARM09,2024,Corn,Corn-V4,10.8,ha,2024-04-25,2024-08-17,0,9.480443362612277,t_ha,9.480443362612277,0,0,12.542420317418873,132.9,2,233.54354484472424,mm,0,580.5571991484612,mm,0,19.730936092091724,0,0.7900197222549468,0.8680786966811865,0,1,0,49.37046749598859,29.62757496253727,0,Loam,Field Master,без примітки,2024-06-29,0,F0131
455,F0131,FARM09,2024,Corn,Corn-V4,10.8,ha,2024-04-25,2024-08-17,0,NA,NA,NA,0,0,12.542420317418873,132.9,2,233.54354484472424,mm,0,580.5571991484612,mm,0,19.730936092091724,0,0.41566883041523395,0.526966244331561,0,0,0,49.37046749598859,29.62757496253727,0,Loam,Field Master,без примітки,2024-07-27,0,F0131
185,F0131,FARM09,2024,Corn,Corn-V4,10.8,ha,2024-04-25,2024-08-17,0,9.480443362612277,t_ha,9.480443362612277,0,0,12.542420317418873,132.9,2,233.54354484472424,mm,0,580.5571991484612,mm,0,19.730936092091724,0,0.7320125719066709,0.8807534528430552,0,0,0,49.37046749598859,29.62757496253727,0,NA,Field Master,без примітки,2024-08-04,0,F0131
693,F0131,FARM09,2024,Corn,Corn-V4,10.8051066414,ha,2024-04-25,2024-08-17,0,9.480443362612277,t_ha,9.480443362612277,0,0,12.542420317418873,132.9,2,233.54354484472424,mm,0,580.5571991484612,mm,0,19.730936092091724,0,NA,NA,0,0,0,49.37046749598859,29.62757496253727,0,Loam,Field Master,без примітки,2024-08-15,0,F0131
225,F0131,FARM09,2024,Corn,Corn-V4,10.8051066414,ha,2024-04-25,2024-08-17,0,9.480443362612277,t_ha,9.480443362612277,0,0,12.542420317418873,132.9,2,233.54354484472424,mm,0,580.5571991484612,mm,0,19.730936092091724,0,0.4934009263757616,0.5602780607528984,0,0,0,49.37046749598859,29.62757496253727,0,Loam,Field Master,без примітки,2024-08-26,0,F0131
594,F0131,FARM09,2024,Corn,Corn-V4,10.8,ha,2024-04-25,2024-08-17,0,9.480443362612277,t_ha,9.480443362612277,0,0,12.542420317418873,132.9,2,233.54354484472424,mm,0,580.5571991484612,mm,0,19.730936092091724,0,0.38442940954118965,0.5,0,0,0,49.37046749598859,29.62757496253727,0,NA,Field Master,без примітки,2024-09-28,0,F0131
656,F0132,FARM08,2024,Corn,Corn-V4,40.8,ha,2024-04-24,2024-08-23,0,9.017840614076704,t_ha,9.017840614076704,0,0,28.56416151765734,74.4,2,0,mm,0,615.835236874409,mm,0,22.62135248654522,0,0.6821618285262957,0.780743784387596,0,0,0,48.861345076068766,30.590337796685287,0,Chernozem,UkrAgroTech,перевірити,2024-05-05,0,F0132
708,F0132,FARM08,2024,Corn,Corn-V4,40.8,ha,2024-04-24,2024-08-23,0,NA,NA,NA,0,0,28.56416151765734,74.4,2,NA,NA,0,615.835236874409,mm,0,22.62135248654522,0,0.5740724443690851,0.6937373654684051,0,0,0,48.861345076068766,30.590337796685287,0,Chernozem,UkrAgroTech,перевірити,2024-05-11,0,F0132
686,F0132,FARM08,2024,Corn,Corn-V4,40.7518441494,ha,2024-04-24,2024-08-23,0,9.017840614076704,t_ha,9.017840614076704,0,0,28.56416151765734,74.4,2,0,mm,0,615.835236874409,mm,0,22.62135248654522,0,NA,NA,0,0,0,48.861345076068766,30.590337796685287,0,Chernozem,UkrAgroTech,перевірити,2024-05-26,0,F0132
1342,F0132,FARM08,2024,Corn,Corn-V4,40.8,ha,2024-04-24,2024-08-23,0,9.017840614076704,t_ha,9.017840614076704,0,0,28.56416151765734,74.4,2,0,mm,0,615.835236874409,mm,0,22.62135248654522,0,0.8033387799747288,0.9117638480849564,0,0,0,48.861345076068766,30.590337796685287,0,Chernozem,UkrAgroTech,перевірити,2024-07-01,0,F0132
45,F0132,FARM08,2024,Corn,Corn-V4,40.8,ha,2024-04-24,2024-08-23,0,NA,NA,NA,0,0,28.56416151765734,74.4,2,0,mm,0,615.835236874409,mm,0,22.62135248654522,0,0.7548053504666313,0.9037493257550522,0,0,0,48.861345076068766,30.590337796685287,0,Chernozem,UkrAgroTech,перевірити,2024-07-24,0,F0132
1184,F0132,FARM08,2024,Corn,Corn-V4,40.8,ha,2024-04-24,2024-08-23,0,9.017840614076704,t_ha,9.017840614076704,0,0,28.56416151765734,74.4,2,0,mm,0,615.835236874409,mm,0,22.62135248654522,0,0.578759988443926,0.6751257490599527,0,0,0,48.861345076068766,30.590337796685287,0,Chernozem,UkrAgroTech,перевірити,2024-07-31,0,F0132
115,F0132,FARM08,2024,Corn,Corn-V4,40.8,ha,2024-04-24,2024-08-23,0,9.017840614076704,t_ha,9.017840614076704,0,0,28.56416151765734,74.4,2,0,mm,0,615.835236874409,mm,0,22.62135248654522,0,0.6655266797402873,0.8051932405214757,0,0,0,48.861345076068766,30.590337796685287,0,Chernozem,UkrAgroTech,перевірити,2024-08-16,0,F0132
1310,F0132,FARM08,2024,Corn,Corn-V4,40.8,ha,2024-04-24,2024-08-23,0,9.017840614076704,t_ha,9.017840614076704,1,0,28.56416151765734,74.4,2,0,mm,0,615.835236874409,mm,0,22.62135248654522,0,0.5050127249211073,0.5590238223783671,0,0,0,48.861345076068766,30.590337796685287,0,Chernozem,UkrAgroTech,перевірити,2024-08-27,0,F0132
1435,F0132,FARM08,2024,Corn,Corn-V4,40.8,ha,2024-04-24,2024-08-23,0,9.017840614076704,t_ha,9.017840614076704,0,0,28.56416151765734,74.4,2,0,mm,0,615.835236874409,mm,0,22.62135248654522,0,0.3616926813498139,0.5073188203619793,0,0,0,48.861345076068766,30.590337796685287,0,Chernozem,UkrAgroTech,перевірити,2024-09-05,0,F0132
619,F0133,FARM07,2024,Wheat,Wheat-V5,112,ha,2024-04-19,2024-10-13,0,7.275367293739692,t_ha,7.275367293739692,1,0,29.271521711023524,17.2,6,272.31019923929125,mm,0,515.0625397334807,mm,0,16.89900145982392,0,0.7613963569980114,0.8787770103663206,0,0,0,49.65165245913761,32.19512559332512,0,Chernozem,Pole Plus,проблема з дренажем,2024-06-07,0,F0133
1388,F0133,FARM07,2024,Wheat,Wheat-V5,112,ha,2024-04-19,2024-10-13,0,7.275367293739691,t_ha,7.275367293739691,0,0,29.271521711023524,17.2,6,272.31019923929125,mm,0,515.0625397334807,mm,0,16.89900145982392,0,0.370077946013771,0.5,0,0,0,49.65165245913761,32.19512559332512,0,Chernozem,Pole Plus,проблема з дренажем,2024-07-03,0,F0133
253,F0133,FARM07,2024,Wheat,Wheat-V5,112,ha,2024-04-19,2024-10-13,0,7.275367293739691,t_ha,7.275367293739691,0,0,29.271521711023524,17.2,6,272.31019923929125,mm,0,515.0625397334807,mm,0,16.89900145982392,0,0.48301319582387803,0.5815945750335231,0,0,0,49.65165245913761,32.19512559332512,0,Chernozem,Pole Plus,проблема з дренажем,2024-07-25,0,F0133
627,F0133,FARM07,2024,Wheat,Wheat-V5,112,ha,2024-04-19,2024-10-13,0,7.275367293739691,t_ha,7.275367293739691,0,0,29.271521711023524,17.2,6,272.31019923929125,mm,0,515.0625397334807,mm,0,16.89900145982392,0,0.7214994192123413,0.8221753045450896,0,0,0,49.65165245913761,32.19512559332512,0,Chernozem,Pole Plus,проблема з дренажем,2024-07-28,0,F0133
674,F0133,FARM07,2024,Wheat,Wheat-V5,112.0169857056,ha,2024-04-19,2024-10-13,0,7.275367293739692,t_ha,7.275367293739692,1,0,29.271521711023524,17.2,6,272.31019923929125,mm,0,515.0625397334807,mm,0,16.89900145982392,0,0.8425104507710784,0.9050743472762406,0,0,0,49.65165245913761,32.19512559332512,0,Chernozem,Pole Plus,проблема з дренажем,2024-08-21,0,F0133
134,F0133,FARM07,2024,Wheat,Wheat-V5,112.0169857056,ha,2024-04-19,2024-10-13,0,7.275367293739692,t_ha,7.275367293739692,1,0,29.271521711023524,17.2,6,272.31019923929125,mm,0,515.0625397334807,mm,0,16.89900145982392,0,0.5911335362121463,0.7153067213948816,0,0,0,49.65165245913761,32.19512559332512,0,Chernozem,Pole Plus,проблема з дренажем,2024-09-08,0,F0133
789,F0133,FARM07,2024,Wheat,Wheat-V5,112,ha,2024-04-19,2024-10-13,0,7.275367293739691,t_ha,7.275367293739691,0,0,29.271521711023524,17.2,6,272.31019923929125,mm,0,515.0625397334807,mm,0,16.89900145982392,0,0.6972756246337667,0.833347500837408,0,0,0,49.65165245913761,32.19512559332512,0,Chernozem,Pole Plus,проблема з дренажем,2024-09-19,0,F0133
1035,F0134,FARM09,2024,Wheat,Wheat-V5,59.7316007592,ha,2024-04-09,2024-10-13,0,3.326704054605216,t_ha,3.326704054605216,0,0,34.670905199833214,91.7,6,383.4495003335178,mm,0,654.5788513729349,mm,0,13.358298656065017,0,0.5796039283974096,0.6664377465145662,0,0,0,49.787192783018114,32.46455617097672,0,Chernozem,Field Master,норма,2024-05-26,0,F0134
1096,F0134,FARM09,2024,Wheat,Wheat-V5,59.7,ha,2024-04-09,2024-10-13,0,3.326704054605216,t_ha,3.326704054605216,0,0,34.670905199833214,91.7,6,383.4495003335178,mm,0,654.5788513729349,mm,0,13.358298656065017,0,NA,NA,0,0,0,49.787192783018114,32.46455617097672,0,Chernozem,Field Master,норма,2024-06-11,0,F0134
714,F0134,FARM09,2024,Wheat,Wheat-V5,59.7,ha,2024-04-09,2024-10-13,0,3.326704054605216,t_ha,3.326704054605216,1,0,34.670905199833214,91.7,6,383.4495003335178,mm,0,654.5788513729349,mm,0,13.358298656065017,0,0.7775153471389785,0.8503866328625008,0,0,0,49.787192783018114,32.46455617097672,0,Chernozem,Field Master,норма,2024-07-08,0,F0134
90,F0134,FARM09,2024,Wheat,Wheat-V5,59.7316007592,ha,2024-04-09,2024-10-13,0,3.326704054605216,t_ha,3.326704054605216,0,0,34.670905199833214,91.7,6,383.4495003335178,mm,0,654.5788513729349,mm,0,13.358298656065017,0,0.8119614124530926,0.95,0,0,0,49.787192783018114,32.46455617097672,0,Chernozem,Field Master,норма,2024-07-29,0,F0134
230,F0134,FARM09,2024,Wheat,Wheat-V5,59.7,ha,2024-04-09,2024-10-13,0,3.326704054605216,t_ha,3.326704054605216,0,0,34.670905199833214,91.7,6,383.4495003335178,mm,0,654.5788513729349,mm,0,13.358298656065017,0,0.7501451331423595,0.8957289961865171,0,0,0,49.787192783018114,32.46455617097672,0,Chernozem,Field Master,норма,2024-09-04,0,F0134
266,F0134,FARM09,2024,Wheat,Wheat-V5,59.7,ha,2024-04-09,2024-10-13,0,3.326704054605216,t_ha,3.326704054605216,1,0,34.670905199833214,91.7,6,383.4495003335178,mm,0,654.5788513729349,mm,0,13.358298656065017,0,0.6010364928748458,0.7177797319367528,0,0,0,49.787192783018114,32.46455617097672,0,Chernozem,Field Master,норма,2024-09-11,0,F0134
195,F0134,FARM09,2024,Wheat,Wheat-V5,59.7,ha,2024-04-09,2024-10-13,0,3.326704054605216,t_ha,3.326704054605216,0,0,34.670905199833214,91.7,6,383.4495003335178,mm,0,NA,NA,0,13.358298656065017,0,0.46505087849218396,0.5816819018451497,0,0,0,49.787192783018114,32.46455617097672,0,NA,Field Master,норма,2024-09-16,0,F0134
921,F0134,FARM09,2024,Wheat,Wheat-V5,59.7316007592,ha,2024-04-09,2024-10-13,0,3.326704054605216,t_ha,3.326704054605216,1,0,34.670905199833214,91.7,6,383.4495003335178,mm,0,654.5788513729349,mm,0,13.358298656065017,0,0.3566399873467162,0.5,0,0,0,49.787192783018114,32.46455617097672,0,Chernozem,Field Master,норма,2024-09-25,0,F0134
1179,F0135,FARM12,2024,Soy,Soy-V3,NA,NA,2024-03-20,2024-10-11,0,2.0301258090185,t_ha,2.0301258090185,0,0,18.322982348734513,53.4,1,NA,NA,0,601.0817830334418,mm,0,13.386080408701673,0,0.4890760478097945,0.5832792591070756,0,0,0,48.67350321437791,32.122315931226595,0,Loam,AgroService Ltd,добре,2024-05-11,0,F0135
552,F0135,FARM12,2024,Soy,Soy-V3,94.6,ha,2024-03-20,2024-10-11,0,2.0301258090185,t_ha,2.0301258090185,1,0,18.322982348734513,53.4,1,178.02001381060109,mm,0,NA,NA,0,13.386080408701673,0,0.6641724816523492,0.7633089785464108,0,0,0,48.67350321437791,32.122315931226595,0,Loam,AgroService Ltd,добре,2024-06-07,0,F0135
892,F0135,FARM12,2024,Soy,Soy-V3,94.6,ha,2024-03-20,2024-10-11,0,2.0301258090185,t_ha,2.0301258090185,0,0,18.322982348734513,53.4,1,178.02001381060109,mm,0,601.0817830334418,mm,0,13.386080408701673,0,0.7819175414275378,0.8702937700785697,0,0,0,48.67350321437791,32.122315931226595,0,NA,AgroService Ltd,добре,2024-06-12,0,F0135
196,F0135,FARM12,2024,Soy,Soy-V3,94.6155030996,ha,2024-03-20,2024-10-11,0,2.0301258090185,t_ha,2.0301258090185,1,0,18.322982348734513,53.4,1,178.02001381060109,mm,0,601.0817830334418,mm,0,13.386080408701673,0,0.543262638291344,0.6037786920787767,0,0,0,48.67350321437791,32.122315931226595,0,Loam,AgroService Ltd,добре,2024-06-14,0,F0135
74,F0135,FARM12,2024,Soy,Soy-V3,94.6,ha,2024-03-20,2024-10-11,0,2.0301258090185,t_ha,2.0301258090185,1,0,18.322982348734513,53.4,1,178.02001381060109,mm,0,601.0817830334418,mm,0,13.386080408701673,0,NA,NA,0,0,0,48.67350321437791,32.122315931226595,0,Loam,AgroService Ltd,добре,2024-06-26,0,F0135
652,F0135,FARM12,2024,Soy,Soy-V3,94.6,ha,2024-03-20,2024-10-11,0,2.0301258090185,t_ha,2.0301258090185,1,0,18.322982348734513,53.4,1,178.02001381060109,mm,0,601.0817830334418,mm,0,13.386080408701673,0,0.3849682623054832,0.5,0,0,0,48.67350321437791,32.122315931226595,0,Loam,AgroService Ltd,добре,2024-07-01,0,F0135
488,F0135,FARM12,2024,Soy,Soy-V3,94.6155030996,ha,2024-03-20,2024-10-11,0,2.0301258090185,t_ha,2.0301258090185,0,0,18.322982348734513,53.4,1,178.02001381060109,mm,0,601.0817830334418,mm,0,13.386080408701673,0,0.6973083521239459,0.7986998369684443,0,0,0,48.67350321437791,32.122315931226595,0,NA,AgroService Ltd,добре,2024-07-06,0,F0135
1026,F0135,FARM12,2024,Soy,Soy-V3,94.6155030996,ha,2024-03-20,2024-10-11,0,2.0301258090185,t_ha,2.0301258090185,0,0,18.322982348734513,53.4,1,178.02001381060109,mm,0,601.0817830334418,mm,0,13.386080408701673,0,0.37021056553348897,0.5,0,0,0,48.67350321437791,32.122315931226595,0,Loam,AgroService Ltd,добре,2024-08-20,0,F0135
968,F0136,FARM11,2024,Sunflower,Sunflower-V2,17.9275739406,ha,2024-04-01,2024-09-23,0,NA,NA,NA,0,0,25.45047884900123,142.4,2,0,mm,0,540.1184814749286,mm,0,18.960239252075553,0,0.5765806342475116,0.6715697401203214,0,0,0,48.63458840176416,33.68670769157354,0,Chernozem,UkrAgroTech,без примітки,2024-05-16,0,F0136
467,F0136,FARM11,2024,Sunflower,Sunflower-V2,NA,NA,2024-04-01,2024-09-23,0,3.381293688621372,t_ha,3.381293688621372,1,0,25.45047884900123,142.4,2,0,mm,0,540.1184814749286,mm,0,18.960239252075553,0,0.4792149748187512,0.6218297138344496,0,0,0,48.63458840176416,33.68670769157354,0,Chernozem,UkrAgroTech,без примітки,2024-05-23,0,F0136
553,F0136,FARM11,2024,Sunflower,Sunflower-V2,17.9,ha,2024-04-01,2024-09-23,0,3.381293688621372,t_ha,3.381293688621372,0,0,25.45047884900123,142.4,2,0,mm,0,540.1184814749286,mm,0,18.960239252075553,0,0.48106093346141277,0.5616473388392478,0,0,0,48.63458840176416,33.68670769157354,0,Chernozem,UkrAgroTech,без примітки,2024-06-10,0,F0136
758,F0136,FARM11,2024,Sunflower,Sunflower-V2,17.9,ha,2024-04-01,2024-09-23,0,3.381293688621372,t_ha,3.381293688621372,0,0,25.45047884900123,142.4,2,0,mm,0,540.1184814749286,mm,0,18.960239252075553,0,0.48692546263337133,0.5673612898914143,0,0,0,48.63458840176416,33.68670769157354,0,Chernozem,UkrAgroTech,без примітки,2024-06-12,0,F0136
1091,F0136,FARM11,2024,Sunflower,Sunflower-V2,17.9,ha,2024-04-01,2024-09-23,0,3.381293688621372,t_ha,3.381293688621372,1,0,25.45047884900123,142.4,2,0,mm,0,NA,mm,1,18.960239252075553,0,0.6966646854067221,0.8305262018926441,0,0,0,48.63458840176416,33.68670769157354,0,Chernozem,UkrAgroTech,без примітки,2024-07-02,0,F0136
18,F0136,FARM11,2024,Sunflower,Sunflower-V2,17.9275739406,ha,2024-04-01,2024-09-23,0,3.381293688621372,t_ha,3.381293688621372,0,0,25.45047884900123,142.4,2,0,mm,0,NA,NA,0,18.960239252075553,0,0.8450802898965776,0.95,0,0,0,48.63458840176416,33.68670769157354,0,Chernozem,UkrAgroTech,без примітки,2024-07-25,0,F0136
133,F0136,FARM11,2024,Sunflower,Sunflower-V2,17.9,ha,2024-04-01,2024-09-23,0,3.381293688621372,t_ha,3.381293688621372,1,0,25.45047884900123,142.4,2,0,mm,0,540.1184814749286,mm,0,18.960239252075553,0,0.42108419749420134,0.50387433541473,0,0,0,48.63458840176416,33.68670769157354,0,Chernozem,UkrAgroTech,без примітки,2024-08-21,0,F0136
1037,F0136,FARM11,2024,Sunflower,Sunflower-V2,17.9,ha,2024-04-01,2024-09-23,1,3.381293688621372,t_ha,3.381293688621372,1,0,25.45047884900123,142.4,2,0,mm,0,540.1184814749286,mm,0,18.960239252075553,0,0.7231390002649277,0.8616495812311769,0,0,0,48.63458840176416,33.68670769157354,0,Chernozem,UkrAgroTech,без примітки,2024-08-23,0,F0136
1056,F0136,FARM11,2024,Sunflower,Sunflower-V2,17.9,ha,2024-04-01,2024-09-23,0,3.381293688621372,t_ha,3.381293688621372,0,0,25.45047884900123,142.4,2,0,mm,0,540.1184814749286,mm,0,18.960239252075553,0,0.4125035699922591,0.5,0,0,0,48.63458840176416,33.68670769157354,0,Chernozem,UkrAgroTech,без примітки,2024-09-20,0,F0136
517,F0137,FARM10,2024,Soy,Soy-V2,28.9,ha,2024-03-29,2024-08-28,0,2.121402928372845,t_ha,2.121402928372845,1,0,30.699186260346323,193.8,0,109.95006404118612,mm,0,NA,NA,0,22.94006816041656,0,0.7333048555534333,0.7871938145020977,0,0,0,49.30931271425355,29.305080797411968,0,NA,AgroService Ltd,норма,2024-06-17,0,F0137
417,F0137,FARM10,2024,Soy,Soy-V2,28.9,ha,2024-03-29,2024-08-28,0,2.121402928372845,t_ha,2.121402928372845,1,0,30.699186260346323,193.8,0,109.95006404118612,mm,0,570.6789943389595,mm,0,22.94006816041656,0,0.7385136420140043,0.8587625256273895,0,0,0,49.30931271425355,29.305080797411968,0,Loam,AgroService Ltd,норма,2024-06-22,0,F0137
1473,F0137,FARM10,2024,Soy,Soy-V2,28.9,ha,2024-03-29,2024-08-28,0,2.121402928372845,t_ha,2.121402928372845,0,0,30.699186260346323,193.8,0,109.95006404118612,mm,0,570.6789943389595,mm,0,22.94006816041656,0,0.49240467408671973,0.6074947302229702,0,0,0,49.30931271425355,29.305080797411968,0,Loam,AgroService Ltd,норма,2024-06-26,0,F0137
1006,F0137,FARM10,2024,Soy,Soy-V2,28.9,ha,2024-03-29,2024-08-28,0,2.121402928372845,t_ha,2.121402928372845,0,0,30.699186260346323,193.8,0,109.95006404118612,mm,0,570.6789943389595,mm,0,22.94006816041656,0,0.708003057888709,0.8476428599329665,0,0,0,49.30931271425355,29.305080797411968,0,Loam,AgroService Ltd,норма,2024-07-05,0,F0137
193,F0137,FARM10,2024,Soy,Soy-V2,28.9,ha,2024-03-29,2024-08-28,0,2.121402928372845,t_ha,2.121402928372845,1,0,30.699186260346323,193.8,0,109.95006404118612,mm,0,570.6789943389595,mm,0,22.94006816041656,0,0.5182508793892339,0.6083240401698277,0,0,0,49.30931271425355,29.305080797411968,0,Loam,AgroService Ltd,норма,2024-07-24,0,F0137
200,F0137,FARM10,2024,Soy,Soy-V2,28.9,ha,2024-03-29,2024-08-28,0,21.736186306923628,t_ha,21.736186306923628,0,1,30.699186260346323,193.8,0,109.95006404118612,mm,0,570.6789943389595,mm,0,22.94006816041656,0,0.7328410727437585,0.8672348951222375,0,0,0,49.30931271425355,29.305080797411968,0,Loam,AgroService Ltd,норма,2024-07-28,0,F0137
1248,F0137,FARM10,2024,Soy,Soy-V2,28.9,ha,2024-03-29,2024-08-28,0,2.121402928372845,t_ha,2.121402928372845,0,0,30.699186260346323,193.8,0,109.95006404118612,mm,0,570.6789943389595,mm,0,22.94006816041656,0,0.6137341789668426,0.6890305621782318,0,0,0,49.30931271425355,29.305080797411968,0,Loam,AgroService Ltd,норма,2024-09-02,0,F0137
604,F0138,FARM03,2024,Wheat,Wheat-V1,47.9,ha,2024-03-13,2024-09-26,0,7.036230405326933,t_ha,7.036230405326933,1,0,15.604115300346166,110.5,6,275.000131316483,mm,0,638.3741977158934,mm,0,20.817127760965377,0,0.5971169563941657,0.669318287842907,0,0,0,49.08998581484007,29.543514587605838,0,Clay,SunField Co,перевірити,2024-05-08,0,F0138
1214,F0138,FARM03,2024,Wheat,Wheat-V1,47.955248577,ha,2024-03-13,2024-09-26,0,7.036230405326933,t_ha,7.036230405326933,1,0,15.604115300346166,110.5,6,275.000131316483,mm,0,638.3741977158934,mm,0,20.817127760965377,0,NA,NA,0,0,0,49.08998581484007,29.543514587605838,0,Clay,SunField Co,перевірити,2024-06-13,0,F0138
1404,F0138,FARM03,2024,Wheat,Wheat-V1,47.9,ha,2024-03-13,2024-09-26,0,7.036230405326933,t_ha,7.036230405326933,0,0,15.604115300346166,110.5,6,NA,NA,0,638.3741977158934,mm,0,20.817127760965377,0,0.8281160806305706,0.9326904789311811,0,0,0,49.08998581484007,29.543514587605838,0,Clay,SunField Co,перевірити,2024-06-17,0,F0138
137,F0138,FARM03,2024,Wheat,Wheat-V1,47.9,ha,2024-03-13,2024-09-26,0,7.036230405326933,t_ha,7.036230405326933,1,0,15.604115300346166,110.5,6,275.000131316483,mm,0,638.3741977158934,mm,0,20.817127760965377,0,0.5410566958831623,0.6079488982446491,0,0,0,49.08998581484007,29.543514587605838,0,Clay,SunField Co,перевірити,2024-07-07,0,F0138
613,F0138,FARM03,2024,Wheat,Wheat-V1,47.9,ha,2024-03-13,2024-09-26,0,NA,NA,NA,0,0,15.604115300346166,110.5,6,275.000131316483,mm,0,638.3741977158934,mm,0,20.817127760965377,0,0.39168125183787195,0.5,0,0,0,49.08998581484007,29.543514587605838,0,Clay,SunField Co,перевірити,2024-07-11,0,F0138
669,F0138,FARM03,2024,Wheat,Wheat-V1,NA,NA,2024-03-13,2024-09-26,0,7.036230405326933,t_ha,7.036230405326933,1,0,15.604115300346166,110.5,6,275.000131316483,mm,0,638.3741977158934,mm,0,20.817127760965377,0,0.8459438940277323,0.95,0,0,0,49.08998581484007,29.543514587605838,0,Clay,SunField Co,перевірити,2024-07-24,0,F0138
295,F0138,FARM03,2024,Wheat,Wheat-V1,47.9,ha,2024-03-13,2024-09-26,0,7.036230405326933,t_ha,7.036230405326933,1,0,15.604115300346166,110.5,6,275.000131316483,mm,0,638.3741977158934,mm,0,20.817127760965377,0,0.7537911908235401,0.8727758397115394,0,0,0,49.08998581484007,29.543514587605838,0,Clay,SunField Co,перевірити,2024-07-27,0,F0138
127,F0138,FARM03,2024,Wheat,Wheat-V1,47.955248577,ha,2024-03-13,2024-09-26,0,7.036230405326933,t_ha,7.036230405326933,0,0,15.604115300346166,110.5,6,275.000131316483,mm,0,638.3741977158934,mm,0,20.817127760965377,0,0.7214355536503717,0.8668533925665542,0,0,0,49.08998581484007,29.543514587605838,0,Clay,SunField Co,перевірити,2024-09-05,0,F0138
926,F0139,FARM09,2024,Sunflower,Sunflower-V1,34.1,ha,2024-03-28,2024-08-10,0,2.344155441527255,t_ha,2.344155441527255,0,0,31.159379738382995,107.4,4,0,mm,0,639.4701154436916,mm,0,14.39041486592032,0,NA,NA,0,0,0,49.24877617804427,29.160470813853202,0,Loam,UkrAgroTech,зрошення застосовано,2024-05-04,0,F0139
1024,F0139,FARM09,2024,Sunflower,Sunflower-V1,34.1,ha,2024-03-28,2024-08-10,0,2.344155441527255,t_ha,2.344155441527255,0,0,31.159379738382995,107.4,4,0,mm,0,639.4701154436916,mm,0,14.39041486592032,0,0.7057729081949219,0.7780277197714894,0,0,0,49.24877617804427,29.160470813853202,0,Loam,UkrAgroTech,зрошення застосовано,2024-05-26,0,F0139
9,F0139,FARM09,2024,Sunflower,Sunflower-V1,34.1,ha,2024-03-28,2024-08-10,0,2.344155441527255,t_ha,2.344155441527255,0,0,31.159379738382995,107.4,4,0,mm,0,639.4701154436916,mm,0,14.39041486592032,0,0.42357508107088504,0.5,0,0,0,49.24877617804427,29.160470813853202,0,Loam,UkrAgroTech,зрошення застосовано,2024-07-11,0,F0139
625,F0139,FARM09,2024,Sunflower,Sunflower-V1,34.1,ha,2024-03-28,2024-08-10,0,2.344155441527255,t_ha,2.344155441527255,1,0,31.159379738382995,107.4,4,0,mm,0,639.4701154436916,mm,0,14.39041486592032,0,0.6349886349868029,0.7690451096976176,0,0,0,49.24877617804427,29.160470813853202,0,NA,UkrAgroTech,зрошення застосовано,2024-07-30,0,F0139
575,F0139,FARM09,2024,Sunflower,Sunflower-V1,34.074531056400005,ha,2024-03-28,2024-08-10,0,2.344155441527255,t_ha,2.344155441527255,1,0,31.159379738382995,107.4,4,0,mm,0,639.4701154436916,mm,0,14.39041486592032,0,0.4492348029604181,0.5659360762219876,0,1,0,49.24877617804427,29.160470813853202,0,Loam,UkrAgroTech,зрошення застосовано,2024-07-31,0,F0139
1455,F0139,FARM09,2024,Sunflower,Sunflower-V1,34.1,ha,2024-03-28,2024-08-10,0,2.344155441527255,t_ha,2.344155441527255,1,0,31.159379738382995,107.4,4,0,mm,0,639.4701154436916,mm,0,14.39041486592032,0,0.5686036321800202,0.6379443707410246,0,0,0,49.24877617804427,29.160470813853202,0,Loam,UkrAgroTech,зрошення застосовано,2024-08-01,0,F0139
950,F0139,FARM09,2024,Sunflower,Sunflower-V1,34.074531056400005,ha,2024-03-28,2024-08-10,0,2.344155441527255,t_ha,2.344155441527255,0,0,31.159379738382995,107.4,4,0,mm,0,639.4701154436916,mm,0,14.39041486592032,0,NA,NA,0,0,0,49.24877617804427,29.160470813853202,0,Loam,UkrAgroTech,зрошення застосовано,2024-08-06,0,F0139
322,F0139,FARM09,2024,Sunflower,Sunflower-V1,34.074531056400005,ha,2024-03-28,2024-08-10,0,2.344155441527255,t_ha,2.344155441527255,0,0,31.159379738382995,107.4,4,0,mm,0,639.4701154436916,mm,0,14.39041486592032,0,0.7381769076688215,0.8831545281922444,0,0,0,49.24877617804427,29.160470813853202,0,Loam,UkrAgroTech,зрошення застосовано,2024-08-30,0,F0139
1246,F0139,FARM09,2024,Sunflower,Sunflower-V1,34.1,ha,2024-03-28,2024-08-10,0,2.344155441527255,t_ha,2.344155441527255,0,0,31.159379738382995,107.4,4,0,mm,0,639.4701154436916,mm,0,14.39041486592032,0,0.5939369261264801,0.7263596192933619,0,0,0,49.24877617804427,29.160470813853202,0,Loam,UkrAgroTech,зрошення застосовано,2024-09-05,0,F0139
40,F0140,FARM01,2024,Wheat,Wheat-V4,68.0681249844,ha,2024-05-03,2024-07-27,0,4.123382553923875,t_ha,4.123382553923875,1,0,8.299098634161055,32.7,5,109.42148944595829,mm,0,307.1847223676741,mm,0,19.161694906419143,0,0.7636079631280154,0.8506899486295879,0,0,0,48.877923005721996,32.68727189538721,0,Chernozem,GreenCrop,норма,2024-06-03,0,F0140
1406,F0140,FARM01,2024,Wheat,Wheat-V4,68.1,ha,2024-05-03,2024-07-27,0,4.123382553923875,t_ha,4.123382553923875,0,0,8.299098634161055,32.7,5,109.42148944595829,mm,0,307.1847223676741,mm,0,19.161694906419143,0,0.6751284467987716,0.8161167023470626,0,0,0,48.877923005721996,32.68727189538721,0,Chernozem,GreenCrop,норма,2024-06-09,0,F0140
16,F0140,FARM01,2024,Wheat,Wheat-V4,68.0681249844,ha,2024-05-03,2024-07-27,0,4.123382553923875,t_ha,4.123382553923875,1,0,8.299098634161055,32.7,5,109.42148944595829,mm,0,NA,NA,0,19.161694906419143,0,NA,NA,0,0,0,48.877923005721996,32.68727189538721,0,Chernozem,GreenCrop,норма,2024-06-15,0,F0140
685,F0140,FARM01,2024,Wheat,Wheat-V4,68.0681249844,ha,2024-05-03,2024-07-27,0,4.123382553923875,t_ha,4.123382553923875,1,0,8.299098634161055,32.7,5,109.42148944595829,mm,0,307.1847223676741,mm,0,19.161694906419143,0,0.6197771398816257,0.6985068614594638,0,0,0,48.877923005721996,32.68727189538721,0,Chernozem,GreenCrop,норма,2024-06-23,0,F0140
428,F0140,FARM01,2024,Wheat,Wheat-V4,68.1,ha,2024-05-03,2024-07-27,0,4.123382553923875,t_ha,4.123382553923875,1,0,8.299098634161055,32.7,5,109.42148944595829,mm,0,307.1847223676741,mm,0,19.161694906419143,0,0.3552230154396966,0.5,0,0,0,48.877923005721996,32.68727189538721,0,Chernozem,GreenCrop,норма,2024-07-07,0,F0140
1377,F0140,FARM01,2024,Wheat,Wheat-V4,68.1,ha,2024-05-03,2024-07-27,0,4.123382553923875,t_ha,4.123382553923875,0,0,8.299098634161055,32.7,5,109.42148944595829,mm,0,307.1847223676741,mm,0,19.161694906419143,0,0.6126189399743452,0.680096424371004,0,0,0,48.877923005721996,32.68727189538721,0,Chernozem,GreenCrop,норма,2024-07-26,0,F0140
635,F0140,FARM01,2024,Wheat,Wheat-V4,68.1,ha,2024-05-03,2024-07-27,0,4.123382553923875,t_ha,4.123382553923875,0,0,8.299098634161055,32.7,5,109.42148944595829,mm,0,307.1847223676741,mm,0,19.161694906419143,0,0.5512864031130448,0.6192607695236801,0,0,0,48.877923005721996,32.68727189538721,0,Chernozem,GreenCrop,норма,2024-09-21,0,F0140
554,F0141,FARM11,2024,Wheat,Wheat-V5,88.828498419,ha,2024-04-15,2024-08-09,0,6.451058183563873,t_ha,6.451058183563873,0,0,28.36499449168332,36.1,5,0,mm,0,390.52997566759586,mm,0,21.810954986838624,0,NA,NA,0,0,0,49.1347486006557,33.06861239753198,0,Clay,GreenCrop,перевірити,2024-05-17,0,F0141
1458,F0141,FARM11,2024,Wheat,Wheat-V5,88.8,ha,2024-04-15,2024-08-09,0,6.451058183563873,t_ha,6.451058183563873,0,0,28.36499449168332,36.1,5,0,mm,0,390.52997566759586,mm,0,21.810954986838624,0,0.5391135276528075,0.6747163703432306,0,0,0,49.1347486006557,33.06861239753198,0,Clay,GreenCrop,перевірити,2024-05-20,0,F0141
1085,F0141,FARM11,2024,Wheat,Wheat-V5,88.8,ha,2024-04-15,2024-08-09,0,6.451058183563872,t_ha,6.451058183563872,1,0,28.36499449168332,36.1,5,0,mm,0,390.52997566759586,mm,0,21.810954986838624,0,0.8139634811319411,0.911769463517703,0,0,0,49.1347486006557,33.06861239753198,0,Clay,GreenCrop,перевірити,2024-05-27,0,F0141
843,F0141,FARM11,2024,Wheat,Wheat-V5,88.8,ha,2024-04-15,2024-08-09,0,6.451058183563873,t_ha,6.451058183563873,0,0,28.36499449168332,36.1,5,0,mm,0,390.52997566759586,mm,0,21.810954986838624,0,0.649491956597194,0.7387939696200192,0,0,0,49.1347486006557,33.06861239753198,0,Clay,GreenCrop,перевірити,2024-05-31,0,F0141
167,F0141,FARM11,2024,Wheat,Wheat-V5,88.8,ha,2024-04-15,2024-08-09,0,6.451058183563872,t_ha,6.451058183563872,1,0,28.36499449168332,36.1,5,0,mm,0,390.52997566759586,mm,0,21.810954986838624,0,0.8032991761807352,1,1,1,0,49.1347486006557,33.06861239753198,0,Clay,GreenCrop,перевірити,2024-06-05,0,F0141
813,F0141,FARM11,2024,Wheat,Wheat-V5,88.8,ha,2024-04-15,2024-08-09,0,6.451058183563873,t_ha,6.451058183563873,0,0,28.36499449168332,36.1,5,0,mm,0,390.52997566759586,mm,0,21.810954986838624,0,0.5160500258440152,0.6199271245859563,0,0,0,49.1347486006557,33.06861239753198,0,Clay,GreenCrop,перевірити,2024-07-16,0,F0141
1036,F0141,FARM11,2024,Wheat,Wheat-V5,88.828498419,ha,2024-04-15,2024-08-09,0,6.451058183563873,t_ha,6.451058183563873,0,0,28.36499449168332,36.1,5,NA,NA,0,390.52997566759586,mm,0,21.810954986838624,0,0.687877108133398,0.8220895962091163,0,0,0,49.1347486006557,33.06861239753198,0,Clay,GreenCrop,перевірити,2024-08-17,0,F0141
776,F0141,FARM11,2024,Wheat,Wheat-V5,88.8,ha,2024-04-15,2024-08-09,0,NA,NA,NA,0,0,28.36499449168332,36.1,5,0,mm,0,390.52997566759586,mm,0,21.810954986838624,0,0.824285583011806,0.9368817385984585,0,0,0,49.1347486006557,33.06861239753198,0,Clay,GreenCrop,перевірити,2024-09-17,0,F0141
1216,F0141,FARM11,2024,Wheat,Wheat-V5,88.8,ha,2024-04-15,2024-08-09,0,6.451058183563873,t_ha,6.451058183563873,0,0,28.36499449168332,36.1,5,0,mm,0,390.52997566759586,mm,0,21.810954986838624,0,0.7599533671978861,0.8697474828921258,0,0,0,49.1347486006557,33.06861239753198,0,Clay,GreenCrop,перевірити,2024-09-22,0,F0141
274,F0142,FARM07,2024,Corn,Corn-V1,64.5,ha,2024-05-02,2024-08-01,0,-0.11352786957286298,t_ha,-0.11352786957286298,0,1,35,177,0,0,mm,0,435.80416637705633,mm,0,21.217082746559754,0,0.6937369525199756,0.8216452324064448,0,0,0,49.31349099417589,33.76999556794111,0,Chernozem,Pole Plus,зрошення застосовано,2024-05-11,0,F0142
875,F0142,FARM07,2024,Corn,Corn-V1,64.5,ha,2024-05-02,2024-08-01,0,8.802484347485006,t_ha,8.802484347485006,0,0,19.25800644629635,177,0,0,mm,0,435.8041663770564,mm,0,21.217082746559754,0,0.8113605021731928,0.9280638822121545,0,0,0,49.31349099417589,33.76999556794111,0,NA,Pole Plus,зрошення застосовано,2024-05-28,0,F0142
30,F0142,FARM07,2024,Corn,Corn-V1,64.4664227706,ha,2024-05-02,2024-08-01,0,8.802484347485006,t_ha,8.802484347485006,0,0,19.25800644629635,177,0,0,mm,0,NA,NA,0,21.217082746559754,0,0.7504382201237604,0.8445727640064433,0,0,0,49.31349099417589,33.76999556794111,0,Chernozem,Pole Plus,зрошення застосовано,2024-05-31,0,F0142
1240,F0142,FARM07,2024,Corn,Corn-V1,64.5,ha,2024-05-02,2024-08-01,0,8.802484347485006,t_ha,8.802484347485006,0,0,19.25800644629635,177,0,0,mm,0,435.8041663770564,mm,0,21.217082746559754,0,0.6598404185147956,0.7355155795114114,0,0,0,49.31349099417589,33.76999556794111,0,Chernozem,Pole Plus,зрошення застосовано,2024-06-24,0,F0142
215,F0142,FARM07,2024,Corn,Corn-V1,64.5,ha,2024-05-02,2024-08-01,0,8.802484347485006,t_ha,8.802484347485006,0,0,19.25800644629635,177,0,0,mm,0,435.8041663770564,mm,0,21.217082746559754,0,0.704234708356671,0.8440081370295957,0,0,0,49.31349099417589,33.76999556794111,0,Chernozem,Pole Plus,зрошення застосовано,2024-06-27,0,F0142
436,F0142,FARM07,2024,Corn,Corn-V1,64.5,ha,2024-05-02,2024-08-01,0,8.802484347485006,t_ha,8.802484347485006,1,0,19.25800644629635,177,0,0,mm,0,435.8041663770564,mm,0,21.217082746559754,0,0.4534065058920532,0.5256714020622894,0,0,0,49.31349099417589,33.76999556794111,0,Chernozem,Pole Plus,зрошення застосовано,2024-07-23,0,F0142
311,F0142,FARM07,2024,Corn,Corn-V1,64.5,ha,2024-05-02,2024-08-01,0,8.802484347485006,t_ha,8.802484347485006,0,0,19.25800644629635,177,0,NA,NA,0,435.80416637705633,mm,0,21.217082746559754,0,NA,NA,0,0,0,49.31349099417589,33.76999556794111,0,Chernozem,Pole Plus,зрошення застосовано,2024-08-04,0,F0142
879,F0142,FARM07,2024,Corn,Corn-V1,64.5,ha,2024-05-02,2024-08-01,0,8.802484347485006,t_ha,8.802484347485006,1,0,19.25800644629635,177,0,0,mm,0,435.8041663770564,mm,0,21.217082746559754,0,0.7044862847775221,0.7605597770307213,0,0,0,49.31349099417589,33.76999556794111,0,Chernozem,Pole Plus,зрошення застосовано,2024-09-15,0,F0142
1437,F0143,FARM11,2024,Wheat,Wheat-V2,62.7,ha,2024-03-12,2024-10-01,0,6.350416462635621,t_ha,6.350416462635621,1,0,23.03736373805441,108.7,3,376.5658435760997,mm,0,370.5768399871886,mm,0,12.390681392513216,0,0.4756417705444619,0.5688006079755723,0,0,0,49.60252644950431,31.642213608950378,0,Chernozem,Pole Plus,зрошення застосовано,2024-05-02,0,F0143
434,F0143,FARM11,2024,Wheat,Wheat-V2,62.7,ha,2024-03-12,2024-10-01,0,6.350416462635621,t_ha,6.350416462635621,0,0,23.03736373805441,108.7,3,376.5658435760997,mm,0,370.5768399871886,mm,0,12.390681392513216,0,0.6206240852130577,0.6946292519802227,0,0,0,49.60252644950431,31.642213608950378,0,Chernozem,Pole Plus,зрошення застосовано,2024-05-09,0,F0143
1479,F0143,FARM11,2024,Wheat,Wheat-V2,62.72627451,ha,2024-03-12,2024-10-01,0,6.350416462635621,t_ha,6.350416462635621,0,0,23.03736373805441,108.7,3,376.5658435760997,mm,0,370.5768399871886,mm,0,12.390681392513216,0,NA,NA,0,0,0,49.60252644950431,31.642213608950378,0,Chernozem,Pole Plus,зрошення застосовано,2024-07-12,0,F0143
548,F0143,FARM11,2024,Wheat,Wheat-V2,62.72627451,ha,2024-03-12,2024-10-01,0,6.350416462635621,t_ha,6.350416462635621,0,0,23.03736373805441,108.7,3,376.5658435760997,mm,0,370.5768399871886,mm,0,12.390681392513216,0,0.43633322932291774,0.5557588767027483,0,0,0,49.60252644950431,31.642213608950378,0,Chernozem,Pole Plus,зрошення застосовано,2024-07-20,0,F0143
1212,F0143,FARM11,2024,Wheat,Wheat-V2,62.7,ha,2024-03-12,2024-10-01,0,6.350416462635621,t_ha,6.350416462635621,1,0,23.03736373805441,108.7,3,376.5658435760997,mm,0,370.5768399871886,mm,0,12.390681392513216,0,NA,NA,0,0,0,49.60252644950431,31.642213608950378,0,Chernozem,Pole Plus,зрошення застосовано,2024-08-16,0,F0143
409,F0143,FARM11,2024,Wheat,Wheat-V2,62.7,ha,2024-03-12,2024-10-01,0,6.350416462635621,t_ha,6.350416462635621,1,0,23.03736373805441,108.7,3,376.5658435760997,mm,0,370.5768399871886,mm,0,12.390681392513216,0,NA,NA,0,0,0,49.60252644950431,31.642213608950378,0,Chernozem,Pole Plus,зрошення застосовано,2024-08-18,0,F0143
788,F0143,FARM11,2024,Wheat,Wheat-V2,62.7,ha,2024-03-12,2024-10-01,0,6.350416462635621,t_ha,6.350416462635621,0,0,23.03736373805441,108.7,3,376.5658435760997,mm,0,370.5768399871886,mm,0,12.390681392513216,0,0.44006854041945187,0.5417568142758682,0,0,0,49.60252644950431,31.642213608950378,0,Chernozem,Pole Plus,зрошення застосовано,2024-09-20,0,F0143
1192,F0144,FARM07,2024,Soy,Soy-V2,63.3,ha,2024-05-13,2024-09-19,0,3.05125982593745,t_ha,3.05125982593745,0,0,13.919538143323734,5.9,0,128.2055058167316,mm,0,643.9867452252656,mm,0,22.30574955465272,0,0.8031535357236862,0.8899241272360087,0,0,0,49.29231072146259,31.272586572988892,0,Loam,Pole Plus,проблема з дренажем,2024-05-12,0,F0144
264,F0144,FARM07,2024,Soy,Soy-V2,63.3,ha,2024-05-13,2024-09-19,0,3.05125982593745,t_ha,3.05125982593745,1,0,13.919538143323734,5.9,0,128.2055058167316,mm,0,643.9867452252656,mm,0,22.30574955465272,0,0.8287399439373985,0.9171623702626676,0,0,0,49.29231072146259,31.272586572988892,0,Loam,Pole Plus,проблема з дренажем,2024-06-15,0,F0144
305,F0144,FARM07,2024,Soy,Soy-V2,63.333302973,ha,2024-05-13,2024-09-19,0,3.05125982593745,t_ha,3.05125982593745,0,0,13.919538143323734,5.9,0,128.2055058167316,mm,0,NA,NA,0,22.30574955465272,0,0.5531217557378113,0.659337388142012,0,0,0,49.29231072146259,31.272586572988892,0,Loam,Pole Plus,проблема з дренажем,2024-06-16,0,F0144
561,F0144,FARM07,2024,Soy,Soy-V2,63.3,ha,2024-05-13,2024-09-19,0,3.05125982593745,t_ha,3.05125982593745,0,0,13.919538143323734,5.9,0,128.2055058167316,mm,0,643.9867452252656,mm,0,22.30574955465272,0,0.7586865016724914,0.8206863395636901,0,0,0,49.29231072146259,31.272586572988892,0,NA,Pole Plus,проблема з дренажем,2024-07-13,0,F0144
1148,F0144,FARM07,2024,Soy,Soy-V2,63.3,ha,2024-05-13,2024-09-19,0,3.05125982593745,t_ha,3.05125982593745,1,0,13.919538143323734,5.9,0,128.2055058167316,mm,0,643.9867452252656,mm,0,22.30574955465272,0,0.534446356841363,0.6094659100286662,0,0,0,49.29231072146259,31.272586572988892,0,Loam,Pole Plus,проблема з дренажем,2024-07-21,0,F0144
820,F0144,FARM07,2024,Soy,Soy-V2,63.333302973,ha,2024-05-13,2024-09-19,0,3.05125982593745,t_ha,3.05125982593745,0,0,13.919538143323734,5.9,0,128.2055058167316,mm,0,643.9867452252656,mm,0,22.30574955465272,0,NA,NA,0,0,0,49.29231072146259,31.272586572988892,0,Loam,Pole Plus,проблема з дренажем,2024-08-14,0,F0144
79,F0144,FARM07,2024,Soy,Soy-V2,63.3,ha,2024-05-13,2024-09-19,0,3.05125982593745,t_ha,3.05125982593745,1,0,13.919538143323734,5.9,0,NA,NA,0,643.9867452252656,mm,0,22.30574955465272,0,0.3784150413936004,0.5159034807933494,0,0,0,49.29231072146259,31.272586572988892,0,Loam,Pole Plus,проблема з дренажем,2024-09-21,0,F0144
1362,F0145,FARM03,2024,Corn,Corn-V4,26.1,ha,2024-04-12,2024-07-29,0,NA,t_ha,NA,0,0,10.871985610341653,95.5,1,319.4416265701875,mm,0,NA,mm,1,15.344214049633592,0,0.7513213544385507,0.8932196136564017,0,0,0,49.34811512997281,33.22835833417112,0,Loam,GreenCrop,перевірити,2024-05-23,0,F0145
717,F0145,FARM03,2024,Corn,Corn-V4,26.1,ha,2024-04-12,2024-07-29,0,NA,t_ha,NA,0,0,10.871985610341653,95.5,1,319.4416265701875,mm,0,NA,NA,0,15.344214049633592,0,0.8133812522515654,0.8919168517924845,0,0,0,49.34811512997281,33.22835833417112,0,Loam,GreenCrop,перевірити,2024-06-23,0,F0145
772,F0145,FARM03,2024,Corn,Corn-V4,NA,NA,2024-04-12,2024-07-29,0,NA,t_ha,NA,0,0,10.871985610341653,95.5,1,319.4416265701875,mm,0,252.08336173091084,mm,0,15.344214049633592,0,0.40170955741778014,0.5,0,0,0,49.34811512997281,33.22835833417112,0,Loam,GreenCrop,перевірити,2024-06-28,0,F0145
123,F0145,FARM03,2024,Corn,Corn-V4,26.102223909,ha,2024-04-12,2024-07-29,0,NA,t_ha,NA,0,0,10.871985610341653,95.5,1,319.4416265701875,mm,0,252.08336173091084,mm,0,15.344214049633592,0,NA,NA,0,0,0,49.34811512997281,33.22835833417112,0,Loam,GreenCrop,перевірити,2024-07-11,0,F0145
1295,F0145,FARM03,2024,Corn,Corn-V4,26.102223909,ha,2024-04-12,2024-07-29,0,NA,t_ha,NA,0,0,10.871985610341653,95.5,1,319.4416265701875,mm,0,252.08336173091084,mm,0,15.344214049633592,0,0.41183671427424995,0.5,0,0,0,49.34811512997281,33.22835833417112,0,Loam,GreenCrop,перевірити,2024-08-20,0,F0145
798,F0145,FARM03,2024,Corn,Corn-V4,26.1,ha,2024-04-12,2024-07-29,0,NA,t_ha,NA,0,0,10.871985610341653,95.5,1,319.4416265701875,mm,0,252.0833617309108,mm,0,15.344214049633592,0,0.61422133250162,0.6768650497775525,0,0,0,49.34811512997281,33.22835833417112,0,Loam,GreenCrop,перевірити,2024-08-21,0,F0145
1345,F0145,FARM03,2024,Corn,Corn-V4,26.102223909,ha,2024-04-12,2024-07-29,0,NA,t_ha,NA,0,0,10.871985610341653,95.5,1,319.4416265701875,mm,0,252.08336173091084,mm,0,15.344214049633592,0,0.37109596517402677,0.5,0,0,0,49.34811512997281,33.22835833417112,0,Loam,GreenCrop,перевірити,2024-08-31,0,F0145
1297,F0145,FARM03,2024,Corn,Corn-V4,26.102223909,ha,2024-04-12,2024-07-29,0,NA,t_ha,NA,0,0,10.871985610341653,95.5,1,319.4416265701875,mm,0,252.0833617309108,mm,0,15.344214049633592,0,0.39842863988596944,0.5,0,0,0,49.34811512997281,33.22835833417112,0,Loam,GreenCrop,перевірити,2024-09-22,0,F0145
241,F0146,FARM05,2024,Wheat,Wheat-V3,83.8,ha,2024-04-25,2024-10-07,0,7.465281196171418,t_ha,7.465281196171418,1,0,24.580747057218105,61.6,0,342.52868506591767,mm,0,629.2486561578698,mm,0,22.852584965527058,0,0.36521828328259287,0.513629468693398,0,0,0,49.09781078606704,29.394144636219835,0,Chernozem,UkrAgroTech,добре,2024-05-08,0,F0146
336,F0146,FARM05,2024,Wheat,Wheat-V3,83.8,ha,2024-04-25,2024-10-07,0,7.465281196171418,t_ha,7.465281196171418,0,0,24.580747057218105,61.6,0,342.52868506591767,mm,0,629.2486561578698,mm,0,22.852584965527058,0,0.3725943230325356,0.5145177974132821,0,0,0,49.09781078606704,29.394144636219835,1,Chernozem,UkrAgroTech,добре,2024-06-07,0,F0146
1492,F0146,FARM05,2024,Wheat,Wheat-V3,83.8,ha,2024-04-25,2024-10-07,0,7.465281196171418,t_ha,7.465281196171418,1,0,24.580747057218105,61.6,0,342.52868506591767,mm,0,629.2486561578698,mm,0,22.852584965527058,0,0.6239237473579123,0.6888406236423179,0,0,0,49.09781078606704,29.394144636219835,0,Chernozem,UkrAgroTech,добре,2024-06-20,0,F0146
733,F0146,FARM05,2024,Wheat,Wheat-V3,83.769927894,ha,2024-04-25,2024-10-07,0,22.596186380833387,t_ha,22.596186380833387,1,1,24.580747057218105,61.6,0,342.52868506591767,mm,0,NA,NA,0,22.852584965527058,0,0.37232075203210113,0.5,0,0,0,49.09781078606704,29.394144636219835,0,Chernozem,UkrAgroTech,добре,2024-06-26,0,F0146
592,F0146,FARM05,2024,Wheat,Wheat-V3,83.8,ha,2024-04-25,2024-10-07,0,7.465281196171418,t_ha,7.465281196171418,0,0,24.580747057218105,61.6,0,342.52868506591767,mm,0,629.2486561578698,mm,0,22.852584965527058,0,0.6087697396520525,0.7271124430233612,0,0,0,49.09781078606704,29.394144636219835,0,Chernozem,UkrAgroTech,добре,2024-08-31,0,F0146
1005,F0146,FARM05,2024,Wheat,Wheat-V3,NA,NA,2024-04-25,2024-10-07,0,7.465281196171418,t_ha,7.465281196171418,0,0,24.580747057218105,61.6,0,342.52868506591767,mm,0,629.2486561578698,mm,0,22.852584965527058,0,0.659708469430916,0.766195412655361,0,0,0,49.09781078606704,29.394144636219835,0,Chernozem,UkrAgroTech,добре,2024-09-11,0,F0146
483,F0146,FARM05,2024,Wheat,Wheat-V3,83.769927894,ha,2024-04-25,2024-10-07,0,7.465281196171418,t_ha,7.465281196171418,1,0,24.580747057218105,61.6,0,342.52868506591767,mm,0,629.2486561578698,mm,0,22.852584965527058,0,0.5532857403391972,0.6332234610803426,0,0,0,NA,NA,0,Chernozem,UkrAgroTech,добре,2024-09-23,0,F0146
1195,F0147,FARM01,2024,Soy,Soy-V2,96.9626798232,ha,2024-03-14,2024-09-23,0,1.8107927017845213,t_ha,1.8107927017845213,0,0,15.010438249912113,161.9,4,187.22290239529684,mm,0,232.22202578326687,mm,0,19.501204959349707,0,0.45695953806862233,0.5081888364395126,0,0,0,49.186465103103316,32.563832794721705,0,Clay,AgroService Ltd,проблема з дренажем,2024-05-06,0,F0147
771,F0147,FARM01,2024,Soy,Soy-V2,96.9626798232,ha,2024-03-14,2024-09-23,0,1.8107927017845213,t_ha,1.8107927017845213,0,0,15.010438249912113,161.9,4,187.22290239529684,mm,0,232.22202578326687,mm,0,19.501204959349707,0,0.7699434618931263,0.8736889567226171,0,0,0,49.186465103103316,32.563832794721705,0,Clay,AgroService Ltd,проблема з дренажем,2024-05-07,0,F0147
1319,F0147,FARM01,2024,Soy,Soy-V2,97,ha,2024-03-14,2024-09-23,0,1.8107927017845213,t_ha,1.8107927017845213,1,0,15.010438249912113,161.9,4,187.22290239529684,mm,0,232.22202578326687,mm,0,19.501204959349707,0,0.46522846377920357,0.5516424986766651,0,0,0,49.186465103103316,32.563832794721705,0,Clay,AgroService Ltd,проблема з дренажем,2024-07-02,0,F0147
946,F0147,FARM01,2024,Soy,Soy-V2,97,ha,2024-03-14,2024-09-23,0,1.8107927017845213,t_ha,1.8107927017845213,0,0,15.010438249912113,161.9,4,187.22290239529684,mm,0,232.22202578326687,mm,0,19.501204959349707,0,0.8189991993363946,0.895349545427598,0,0,0,49.186465103103316,32.563832794721705,0,Clay,AgroService Ltd,проблема з дренажем,2024-07-18,0,F0147
805,F0147,FARM01,2024,Soy,Soy-V2,97,ha,2024-03-14,2024-09-23,0,1.8107927017845213,t_ha,1.8107927017845213,1,0,15.010438249912113,161.9,4,187.22290239529684,mm,0,232.22202578326687,mm,0,19.501204959349707,0,0.5098883140832186,0.6267704139463603,0,0,0,49.186465103103316,32.563832794721705,0,Clay,AgroService Ltd,проблема з дренажем,2024-07-31,0,F0147
469,F0147,FARM01,2024,Soy,Soy-V2,97,ha,2024-03-14,2024-09-23,0,1.8107927017845213,t_ha,1.8107927017845213,0,0,15.010438249912113,161.9,4,187.22290239529684,mm,0,232.22202578326687,mm,0,19.501204959349707,0,0.47479478260502217,0.5353940895525738,0,0,0,49.186465103103316,32.563832794721705,0,Clay,AgroService Ltd,проблема з дренажем,2024-08-30,0,F0147
1499,F0147,FARM01,2024,Soy,Soy-V2,97,ha,2024-03-14,2024-09-23,0,1.8107927017845213,t_ha,1.8107927017845213,1,0,15.010438249912113,161.9,4,187.22290239529684,mm,0,232.22202578326687,mm,0,19.501204959349707,0,0.3631043649744242,0.5,0,0,0,49.186465103103316,32.563832794721705,0,Clay,AgroService Ltd,проблема з дренажем,2024-09-08,0,F0147
1156,F0147,FARM01,2024,Soy,Soy-V2,97,ha,2024-03-14,2024-09-23,0,1.8107927017845213,t_ha,1.8107927017845213,0,0,15.010438249912113,161.9,4,187.22290239529684,mm,0,232.22202578326687,mm,0,19.501204959349707,0,0.4513028128072619,0.5773980335332454,0,0,0,49.186465103103316,32.563832794721705,0,Clay,AgroService Ltd,проблема з дренажем,2024-09-24,0,F0147
1323,F0148,FARM11,2024,Wheat,Wheat-V5,80.2086942444,ha,2024-04-04,2024-07-25,0,NA,NA,NA,0,0,14.90191361727193,187.3,4,87.48800673056394,mm,0,640.044241445139,mm,0,16.551106797298416,0,0.38431450750213114,0.5,0,0,0,49.724740576219745,28.782116849329324,0,Chernozem,UkrAgroTech,норма,2024-05-05,0,F0148
1335,F0148,FARM11,2024,Wheat,Wheat-V5,80.2,ha,2024-04-04,2024-07-25,0,7.482028145575896,t_ha,7.482028145575896,1,0,14.90191361727193,187.3,4,87.48800673056394,mm,0,640.044241445139,mm,0,16.551106797298416,0,0.7822435159701854,0.8375440278556198,0,0,0,49.724740576219745,28.782116849329324,0,Chernozem,UkrAgroTech,норма,2024-06-13,0,F0148
211,F0148,FARM11,2024,Wheat,Wheat-V5,80.2,ha,2024-04-04,2024-07-25,0,7.482028145575896,t_ha,7.482028145575896,1,0,14.90191361727193,187.3,4,87.48800673056394,mm,0,640.044241445139,mm,0,16.551106797298416,0,NA,NA,0,0,0,49.724740576219745,28.782116849329324,0,Chernozem,UkrAgroTech,норма,2024-06-16,0,F0148
101,F0148,FARM11,2024,Wheat,Wheat-V5,NA,NA,2024-04-04,2024-07-25,0,7.482028145575896,t_ha,7.482028145575896,0,0,14.90191361727193,187.3,4,87.48800673056394,mm,0,640.044241445139,mm,0,16.551106797298416,0,0.7853252007858827,0.9211174588650465,0,0,0,49.724740576219745,28.782116849329324,0,Chernozem,UkrAgroTech,норма,2024-08-05,0,F0148
1022,F0148,FARM11,2024,Wheat,Wheat-V5,80.2,ha,2024-04-04,2024-07-25,0,7.482028145575896,t_ha,7.482028145575896,0,0,14.90191361727193,187.3,4,87.48800673056394,mm,0,640.044241445139,mm,0,16.551106797298416,0,0.5623941818717867,0.6250156629830599,0,0,0,49.724740576219745,28.782116849329324,0,Chernozem,UkrAgroTech,норма,2024-08-12,0,F0148
963,F0148,FARM11,2024,Wheat,Wheat-V5,80.2,ha,2024-04-04,2024-07-25,0,7.482028145575896,t_ha,7.482028145575896,0,0,14.90191361727193,187.3,4,87.48800673056394,mm,0,640.044241445139,mm,0,16.551106797298416,0,NA,NA,0,0,0,49.724740576219745,28.782116849329324,0,Chernozem,UkrAgroTech,норма,2024-09-05,0,F0148
673,F0148,FARM11,2024,Wheat,Wheat-V5,80.2,ha,2024-04-04,2024-07-25,0,7.482028145575896,t_ha,7.482028145575896,0,0,14.90191361727193,187.3,4,87.48800673056394,mm,0,NA,NA,0,16.551106797298416,0,0.38067842335440216,0.5,0,0,0,49.724740576219745,28.782116849329324,0,Chernozem,UkrAgroTech,норма,2024-09-13,0,F0148
155,F0148,FARM11,2024,Wheat,Wheat-V5,80.2,ha,2024-04-04,2024-07-25,0,NA,NA,NA,0,0,14.90191361727193,187.3,4,87.48800673056394,mm,0,640.044241445139,mm,0,16.551106797298416,0,0.5395236066775396,0.6433812382165343,0,0,0,49.724740576219745,28.782116849329324,0,Chernozem,UkrAgroTech,норма,2024-09-15,0,F0148
1402,F0148,FARM11,2024,Wheat,Wheat-V5,80.2086942444,ha,2024-04-04,2024-07-25,0,NA,NA,NA,0,0,14.90191361727193,187.3,4,87.48800673056394,mm,0,640.044241445139,mm,0,16.551106797298416,0,0.40840159871149806,0.5068516193889081,0,0,0,49.724740576219745,28.782116849329324,0,Chernozem,UkrAgroTech,норма,2024-09-25,0,F0148
320,F0149,FARM05,2024,Soy,Soy-V5,10.9,ha,2024-05-13,2024-10-01,0,NA,t_ha,NA,0,0,29.975142693379894,185.3,6,0,mm,0,651.6299025621265,mm,0,13.660696795443073,0,NA,NA,0,0,0,49.39738446773309,32.664559510047084,0,Chernozem,AgroService Ltd,без примітки,2024-05-12,0,F0149
1221,F0149,FARM05,2024,Soy,Soy-V5,10.9,ha,2024-05-13,2024-10-01,0,NA,t_ha,NA,0,0,29.975142693379894,185.3,6,0,mm,0,651.6299025621265,mm,0,13.660696795443073,0,0.6205028583295643,0.7017864070367068,0,0,0,49.39738446773309,32.664559510047084,0,Chernozem,AgroService Ltd,без примітки,2024-06-11,0,F0149
1121,F0149,FARM05,2024,Soy,Soy-V5,10.8860437698,ha,2024-05-13,2024-10-01,0,NA,t_ha,NA,0,0,29.975142693379894,185.3,6,0,mm,0,651.6299025621265,mm,0,13.660696795443073,0,0.4267586320871487,0.5725114942528307,0,0,0,49.39738446773309,32.664559510047084,0,Chernozem,AgroService Ltd,без примітки,2024-06-20,0,F0149
394,F0149,FARM05,2024,Soy,Soy-V5,10.9,ha,2024-05-13,2024-10-01,0,NA,t_ha,NA,0,0,29.975142693379894,185.3,6,0,mm,0,651.6299025621265,mm,0,13.660696795443073,0,0.4209458068013191,0.535638335486874,0,0,0,49.39738446773309,32.664559510047084,0,Chernozem,AgroService Ltd,без примітки,2024-07-25,0,F0149
570,F0149,FARM05,2024,Soy,Soy-V5,10.9,ha,2024-05-13,2024-10-01,0,NA,t_ha,NA,0,0,29.975142693379894,185.3,6,NA,NA,0,651.6299025621265,mm,0,13.660696795443073,0,0.4932178342947736,0.599635353591293,0,0,0,49.39738446773309,32.664559510047084,0,Chernozem,AgroService Ltd,без примітки,2024-08-11,0,F0149
1018,F0149,FARM05,2024,Soy,Soy-V5,10.9,ha,2024-05-13,2024-10-01,0,NA,t_ha,NA,0,0,29.975142693379894,185.3,6,0,mm,0,651.6299025621265,mm,0,13.660696795443073,0,NA,NA,0,0,0,49.39738446773309,32.664559510047084,1,Chernozem,AgroService Ltd,без примітки,2024-08-22,0,F0149
664,F0149,FARM05,2024,Soy,Soy-V5,10.9,ha,2024-05-13,2024-10-01,0,NA,t_ha,NA,0,0,29.975142693379894,185.3,6,0,mm,0,651.6299025621265,mm,0,13.660696795443073,0,0.7200883749406785,0.7869428470730782,0,0,0,49.39738446773309,32.664559510047084,1,Chernozem,AgroService Ltd,без примітки,2024-09-12,0,F0149
482,F0149,FARM05,2024,Soy,Soy-V5,10.9,ha,2024-05-13,2024-10-01,0,NA,t_ha,NA,0,0,29.975142693379894,185.3,6,0,mm,0,651.6299025621265,mm,0,13.660696795443073,0,NA,NA,0,0,0,49.39738446773309,32.664559510047084,0,Chernozem,AgroService Ltd,без примітки,2024-09-18,0,F0149
326,F0150,FARM08,2024,Wheat,Wheat-V5,98.2,ha,2024-03-20,2024-08-02,0,6.154148577013984,t_ha,6.154148577013984,0,0,13.887586144031957,106.7,0,236.79680690402165,mm,0,398.4629520447925,mm,0,14.52006634278223,0,0.42010740204714236,0.5634754860540852,0,0,0,48.95343883008463,33.19040964336554,0,Clay,GreenCrop,зрошення застосовано,2024-05-03,0,F0150
404,F0150,FARM08,2024,Wheat,Wheat-V5,98.2,ha,2024-03-20,2024-08-02,0,6.154148577013984,t_ha,6.154148577013984,0,0,13.887586144031957,106.7,0,236.79680690402165,mm,0,398.4629520447925,mm,0,14.52006634278223,0,0.3593938475474715,0.5,0,0,0,48.95343883008463,33.19040964336554,0,Clay,GreenCrop,зрошення застосовано,2024-05-16,0,F0150
545,F0150,FARM08,2024,Wheat,Wheat-V5,98.2,ha,2024-03-20,2024-08-02,0,NA,NA,NA,0,0,13.887586144031957,106.7,0,236.79680690402165,mm,0,NA,NA,0,14.52006634278223,0,0.7536376487929374,0.8053962930571288,0,0,0,48.95343883008463,33.19040964336554,0,NA,GreenCrop,зрошення застосовано,2024-06-22,0,F0150
245,F0150,FARM08,2024,Wheat,Wheat-V5,98.2,ha,2024-03-20,2024-08-02,0,6.154148577013984,t_ha,6.154148577013984,1,0,13.887586144031957,106.7,0,NA,NA,0,398.4629520447925,mm,0,14.52006634278223,0,0.8367152059450745,0.8994841823121532,0,0,0,48.95343883008463,33.19040964336554,0,Clay,GreenCrop,зрошення застосовано,2024-07-19,0,F0150
629,F0150,FARM08,2024,Wheat,Wheat-V5,98.1767367492,ha,2024-03-20,2024-08-02,0,6.154148577013984,t_ha,6.154148577013984,0,0,13.887586144031957,106.7,0,NA,NA,0,398.4629520447925,mm,0,14.52006634278223,0,0.40463061854243276,0.5,0,0,0,48.95343883008463,33.19040964336554,0,Clay,GreenCrop,зрошення застосовано,2024-07-22,0,F0150
81,F0150,FARM08,2024,Wheat,Wheat-V5,98.1767367492,ha,2024-03-20,2024-08-02,0,6.154148577013984,t_ha,6.154148577013984,0,0,13.887586144031957,106.7,0,236.79680690402165,mm,0,398.4629520447925,mm,0,14.52006634278223,0,0.67234810199588535,0.8160075951600447,0,0,0,48.95343883008463,33.19040964336554,0,Clay,GreenCrop,зрошення застосовано,2024-07-23,0,F0150
473,F0150,FARM08,2024,Wheat,Wheat-V5,98.1767367492,ha,2024-03-20,2024-08-02,0,6.154148577013984,t_ha,6.154148577013984,1,0,13.887586144031957,106.7,0,236.79680690402165,mm,0,398.4629520447925,mm,0,14.52006634278223,0,0.7299914516275748,0.8029989746864885,0,0,0,48.95343883008463,33.19040964336554,0,Clay,GreenCrop,зрошення застосовано,2024-08-20,0,F0150
1257,F0150,FARM08,2024,Wheat,Wheat-V5,98.2,ha,2024-03-20,2024-08-02,0,6.154148577013984,t_ha,6.154148577013984,0,0,13.887586144031957,106.7,0,236.79680690402165,mm,0,398.4629520447925,mm,0,14.52006634278223,0,0,0.6446592724882066,1,0,0,48.95343883008463,33.19040964336554,0,Clay,GreenCrop,зрошення застосовано,2024-08-24,0,F0150
1496,F0150,FARM08,2024,Wheat,Wheat-V5,98.2,ha,2024-03-20,2024-08-02,0,6.154148577013984,t_ha,6.154148577013984,0,0,13.887586144031957,106.7,0,236.79680690402165,mm,0,398.4629520447925,mm,0,14.52006634278223,0,0.7795259864302352,0.8619945750106126,0,0,0,48.95343883008463,33.19040964336554,0,Clay,GreenCrop,зрошення застосовано,2024-09-27,0,F0150
456,F0151,FARM11,2024,Corn,Corn-V2,70.7,ha,2024-03-13,2024-07-28,0,6.234272473026067,t_ha,6.234272473026067,0,0,19.714003268862143,42.3,4,183.3354412112385,mm,0,489.8867229465395,mm,0,20.457409860100597,0,0.5885941923130303,0.6925612407037988,0,0,0,49.43271184646711,32.97038999099192,1,Chernozem,AgroService Ltd,проблема з дренажем,2024-05-19,0,F0151
977,F0151,FARM11,2024,Corn,Corn-V2,70.7,ha,2024-03-13,2024-07-28,0,6.234272473026067,t_ha,6.234272473026067,0,0,19.714003268862143,42.3,4,183.3354412112385,mm,0,489.8867229465395,mm,0,20.457409860100597,0,0.7585344112245366,0.8955176174174995,0,0,0,49.43271184646711,32.97038999099192,0,Chernozem,AgroService Ltd,проблема з дренажем,2024-05-20,0,F0151
886,F0151,FARM11,2024,Corn,Corn-V2,70.7,ha,2024-03-13,2024-07-28,0,6.234272473026067,t_ha,6.234272473026067,0,0,19.714003268862143,42.3,4,183.3354412112385,mm,0,489.8867229465395,mm,0,20.457409860100597,0,0.5465072543825954,0.6722463718615472,0,0,0,49.43271184646711,32.97038999099192,0,Chernozem,AgroService Ltd,проблема з дренажем,2024-06-16,0,F0151
1076,F0151,FARM11,2024,Corn,Corn-V2,70.7,ha,2024-03-13,2024-07-28,0,6.234272473026067,t_ha,6.234272473026067,0,0,19.714003268862143,42.3,4,183.3354412112385,mm,0,489.8867229465395,mm,0,20.457409860100597,0,0.7555452819447964,0.844459716277197,0,0,0,49.43271184646711,32.97038999099192,0,Chernozem,AgroService Ltd,проблема з дренажем,2024-08-15,0,F0151
1365,F0151,FARM11,2024,Corn,Corn-V2,70.7,ha,2024-03-13,2024-07-28,0,6.234272473026067,t_ha,6.234272473026067,1,0,19.714003268862143,42.3,4,183.3354412112385,mm,0,489.8867229465395,mm,0,20.457409860100597,0,0.5583356394432485,0.6895856118761003,0,0,0,49.43271184646711,32.97038999099192,0,NA,AgroService Ltd,проблема з дренажем,2024-08-26,0,F0151
1500,F0151,FARM11,2024,Corn,Corn-V2,70.6985816574,ha,2024-03-13,2024-07-28,0,6.234272473026067,t_ha,6.234272473026067,1,0,19.714003268862143,42.3,4,183.3354412112385,mm,0,489.8867229465395,mm,0,20.457409860100597,0,0.712781434552744,0.8174342029262334,0,0,0,49.43271184646711,32.97038999099192,0,Chernozem,AgroService Ltd,проблема з дренажем,2024-09-03,0,F0151
476,F0151,FARM11,2024,Corn,Corn-V2,70.7,ha,2024-03-13,2024-07-28,0,6.234272473026067,t_ha,6.234272473026067,0,0,19.714003268862143,42.3,4,183.3354412112385,mm,0,489.8867229465395,mm,0,20.457409860100597,0,0.8451057903235778,0.8968193538021296,0,0,0,49.43271184646711,32.97038999099192,0,NA,AgroService Ltd,проблема з дренажем,2024-09-13,0,F0151
188,F0151,FARM11,2024,Corn,Corn-V2,70.7,ha,2024-03-13,2024-07-28,0,6.234272473026067,t_ha,6.234272473026067,0,0,19.714003268862143,42.3,4,183.3354412112385,mm,0,489.8867229465395,mm,0,20.457409860100597,0,NA,NA,0,0,0,49.43271184646711,32.97038999099192,0,Chernozem,AgroService Ltd,проблема з дренажем,2024-09-22,0,F0151
145,F0151,FARM11,2024,Corn,Corn-V2,70.6985816574,ha,2024-03-13,2024-07-28,0,6.234272473026067,t_ha,6.234272473026067,1,0,19.714003268862143,42.3,4,NA,NA,0,489.8867229465395,mm,0,20.457409860100597,0,0.4231662578182295,0.5710612363647669,0,0,0,49.43271184646711,32.97038999099192,0,Chernozem,AgroService Ltd,проблема з дренажем,2024-09-29,0,F0151
1172,F0152,FARM03,2024,Wheat,Wheat-V3,25.8,ha,2024-05-16,2024-09-18,0,5.5008091679774225,t_ha,5.5008091679774225,0,0,22.96561143663712,24.2,6,394.4960172404535,mm,0,581.9952062913217,mm,0,22.873982571763918,0,0.7231532874517143,0.8327253591036423,0,0,0,49.91272284011962,31.751929140125405,0,Clay,AgroService Ltd,зрошення застосовано,2024-05-15,0,F0152
962,F0152,FARM03,2024,Wheat,Wheat-V3,25.8594125238,ha,2024-05-16,2024-09-18,0,5.5008091679774225,t_ha,5.5008091679774225,0,0,22.96561143663712,24.2,6,394.4960172404535,mm,0,581.9952062913217,mm,0,22.873982571763918,0,0.3972313545178622,0.5011470155557617,0,0,0,49.91272284011962,31.751929140125405,0,Clay,AgroService Ltd,зрошення застосовано,2024-06-26,0,F0152
1072,F0152,FARM03,2024,Wheat,Wheat-V3,25.8,ha,2024-05-16,2024-09-18,0,5.5008091679774225,t_ha,5.5008091679774225,1,0,22.96561143663712,24.2,6,NA,NA,0,581.9952062913217,mm,0,22.873982571763918,0,0.7175077059306204,0.8163480809889734,0,0,0,49.91272284011962,31.751929140125405,0,Clay,AgroService Ltd,зрошення застосовано,2024-07-03,0,F0152
460,F0152,FARM03,2024,Wheat,Wheat-V3,25.8,ha,2024-05-16,2024-09-18,0,5.5008091679774225,t_ha,5.5008091679774225,1,0,22.96561143663712,24.2,6,394.4960172404535,mm,0,581.9952062913217,mm,0,22.873982571763918,0,0.8343893421348184,0.9090650552650913,0,0,0,49.91272284011962,31.751929140125405,0,NA,AgroService Ltd,зрошення застосовано,2024-07-15,0,F0152
1463,F0152,FARM03,2024,Wheat,Wheat-V3,25.8,ha,2024-05-16,2024-09-18,0,5.5008091679774225,t_ha,5.5008091679774225,1,0,22.96561143663712,24.2,6,394.4960172404535,mm,0,NA,NA,0,22.873982571763918,0,0.6660637632245198,0.7399829560425132,0,0,0,49.91272284011962,31.751929140125405,0,Clay,AgroService Ltd,зрошення застосовано,2024-07-17,0,F0152
126,F0152,FARM03,2024,Wheat,Wheat-V3,25.8594125238,ha,2024-05-16,2024-09-18,0,5.5008091679774225,t_ha,5.5008091679774225,1,0,22.96561143663712,24.2,6,394.4960172404535,mm,0,581.9952062913217,mm,0,22.873982571763918,0,0.45468833020422605,0.5411988188046962,0,0,0,49.91272284011962,31.751929140125405,0,Clay,AgroService Ltd,зрошення застосовано,2024-07-20,0,F0152
420,F0152,FARM03,2024,Wheat,Wheat-V3,25.8,ha,2024-05-16,2024-09-18,0,-0.018978972337208688,t_ha,-0.018978972337208688,0,1,22.96561143663712,24.2,6,394.4960172404535,mm,0,581.9952062913217,mm,0,22.873982571763918,0,0.679861378762871,0.7430645433487371,0,0,0,49.91272284011962,31.751929140125405,0,NA,AgroService Ltd,зрошення застосовано,2024-08-06,0,F0152
1265,F0152,FARM03,2024,Wheat,Wheat-V3,25.8,ha,2024-05-16,2024-09-18,0,5.5008091679774225,t_ha,5.5008091679774225,0,0,22.96561143663712,24.2,6,394.4960172404535,mm,0,581.9952062913217,mm,0,22.873982571763918,0,0.8352230933029204,0.9355873309774324,0,0,0,49.91272284011962,31.751929140125405,0,Clay,AgroService Ltd,зрошення застосовано,2024-08-23,0,F0152
530,F0152,FARM03,2024,Wheat,Wheat-V3,25.8,ha,2024-05-16,2024-09-18,0,5.5008091679774225,t_ha,5.5008091679774225,1,0,22.96561143663712,24.2,6,394.4960172404535,mm,0,NA,NA,0,22.873982571763918,0,0.446189679345116,0.5482562926132232,0,0,0,49.91272284011962,31.751929140125405,0,Clay,AgroService Ltd,зрошення застосовано,2024-09-23,0,F0152
238,F0153,FARM04,2024,Soy,Soy-V2,40.2,ha,2024-05-04,2024-10-13,0,3.7785891802050173,t_ha,3.7785891802050173,1,0,9.40988503023982,216.3,5,144.01558311656117,mm,0,516.24335416127,mm,0,16.376285347389057,0,0.7916496800258755,0.9170411654515191,0,0,0,49.09074176510796,33.68834777986352,0,Clay,AgroService Ltd,добре,2024-05-05,0,F0153
840,F0153,FARM04,2024,Soy,Soy-V2,40.2,ha,2024-05-04,2024-10-13,0,NA,NA,NA,0,0,9.40988503023982,216.3,5,144.01558311656117,mm,0,516.24335416127,mm,0,16.376285347389057,0,0.58141406243667,0.7178362023551017,0,0,0,49.09074176510796,33.68834777986352,0,NA,AgroService Ltd,добре,2024-06-16,0,F0153
882,F0153,FARM04,2024,Soy,Soy-V2,40.1852842506,ha,2024-05-04,2024-10-13,0,3.7785891802050173,t_ha,3.7785891802050173,0,0,9.40988503023982,216.3,5,144.01558311656117,mm,0,516.24335416127,mm,0,16.376285347389057,0,0.5717527329921722,0.6476019738940522,0,0,0,49.09074176510796,33.68834777986352,0,Clay,AgroService Ltd,добре,2024-07-17,0,F0153
161,F0153,FARM04,2024,Soy,Soy-V2,NA,NA,2024-05-04,2024-10-13,0,3.7785891802050173,t_ha,3.7785891802050173,0,0,9.40988503023982,216.3,5,144.01558311656117,mm,0,516.24335416127,mm,0,16.376285347389057,0,0.6341599715175107,0.692864629579708,0,0,0,49.09074176510796,33.68834777986352,0,Clay,AgroService Ltd,добре,2024-07-31,0,F0153
924,F0153,FARM04,2024,Soy,Soy-V2,40.2,ha,2024-05-04,2024-10-13,0,3.7785891802050173,t_ha,3.7785891802050173,0,0,9.40988503023982,216.3,5,144.01558311656117,mm,0,516.24335416127,mm,0,16.376285347389057,0,0.7678346314001828,0.8841250717407092,0,0,0,49.09074176510796,33.68834777986352,0,Clay,AgroService Ltd,добре,2024-08-22,0,F0153
1245,F0153,FARM04,2024,Soy,Soy-V2,40.1852842506,ha,2024-05-04,2024-10-13,0,3.7785891802050173,t_ha,3.7785891802050173,0,0,9.40988503023982,216.3,5,144.01558311656117,mm,0,516.24335416127,mm,0,16.376285347389057,0,0.4487932115094736,0.594943816633895,0,0,0,49.09074176510796,33.68834777986352,0,Clay,AgroService Ltd,добре,2024-09-10,0,F0153
1469,F0153,FARM04,2024,Soy,Soy-V2,40.2,ha,2024-05-04,2024-10-13,0,3.7785891802050173,t_ha,3.7785891802050173,0,0,9.40988503023982,216.3,5,144.01558311656117,mm,0,NA,NA,0,16.376285347389057,0,0.6141930788522586,0.6900795144727453,0,0,0,49.09074176510796,33.68834777986352,0,Clay,AgroService Ltd,добре,2024-09-14,0,F0153
883,F0154,FARM06,2024,Soy,Soy-V4,15.3375858318,ha,2024-03-31,2024-10-02,0,3.880203464999795,t_ha,3.880203464999795,0,0,21.664070404833183,108.6,0,287.03245611395687,mm,0,502.89698826381937,mm,0,17.845397881697863,0,0.6780388045823201,0.730602840310894,0,0,0,49.637026182342325,31.349870851341638,0,Sandy,AgroService Ltd,добре,2024-05-08,0,F0154
189,F0154,FARM06,2024,Soy,Soy-V4,15.3375858318,ha,2024-03-31,2024-10-02,0,3.880203464999795,t_ha,3.880203464999795,0,0,21.664070404833183,108.6,0,287.03245611395687,mm,0,502.89698826381937,mm,0,17.845397881697863,0,0.520820043887943,0.6070111708715558,0,0,0,49.637026182342325,31.349870851341638,0,Sandy,AgroService Ltd,добре,2024-06-04,0,F0154
170,F0154,FARM06,2024,Soy,Soy-V4,15.3,ha,2024-03-31,2024-10-02,0,3.880203464999795,t_ha,3.880203464999795,1,0,21.664070404833183,108.6,0,287.03245611395687,mm,0,502.89698826381937,mm,0,17.845397881697863,0,0.5795895570423454,0.6326213898602873,0,0,0,49.637026182342325,31.349870851341638,0,Sandy,AgroService Ltd,добре,2024-06-15,0,F0154
1281,F0154,FARM06,2024,Soy,Soy-V4,15.3375858318,ha,2024-03-31,2024-10-02,0,3.880203464999795,t_ha,3.880203464999795,0,0,21.664070404833183,108.6,0,287.03245611395687,mm,0,502.89698826381937,mm,0,17.845397881697863,0,0.6242137507302686,0.6849962493404745,0,0,0,49.637026182342325,31.349870851341638,0,Sandy,AgroService Ltd,добре,2024-06-28,0,F0154
499,F0154,FARM06,2024,Soy,Soy-V4,NA,NA,2024-03-31,2024-10-02,0,3.880203464999795,t_ha,3.880203464999795,0,0,21.664070404833183,108.6,0,287.03245611395687,mm,0,502.89698826381937,mm,0,17.845397881697863,0,0.7458717229543254,0.8797499823616817,0,0,0,49.637026182342325,31.349870851341638,0,Sandy,AgroService Ltd,добре,2024-07-14,0,F0154
597,F0154,FARM06,2024,Soy,Soy-V4,15.3,ha,2024-03-31,2024-10-02,0,3.880203464999795,t_ha,3.880203464999795,0,0,21.664070404833183,108.6,0,287.03245611395687,mm,0,502.89698826381937,mm,0,17.845397881697863,0,0.8405338567914441,0.95,0,0,0,49.637026182342325,31.349870851341638,0,NA,AgroService Ltd,добре,2024-07-22,0,F0154
698,F0154,FARM06,2024,Soy,Soy-V4,15.3375858318,ha,2024-03-31,2024-10-02,0,3.880203464999795,t_ha,3.880203464999795,0,0,21.664070404833183,108.6,0,287.03245611395687,mm,0,502.89698826381937,mm,0,17.845397881697863,0,0.6039182857144624,0.7053093245020136,0,0,0,49.637026182342325,31.349870851341638,0,Sandy,AgroService Ltd,добре,2024-09-15,0,F0154
903,F0154,FARM06,2024,Soy,Soy-V4,15.3,ha,2024-03-31,2024-10-02,0,3.880203464999795,t_ha,3.880203464999795,0,0,21.664070404833183,108.6,0,NA,mm,1,502.89698826381937,mm,0,17.845397881697863,0,0.44876915789209304,0.5802629593759775,0,0,0,49.637026182342325,31.349870851341638,0,Sandy,AgroService Ltd,добре,2024-09-28,0,F0154
1279,F0155,FARM12,2024,Wheat,Wheat-V4,55.7,ha,2024-05-07,2024-08-08,0,6.3813171030487865,t_ha,6.3813171030487865,1,0,9.874784131767228,83.4,5,0,mm,0,422.0934542710893,mm,0,19.4212010120973,0,0.4704155163140967,0.5758698004530742,0,0,0,49.641987479628064,32.22231671045022,0,Clay,UkrAgroTech,норма,2024-05-22,0,F0155
1284,F0155,FARM12,2024,Wheat,Wheat-V4,55.7,ha,2024-05-07,2024-08-08,0,6.3813171030487865,t_ha,6.3813171030487865,0,0,9.874784131767228,83.4,5,0,mm,0,422.0934542710893,mm,0,19.4212010120973,0,0.5594554589129984,0.6590864371508359,0,0,0,49.641987479628064,32.22231671045022,0,Clay,UkrAgroTech,норма,2024-05-31,0,F0155
863,F0155,FARM12,2024,Wheat,Wheat-V4,55.7,ha,2024-05-07,2024-08-08,0,6.3813171030487865,t_ha,6.3813171030487865,1,0,9.874784131767228,83.4,5,0,mm,0,422.0934542710893,mm,0,NA,1,0.5829922852804884,0.7102081476943567,0,0,0,49.641987479628064,32.22231671045022,0,Clay,UkrAgroTech,норма,2024-07-01,0,F0155
1466,F0155,FARM12,2024,Wheat,Wheat-V4,55.7,ha,2024-05-07,2024-08-08,0,6.3813171030487865,t_ha,6.3813171030487865,1,0,9.874784131767228,83.4,5,0,mm,0,422.0934542710893,mm,0,19.4212010120973,0,NA,NA,0,0,0,49.641987479628064,32.22231671045022,0,Clay,UkrAgroTech,норма,2024-08-03,0,F0155
69,F0155,FARM12,2024,Wheat,Wheat-V4,55.6847443392,ha,2024-05-07,2024-08-08,0,6.3813171030487865,t_ha,6.3813171030487865,1,0,9.874784131767228,83.4,5,0,mm,0,422.0934542710893,mm,0,19.4212010120973,0,0.49919084694702176,0.6380793504649773,0,0,0,49.641987479628064,32.22231671045022,0,NA,UkrAgroTech,норма,2024-08-30,0,F0155
562,F0155,FARM12,2024,Wheat,Wheat-V4,55.7,ha,2024-05-07,2024-08-08,0,6.3813171030487865,t_ha,6.3813171030487865,1,0,9.874784131767228,83.4,5,0,mm,0,NA,NA,0,19.4212010120973,0,0.49343378657940773,0.5612959910416976,0,0,0,49.641987479628064,32.22231671045022,0,Clay,UkrAgroTech,норма,2024-09-20,0,F0155
1390,F0155,FARM12,2024,Wheat,Wheat-V4,55.7,ha,2024-05-07,2024-08-08,0,6.3813171030487865,t_ha,6.3813171030487865,1,0,9.874784131767228,83.4,5,NA,NA,0,422.0934542710893,mm,0,19.4212010120973,0,0.3672031618421897,0.5,0,0,0,49.641987479628064,32.22231671045022,0,Clay,UkrAgroTech,норма,2024-09-29,0,F0155
676,F0156,FARM11,2024,Corn,Corn-V5,72.1149814044,ha,2024-04-04,2024-08-14,0,8.219290556153283,t_ha,8.219290556153283,0,0,24.276944635203108,130.8,3,78.51164541207254,mm,0,359.28360437974334,mm,0,22.235759356291965,0,0.8399742713896557,0.9207920247688889,0,0,0,49.31550892784772,30.349800994597377,0,Loam,AgroService Ltd,зрошення застосовано,2024-05-12,0,F0156
1204,F0156,FARM11,2024,Corn,Corn-V5,72.1,ha,2024-04-04,2024-08-14,0,8.219290556153283,t_ha,8.219290556153283,0,0,24.276944635203108,130.8,3,78.51164541207254,mm,0,359.28360437974334,mm,0,22.235759356291965,0,0.8279137697769329,0.95,0,0,0,49.31550892784772,30.349800994597377,0,Loam,AgroService Ltd,зрошення застосовано,2024-05-15,0,F0156
1030,F0156,FARM11,2024,Corn,Corn-V5,72.1,ha,2024-04-04,2024-08-14,0,8.219290556153283,t_ha,8.219290556153283,1,0,24.276944635203108,130.8,3,78.51164541207254,mm,0,NA,NA,0,22.235759356291965,0,0.6602849407447502,0.8520399060100317,0,1,0,49.31550892784772,30.349800994597377,0,Loam,AgroService Ltd,зрошення застосовано,2024-06-01,0,F0156
1145,F0156,FARM11,2024,Corn,Corn-V5,72.1149814044,ha,2024-04-04,2024-08-14,0,8.219290556153283,t_ha,8.219290556153283,0,0,24.276944635203108,130.8,3,78.51164541207254,mm,0,359.28360437974334,mm,0,22.235759356291965,0,0.8231650394387543,0.95,0,0,0,49.31550892784772,30.349800994597377,0,NA,AgroService Ltd,зрошення застосовано,2024-06-09,0,F0156
306,F0156,FARM11,2024,Corn,Corn-V5,72.1,ha,2024-04-04,2024-08-14,0,8.219290556153283,t_ha,8.219290556153283,1,0,24.276944635203108,130.8,3,78.51164541207254,mm,0,359.28360437974334,mm,0,22.235759356291965,0,NA,NA,0,0,0,49.31550892784772,30.349800994597377,0,Loam,AgroService Ltd,зрошення застосовано,2024-06-17,0,F0156
411,F0156,FARM11,2024,Corn,Corn-V5,72.1,ha,2024-04-04,2024-08-14,0,8.219290556153283,t_ha,8.219290556153283,1,0,24.276944635203108,130.8,3,78.51164541207254,mm,0,359.28360437974334,mm,0,22.235759356291965,0,NA,NA,0,0,0,49.31550892784772,30.349800994597377,0,Loam,AgroService Ltd,зрошення застосовано,2024-06-24,0,F0156
942,F0156,FARM11,2024,Corn,Corn-V5,72.1,ha,2024-04-04,2024-08-14,0,8.219290556153283,t_ha,8.219290556153283,1,0,24.276944635203108,130.8,3,78.51164541207254,mm,0,359.28360437974334,mm,0,22.235759356291965,0,0.7431056323926896,0.7958195858402177,0,0,0,49.31550892784772,30.349800994597377,0,NA,AgroService Ltd,зрошення застосовано,2024-07-27,0,F0156
1119,F0156,FARM11,2024,Corn,Corn-V5,72.1149814044,ha,2024-04-04,2024-08-14,0,8.219290556153283,t_ha,8.219290556153283,0,0,24.276944635203108,130.8,3,NA,NA,0,359.28360437974334,mm,0,22.235759356291965,0,0.795473967702128,0.8572248399723321,0,0,0,49.31550892784772,30.349800994597377,0,Loam,AgroService Ltd,зрошення застосовано,2024-07-30,0,F0156
1074,F0156,FARM11,2024,Corn,Corn-V5,72.1,ha,2024-04-04,2024-08-14,0,8.219290556153283,t_ha,8.219290556153283,0,0,24.276944635203108,130.8,3,78.51164541207254,mm,0,359.28360437974334,mm,0,22.235759356291965,0,0.6750975698465481,0.7868147708941251,0,0,0,49.31550892784772,30.349800994597377,0,Loam,AgroService Ltd,зрошення застосовано,2024-08-11,0,F0156
1166,F0157,FARM08,2024,Wheat,Wheat-V1,107.3,ha,2024-05-14,2024-09-13,0,NA,t_ha,NA,0,0,33.100179970031604,174,6,0,mm,0,517.6518210209906,mm,0,20.84256383473985,0,0.7571014216169715,0.8273185825441033,0,0,0,49.663739359313624,30.301349016147668,0,Chernozem,Pole Plus,перевірити,2024-05-01,0,F0157
1368,F0157,FARM08,2024,Wheat,Wheat-V1,107.32263225839999,ha,2024-05-14,2024-09-13,0,NA,t_ha,NA,0,0,33.100179970031604,174,6,0,mm,0,517.6518210209906,mm,0,20.84256383473985,0,0.5519712002947926,0.6685821531806141,0,0,0,49.663739359313624,30.301349016147668,0,Chernozem,Pole Plus,перевірити,2024-07-06,0,F0157
533,F0157,FARM08,2024,Wheat,Wheat-V1,107.3,ha,2024-05-14,2024-09-13,0,NA,t_ha,NA,0,0,33.100179970031604,174,6,0,mm,0,517.6518210209906,mm,0,20.84256383473985,0,0.5534202222712338,0.61839257921092206,0,0,0,49.663739359313624,30.301349016147668,0,Chernozem,Pole Plus,перевірити,2024-08-20,0,F0157
1294,F0157,FARM08,2024,Wheat,Wheat-V1,107.3,ha,2024-05-14,2024-09-13,0,NA,t_ha,NA,0,0,33.100179970031604,174,6,0,mm,0,NA,NA,0,20.84256383473985,0,0.5486512443982065,0.6816275673685595,0,0,0,49.663739359313624,30.301349016147668,0,Chernozem,Pole Plus,перевірити,2024-08-27,0,F0157
323,F0157,FARM08,2024,Wheat,Wheat-V1,107.32263225839999,ha,2024-05-14,2024-09-13,0,NA,t_ha,NA,0,0,33.100179970031604,174,6,0,mm,0,517.6518210209906,mm,0,20.84256383473985,0,0.6572934326482937,0.7466057685902342,0,0,0,49.663739359313624,30.301349016147668,0,Chernozem,Pole Plus,перевірити,2024-09-06,0,F0157
725,F0157,FARM08,2024,Wheat,Wheat-V1,107.3,ha,2024-05-14,2024-09-13,0,NA,t_ha,NA,0,0,33.100179970031604,174,6,0,mm,0,517.6518210209906,mm,0,20.84256383473985,0,0.4923865089891478,0.6396458241855725,0,0,0,49.663739359313624,30.301349016147668,0,Chernozem,Pole Plus,перевірити,2024-09-15,0,F0157
1113,F0157,FARM08,2024,Wheat,Wheat-V1,107.3,ha,2024-05-14,2024-09-13,0,NA,t_ha,NA,0,0,33.100179970031604,174,6,0,mm,0,517.6518210209906,mm,0,20.84256383473985,0,0.5006291277473792,0.6077898398507386,0,0,0,49.663739359313624,30.301349016147668,0,Chernozem,Pole Plus,перевірити,2024-09-30,0,F0157
913,F0158,FARM02,2024,Corn,Corn-V2,23.8,ha,2024-03-17,2024-08-14,0,9.860857026651502,t_ha,9.860857026651502,1,0,23.752378524281085,190,1,60.17084104241803,mm,0,625.7864419021644,mm,0,18.140505565097556,0,0.36279526855796573,0.5,0,0,0,48.561455279117915,30.658290432276207,0,Loam,UkrAgroTech,норма,2024-06-07,0,F0158
949,F0158,FARM02,2024,Corn,Corn-V2,23.8,ha,2024-03-17,2024-08-14,0,NA,NA,NA,0,0,23.752378524281085,190,1,60.17084104241803,mm,0,625.7864419021644,mm,0,18.140505565097556,0,0.3326398772653192,0.5,0,1,0,48.561455279117915,30.658290432276207,0,Loam,UkrAgroTech,норма,2024-06-16,0,F0158
372,F0158,FARM02,2024,Corn,Corn-V2,23.8,ha,2024-03-17,2024-08-14,0,9.860857026651502,t_ha,9.860857026651502,0,0,23.752378524281085,190,1,NA,NA,0,625.7864419021644,mm,0,18.140505565097556,0,0.8331932910019532,0.95,0,0,0,48.561455279117915,30.658290432276207,0,Loam,UkrAgroTech,норма,2024-07-01,0,F0158
870,F0158,FARM02,2024,Corn,Corn-V2,23.8,ha,2024-03-17,2024-08-14,0,9.860857026651502,t_ha,9.860857026651502,1,0,23.752378524281085,190,1,60.17084104241803,mm,0,625.7864419021644,mm,0,18.140505565097556,0,0.7269974267343059,0.7803806628333404,0,0,0,48.561455279117915,30.658290432276207,0,Loam,UkrAgroTech,норма,2024-07-06,0,F0158
591,F0158,FARM02,2024,Corn,Corn-V2,23.8359843138,ha,2024-03-17,2024-08-14,0,9.860857026651502,t_ha,9.860857026651502,0,0,23.752378524281085,190,1,60.17084104241803,mm,0,625.7864419021644,mm,0,18.140505565097556,0,0.5334130702773109,0.677501862659119,0,0,0,48.561455279117915,30.658290432276207,0,Loam,UkrAgroTech,норма,2024-08-10,0,F0158
694,F0158,FARM02,2024,Corn,Corn-V2,23.8,ha,2024-03-17,2024-08-14,0,9.860857026651502,t_ha,9.860857026651502,1,0,23.752378524281085,190,1,60.17084104241803,mm,0,625.7864419021644,mm,0,NA,1,0.8497964444337412,0.9062325099017471,0,0,0,48.561455279117915,30.658290432276207,0,Loam,UkrAgroTech,норма,2024-08-25,0,F0158
967,F0158,FARM02,2024,Corn,Corn-V2,23.8,ha,2024-03-17,2024-08-14,0,9.860857026651502,t_ha,9.860857026651502,1,0,23.752378524281085,190,1,60.17084104241803,mm,0,625.7864419021644,mm,0,18.140505565097556,0,0.8193695992464199,0.9141948550939559,0,0,0,48.561455279117915,30.658290432276207,0,Loam,UkrAgroTech,норма,2024-09-29,0,F0158
106,F0159,FARM05,2024,Soy,Soy-V3,33.4,ha,2024-04-01,2024-09-27,0,2.6886429379228503,t_ha,2.6886429379228503,0,0,31.782064005499706,135.1,5,NA,NA,0,670.4425037140027,mm,0,15.658486388856545,0,0,0.9164611464599147,1,0,0,49.43161847706465,33.26612068808126,0,Clay,AgroService Ltd,перевірити,2024-05-16,0,F0159
1428,F0159,FARM05,2024,Soy,Soy-V3,33.4,ha,2024-04-01,2024-09-27,0,2.6886429379228503,t_ha,2.6886429379228503,1,0,31.782064005499706,135.1,5,225.66881695529446,mm,0,670.4425037140027,mm,0,15.658486388856545,0,0.6178997890325263,0.7409007739741355,0,0,0,49.43161847706465,33.26612068808126,0,Clay,AgroService Ltd,перевірити,2024-05-18,0,F0159
525,F0159,FARM05,2024,Soy,Soy-V3,33.4,ha,2024-04-01,2024-09-27,0,2.6886429379228503,t_ha,2.6886429379228503,1,0,31.782064005499706,135.1,5,225.66881695529446,mm,0,670.4425037140027,mm,0,15.658486388856545,0,0.750693466886878,0.8424308181740343,0,0,0,49.43161847706465,33.26612068808126,0,Clay,AgroService Ltd,перевірити,2024-05-26,0,F0159
1162,F0159,FARM05,2024,Soy,Soy-V3,33.346096900800006,ha,2024-04-01,2024-09-27,0,NA,NA,NA,0,0,31.782064005499706,135.1,5,225.66881695529446,mm,0,670.4425037140027,mm,0,15.658486388856545,0,0.5331875336356461,0.6507505221059545,0,0,0,49.43161847706465,33.26612068808126,0,Clay,AgroService Ltd,перевірити,2024-05-31,0,F0159
226,F0159,FARM05,2024,Soy,Soy-V3,33.346096900800006,ha,2024-04-01,2024-09-27,0,2.6886429379228503,t_ha,2.6886429379228503,1,0,31.782064005499706,135.1,5,225.66881695529446,mm,0,670.4425037140027,mm,0,15.658486388856545,0,0.7265241050859913,0.8415878651663661,0,0,0,49.43161847706465,33.26612068808126,0,NA,AgroService Ltd,перевірити,2024-06-19,0,F0159
599,F0159,FARM05,2024,Soy,Soy-V3,33.346096900800006,ha,2024-04-01,2024-09-27,0,NA,NA,NA,0,0,31.782064005499706,135.1,5,225.66881695529446,mm,0,670.4425037140027,mm,0,15.658486388856545,0,0.6606249695410952,0.771105750882998,0,0,0,49.43161847706465,33.26612068808126,0,Clay,AgroService Ltd,перевірити,2024-07-31,0,F0159
1328,F0159,FARM05,2024,Soy,Soy-V3,NA,NA,2024-04-01,2024-09-27,0,2.6886429379228503,t_ha,2.6886429379228503,1,0,31.782064005499706,135.1,5,NA,NA,0,670.4425037140027,mm,0,15.658486388856545,0,0.6355400792323053,0.7490597801748663,0,0,0,49.43161847706465,33.26612068808126,0,NA,AgroService Ltd,перевірити,2024-09-03,0,F0159
1337,F0159,FARM05,2024,Soy,Soy-V3,NA,NA,2024-04-01,2024-09-27,0,2.6886429379228503,t_ha,2.6886429379228503,0,0,31.782064005499706,135.1,5,225.66881695529446,mm,0,670.4425037140027,mm,0,15.658486388856545,0,0.8293752488913014,0.9199693869100883,0,0,0,49.43161847706465,33.26612068808126,0,Clay,AgroService Ltd,перевірити,2024-09-30,0,F0159
1209,F0160,FARM07,2024,Soy,Soy-V3,37.2,ha,2024-04-03,2024-07-28,0,NA,NA,NA,0,0,18.93694700789638,147.3,5,0,mm,0,621.0919548524544,mm,0,16.6361293643713,0,NA,NA,0,0,0,49.85855520456238,31.976748563845177,0,Chernozem,Field Master,перевірити,2024-05-16,0,F0160
17,F0160,FARM07,2024,Soy,Soy-V3,37.1906104998,ha,2024-04-03,2024-07-28,0,2.870343387243338,t_ha,2.870343387243338,0,0,18.93694700789638,147.3,5,0,mm,0,NA,NA,0,16.6361293643713,0,0.7234189315000549,0.8661693028407171,0,0,0,49.85855520456238,31.976748563845177,0,Chernozem,Field Master,перевірити,2024-05-21,0,F0160
927,F0160,FARM07,2024,Soy,Soy-V3,37.2,ha,2024-04-03,2024-07-28,0,2.870343387243338,t_ha,2.870343387243338,0,0,18.93694700789638,147.3,5,0,mm,0,621.0919548524544,mm,0,16.6361293643713,0,0.7214129261206835,0.8262603230541572,0,0,0,49.85855520456238,31.976748563845177,0,Chernozem,Field Master,перевірити,2024-05-30,0,F0160
1367,F0160,FARM07,2024,Soy,Soy-V3,NA,NA,2024-04-03,2024-07-28,0,2.870343387243338,t_ha,2.870343387243338,0,0,18.93694700789638,147.3,5,0,mm,0,621.0919548524544,mm,0,16.6361293643713,0,0.4444820666918531,0.5723755138693377,0,0,0,49.85855520456238,31.976748563845177,0,Chernozem,Field Master,перевірити,2024-06-07,0,F0160
790,F0160,FARM07,2024,Soy,Soy-V3,37.2,ha,2024-04-03,2024-07-28,0,2.870343387243338,t_ha,2.870343387243338,0,0,18.93694700789638,147.3,5,0,mm,0,621.0919548524544,mm,0,16.6361293643713,0,0.4808883501915261,0.6270573007175699,0,0,0,49.85855520456238,31.976748563845177,0,Chernozem,Field Master,перевірити,2024-06-11,0,F0160
808,F0160,FARM07,2024,Soy,Soy-V3,37.2,ha,2024-04-03,2024-07-28,0,2.870343387243338,t_ha,2.870343387243338,0,0,18.93694700789638,147.3,5,0,mm,0,621.0919548524544,mm,0,16.6361293643713,0,0.5795801953878253,0.664833285450004,0,0,0,49.85855520456238,31.976748563845177,0,Chernozem,Field Master,перевірити,2024-06-16,0,F0160
1115,F0160,FARM07,2024,Soy,Soy-V3,37.2,ha,2024-04-03,2024-07-28,0,2.870343387243338,t_ha,2.870343387243338,0,0,18.93694700789638,147.3,5,NA,NA,0,621.0919548524544,mm,0,16.6361293643713,0,NA,NA,0,0,0,49.85855520456238,31.976748563845177,0,Chernozem,Field Master,перевірити,2024-07-17,0,F0160
853,F0160,FARM07,2024,Soy,Soy-V3,37.1906104998,ha,2024-04-03,2024-07-28,0,2.870343387243338,t_ha,2.870343387243338,0,0,18.93694700789638,147.3,5,0,mm,0,621.0919548524544,mm,0,16.6361293643713,0,NA,NA,0,0,0,49.85855520456238,31.976748563845177,0,Chernozem,Field Master,перевірити,2024-08-03,0,F0160
495,F0160,FARM07,2024,Soy,Soy-V3,37.1906104998,ha,2024-04-03,2024-07-28,0,2.870343387243338,t_ha,2.870343387243338,0,0,18.93694700789638,147.3,5,0,mm,0,621.0919548524544,mm,0,16.6361293643713,0,0.7287132976576686,0.8749317490961402,0,0,0,49.85855520456238,31.976748563845177,0,Chernozem,Field Master,перевірити,2024-09-28,0,F0160
1045,F0161,FARM03,2024,Wheat,Wheat-V2,43.6,ha,2024-04-24,2024-09-18,0,7.183228362817317,t_ha,7.183228362817317,1,0,19.30367785040289,114.6,2,0,mm,0,693.4982943348587,mm,0,22.691886255517602,0,0.3984150998527184,0.5,0,0,0,48.78854147093929,31.042263055078223,0,Sandy,GreenCrop,добре,2024-05-14,0,F0161
48,F0161,FARM03,2024,Wheat,Wheat-V2,43.6,ha,2024-04-24,2024-09-18,0,25.759885869920254,t_ha,25.759885869920254,0,1,19.30367785040289,114.6,2,0,mm,0,693.4982943348587,mm,0,22.691886255517602,0,0.5289705924456939,0.6238795876968651,0,0,0,48.78854147093929,31.042263055078223,0,Sandy,GreenCrop,добре,2024-05-22,0,F0161
512,F0161,FARM03,2024,Wheat,Wheat-V2,43.6251122076,ha,2024-04-24,2024-09-18,0,NA,NA,NA,0,0,19.30367785040289,114.6,2,0,mm,0,693.4982943348587,mm,0,22.691886255517602,0,0.3556949239224195,0.5,0,0,0,48.78854147093929,31.042263055078223,0,Sandy,GreenCrop,добре,2024-06-25,0,F0161
1040,F0161,FARM03,2024,Wheat,Wheat-V2,43.6251122076,ha,2024-04-24,2024-09-18,0,NA,NA,NA,0,0,19.30367785040289,114.6,2,0,mm,0,693.4982943348587,mm,0,22.691886255517602,0,0.5658559330273419,0.7028606347739697,0,0,0,48.78854147093929,31.042263055078223,0,Sandy,GreenCrop,добре,2024-07-06,0,F0161
520,F0161,FARM03,2024,Wheat,Wheat-V2,43.6,ha,2024-04-24,2024-09-18,0,NA,NA,NA,0,0,19.30367785040289,114.6,2,0,mm,0,693.4982943348587,mm,0,22.691886255517602,0,0.5576756019378081,0.6111973010003566,0,0,0,48.78854147093929,31.042263055078223,0,Sandy,GreenCrop,добре,2024-08-04,0,F0161
894,F0161,FARM03,2024,Wheat,Wheat-V2,43.6,ha,2024-04-24,2024-09-18,0,7.183228362817317,t_ha,7.183228362817317,0,0,19.30367785040289,114.6,2,0,mm,0,693.4982943348587,mm,0,22.691886255517602,0,0.7619172712089494,0.8582926892442628,0,0,0,48.78854147093929,31.042263055078223,0,Sandy,GreenCrop,добре,2024-08-29,0,F0161
777,F0161,FARM03,2024,Wheat,Wheat-V2,43.6251122076,ha,2024-04-24,2024-09-18,0,NA,NA,NA,0,0,19.30367785040289,114.6,2,0,mm,0,693.4982943348587,mm,0,22.691886255517602,0,NA,NA,0,0,0,48.78854147093929,31.042263055078223,0,Sandy,GreenCrop,добре,2024-09-12,0,F0161
349,F0162,FARM02,2024,Soy,Soy-V5,22.9861444656,ha,2024-03-31,2024-07-30,0,2.939051337656565,t_ha,2.939051337656565,1,0,12.916325388010591,218.6,6,382.3411257471889,mm,0,374.05488450312987,mm,0,18.141030692961067,0,0.40265181278809903,0.5478296231245622,0,0,0,49.75033556248946,29.383213261691388,0,Sandy,AgroService Ltd,зрошення застосовано,2024-05-22,0,F0162
862,F0162,FARM02,2024,Soy,Soy-V5,23,ha,2024-03-31,2024-07-30,0,2.939051337656565,t_ha,2.939051337656565,0,0,12.916325388010591,218.6,6,382.3411257471889,mm,0,374.05488450312987,mm,0,18.141030692961067,0,0.7510928450152278,0.82739255165215575,0,0,0,49.75033556248946,29.383213261691388,0,Sandy,AgroService Ltd,зрошення застосовано,2024-05-28,0,F0162
791,F0162,FARM02,2024,Soy,Soy-V5,NA,NA,2024-03-31,2024-07-30,0,2.939051337656565,t_ha,2.939051337656565,1,0,12.916325388010591,218.6,6,382.3411257471889,mm,0,374.05488450312987,mm,0,NA,1,0.40182654713280497,0.5267513318685815,0,0,0,49.75033556248946,29.383213261691388,0,Sandy,AgroService Ltd,зрошення застосовано,2024-06-16,0,F0162
114,F0162,FARM02,2024,Soy,Soy-V5,23,ha,2024-03-31,2024-07-30,0,2.939051337656565,t_ha,2.939051337656565,1,0,12.916325388010591,218.6,6,382.3411257471889,mm,0,374.05488450312987,mm,0,18.141030692961067,0,0.4000208451412618,0.5,0,0,0,49.75033556248946,29.383213261691388,0,Sandy,AgroService Ltd,зрошення застосовано,2024-06-22,0,F0162
312,F0162,FARM02,2024,Soy,Soy-V5,23,ha,2024-03-31,2024-07-30,0,2.939051337656565,t_ha,2.939051337656565,1,0,12.916325388010591,218.6,6,382.3411257471889,mm,0,374.05488450312987,mm,0,18.141030692961067,0,NA,NA,0,0,0,49.75033556248946,29.383213261691388,0,NA,AgroService Ltd,зрошення застосовано,2024-07-02,0,F0162
1427,F0162,FARM02,2024,Soy,Soy-V5,22.9861444656,ha,2024-03-31,2024-07-30,0,2.939051337656565,t_ha,2.939051337656565,1,0,12.916325388010591,218.6,6,382.3411257471889,mm,0,374.05488450312987,mm,0,18.141030692961067,0,0.3574062464991584,0.5,0,0,0,49.75033556248946,29.383213261691388,0,Sandy,AgroService Ltd,зрошення застосовано,2024-08-09,0,F0162
1293,F0162,FARM02,2024,Soy,Soy-V5,23,ha,2024-03-31,2024-07-30,0,2.939051337656565,t_ha,2.939051337656565,1,0,12.916325388010591,218.6,6,382.3411257471889,mm,0,374.05488450312987,mm,0,18.141030692961067,0,0.5592714271275326,0.6918936554808169,0,0,0,NA,NA,0,Sandy,AgroService Ltd,зрошення застосовано,2024-09-08,0,F0162
1099,F0163,FARM10,2024,Wheat,Wheat-V5,25.1,ha,2024-04-10,2024-08-31,0,NA,t_ha,NA,0,0,34.07951688673347,124.4,2,0,mm,0,152.8782540000975,mm,0,13.290560345165431,0,NA,NA,0,0,0,49.66298577970546,29.82237800655235,0,Loam,GreenCrop,добре,2024-05-27,0,F0163
937,F0163,FARM10,2024,Wheat,Wheat-V5,25.1,ha,2024-04-10,2024-08-31,0,NA,t_ha,NA,0,0,34.07951688673347,124.4,2,0,mm,0,152.8782540000975,mm,0,13.290560345165431,0,NA,NA,0,0,0,49.66298577970546,29.82237800655235,0,Loam,GreenCrop,добре,2024-05-29,0,F0163
397,F0163,FARM10,2024,Wheat,Wheat-V5,25.1,ha,2024-04-10,2024-08-31,0,NA,t_ha,NA,0,0,34.07951688673347,124.4,2,0,mm,0,152.8782540000975,mm,0,13.290560345165431,0,NA,NA,0,0,0,49.66298577970546,29.82237800655235,0,NA,GreenCrop,добре,2024-05-30,0,F0163
454,F0163,FARM10,2024,Wheat,Wheat-V5,25.1309783682,ha,2024-04-10,2024-08-31,0,NA,t_ha,NA,0,0,34.07951688673347,124.4,2,0,mm,0,152.8782540000975,mm,0,13.290560345165431,0,NA,NA,0,0,0,49.66298577970546,29.82237800655235,0,Loam,GreenCrop,добре,2024-06-17,0,F0163
581,F0163,FARM10,2024,Wheat,Wheat-V5,NA,NA,2024-04-10,2024-08-31,0,NA,t_ha,NA,0,0,34.07951688673347,124.4,2,0,mm,0,152.8782540000975,mm,0,13.290560345165431,0,NA,NA,0,0,0,49.66298577970546,29.82237800655235,0,Loam,GreenCrop,добре,2024-06-24,0,F0163
290,F0163,FARM10,2024,Wheat,Wheat-V5,25.1309783682,ha,2024-04-10,2024-08-31,0,NA,t_ha,NA,0,0,34.07951688673347,124.4,2,0,mm,0,152.8782540000975,mm,0,13.290560345165431,0,NA,NA,0,0,0,49.66298577970546,29.82237800655235,0,Loam,GreenCrop,добре,2024-07-17,0,F0163
1110,F0163,FARM10,2024,Wheat,Wheat-V5,25.1309783682,ha,2024-04-10,2024-08-31,0,NA,t_ha,NA,0,0,34.07951688673347,124.4,2,0,mm,0,152.8782540000975,mm,0,13.290560345165431,0,0.8493796782800928,0.95,0,0,0,49.66298577970546,29.82237800655235,0,Loam,GreenCrop,добре,2024-07-29,0,F0163
1369,F0163,FARM10,2024,Wheat,Wheat-V5,25.1,ha,2024-04-10,2024-08-31,0,NA,t_ha,NA,0,0,8,124.4,2,0,mm,0,152.8782540000975,mm,0,13.290560345165431,0,0.7070415080757811,0.7905476057901978,0,0,0,49.66298577970546,29.82237800655235,0,Loam,GreenCrop,добре,2024-08-04,0,F0163
973,F0163,FARM10,2024,Wheat,Wheat-V5,25.1309783682,ha,2024-04-10,2024-08-31,0,NA,NA,NA,0,0,34.07951688673347,124.4,2,0,mm,0,152.8782540000975,mm,0,13.290560345165431,0,0.778409224608913,0.8421460234560072,0,0,0,49.66298577970546,29.82237800655235,0,Loam,GreenCrop,добре,2024-09-05,0,F0163
850,F0163,FARM10,2024,Wheat,Wheat-V5,25.1,ha,2024-04-10,2024-08-31,0,NA,t_ha,NA,0,0,34.07951688673347,124.4,2,0,mm,0,152.8782540000975,mm,0,13.290560345165431,0,0.7775642079301178,0.9137384952511638,0,0,0,49.66298577970546,29.82237800655235,0,Loam,GreenCrop,добре,2024-09-23,0,F0163
194,F0164,FARM03,2024,Corn,Corn-V4,85.0649219484,ha,2024-04-30,2024-10-11,0,NA,t_ha,NA,0,0,33.77032370865345,215.2,0,73.30882124369964,mm,0,592.9097151616588,mm,0,15.549476432148367,0,0.49725817833095787,0.5916635525645688,0,0,0,49.914415598589464,30.158200040886644,0,Clay,UkrAgroTech,зрошення застосовано,2024-05-03,0,F0164
82,F0164,FARM03,2024,Corn,Corn-V4,NA,NA,2024-04-30,2024-10-11,0,NA,t_ha,NA,0,0,33.77032370865345,215.2,0,NA,NA,0,592.9097151616588,mm,0,15.549476432148367,0,0.5424477126449346,0.609636127972044,0,0,0,49.914415598589464,30.158200040886644,0,Clay,UkrAgroTech,зрошення застосовано,2024-06-14,0,F0164
111,F0164,FARM03,2024,Corn,Corn-V4,NA,NA,2024-04-30,2024-10-11,0,NA,t_ha,NA,0,0,33.77032370865345,215.2,0,73.30882124369964,mm,0,NA,NA,0,15.549476432148367,0,0.800784433633089,0.9112916584126651,0,0,0,49.914415598589464,30.158200040886644,0,NA,UkrAgroTech,зрошення застосовано,2024-07-02,0,F0164
670,F0164,FARM03,2024,Corn,Corn-V4,85.1,ha,2024-04-30,2024-10-11,0,NA,t_ha,NA,0,0,33.77032370865345,215.2,0,73.30882124369964,mm,0,592.9097151616588,mm,0,15.549476432148367,0,NA,NA,0,0,0,49.914415598589464,30.158200040886644,0,Clay,UkrAgroTech,зрошення застосовано,2024-08-09,0,F0164
1163,F0164,FARM03,2024,Corn,Corn-V4,85.0649219484,ha,2024-04-30,2024-10-11,0,NA,t_ha,NA,0,0,33.77032370865345,215.2,0,73.30882124369964,mm,0,NA,NA,0,15.549476432148367,0,0.46955293966457246,0.5261347081745044,0,0,0,49.914415598589464,30.158200040886644,0,Clay,UkrAgroTech,зрошення застосовано,2024-08-14,0,F0164
959,F0164,FARM03,2024,Corn,Corn-V4,85.1,ha,2024-04-30,2024-10-11,0,NA,t_ha,NA,0,0,33.77032370865345,215.2,0,73.30882124369964,mm,0,592.9097151616588,mm,0,15.549476432148367,0,0.3557901801774278,0.5,0,0,0,49.914415598589464,30.158200040886644,0,Clay,UkrAgroTech,зрошення застосовано,2024-08-17,0,F0164
269,F0164,FARM03,2024,Corn,Corn-V4,85.1,ha,2024-04-30,2024-10-11,0,NA,t_ha,NA,0,0,33.77032370865345,215.2,0,73.30882124369964,mm,0,592.9097151616588,mm,0,15.549476432148367,0,0.8094880623044446,0.9085804799338802,0,0,0,49.914415598589464,30.158200040886644,0,Clay,UkrAgroTech,зрошення застосовано,2024-09-02,0,F0164
998,F0165,FARM02,2024,Wheat,Wheat-V1,10.9,ha,2024-04-05,2024-08-07,0,5.765860571525991,t_ha,5.765860571525991,0,0,15.70379905984737,86.7,2,263.34470976144075,mm,0,332.7344842487946,mm,0,15.95848182309419,0,0.5545715997228399,0.6360519984271377,0,0,0,49.17852524817828,33.677258818270175,0,Loam,Field Master,проблема з дренажем,2024-05-07,0,F0165
524,F0165,FARM02,2024,Wheat,Wheat-V1,10.9,ha,2024-04-05,2024-08-07,0,5.765860571525991,t_ha,5.765860571525991,1,0,15.70379905984737,86.7,2,263.34470976144075,mm,0,332.7344842487946,mm,0,15.95848182309419,0,0.6004663354484364,0.7066108210245147,0,0,0,49.17852524817828,33.677258818270175,0,Loam,Field Master,проблема з дренажем,2024-05-21,0,F0165
1197,F0165,FARM02,2024,Wheat,Wheat-V1,10.9,ha,2024-04-05,2024-08-07,0,NA,NA,NA,0,0,15.70379905984737,86.7,2,263.34470976144075,mm,0,332.7344842487946,mm,0,15.95848182309419,0,0.4841058927355334,0.5948362516704946,0,0,0,49.17852524817828,33.677258818270175,0,Loam,Field Master,проблема з дренажем,2024-05-22,0,F0165
146,F0165,FARM02,2024,Wheat,Wheat-V1,10.845575205600001,ha,2024-04-05,2024-08-07,0,5.765860571525991,t_ha,5.765860571525991,1,0,15.70379905984737,86.7,2,263.34470976144075,mm,0,332.7344842487946,mm,0,15.95848182309419,0,0.6191729167709127,0.6991117597790435,0,0,0,49.17852524817828,33.677258818270175,0,Loam,Field Master,проблема з дренажем,2024-06-10,0,F0165
400,F0165,FARM02,2024,Wheat,Wheat-V1,10.9,ha,2024-04-05,2024-08-07,0,5.765860571525991,t_ha,5.765860571525991,0,0,15.70379905984737,86.7,2,263.34470976144075,mm,0,332.7344842487946,mm,0,15.95848182309419,0,NA,NA,0,0,0,49.17852524817828,33.677258818270175,0,Loam,Field Master,проблема з дренажем,2024-06-28,0,F0165
639,F0165,FARM02,2024,Wheat,Wheat-V1,10.845575205600001,ha,2024-04-05,2024-08-07,0,5.765860571525991,t_ha,5.765860571525991,0,0,15.70379905984737,86.7,2,263.34470976144075,mm,0,332.7344842487946,mm,0,15.95848182309419,0,NA,NA,0,0,0,49.17852524817828,33.677258818270175,0,Loam,Field Master,проблема з дренажем,2024-07-18,0,F0165
219,F0165,FARM02,2024,Wheat,Wheat-V1,10.9,ha,2024-04-05,2024-08-07,0,NA,NA,NA,0,0,15.70379905984737,86.7,2,263.34470976144075,mm,0,332.7344842487946,mm,0,15.95848182309419,0,0.5821593419183045,0.6598515195772051,0,0,0,49.17852524817828,33.677258818270175,0,Loam,Field Master,проблема з дренажем,2024-08-17,0,F0165
237,F0165,FARM02,2024,Wheat,Wheat-V1,10.9,ha,2024-04-05,2024-08-07,0,5.765860571525991,t_ha,5.765860571525991,0,0,15.70379905984737,86.7,2,263.34470976144075,mm,0,NA,NA,0,15.95848182309419,0,0.3888643421465531,0.5,0,0,0,49.17852524817828,33.677258818270175,0,Loam,Field Master,проблема з дренажем,2024-09-26,0,F0165
1126,F0166,FARM05,2024,Wheat,Wheat-V3,7.9,ha,2024-03-22,2024-09-21,0,3.4489760100841522,t_ha,3.4489760100841522,1,0,21.413335915654898,160.7,0,379.64964722050354,mm,0,389.7174250916578,mm,0,13.137468068860471,0,0.5770755716599524,0.628657718282193,0,0,0,48.712514942226,28.890570213146976,0,Chernozem,Field Master,перевірити,2024-05-19,0,F0166
231,F0166,FARM05,2024,Wheat,Wheat-V3,7.9,ha,2024-03-22,2024-09-21,0,3.4489760100841522,t_ha,3.4489760100841522,1,0,21.413335915654898,160.7,0,379.64964722050354,mm,0,389.7174250916578,mm,0,13.137468068860471,0,0.4430720957694575,0.5,0,0,0,48.712514942226,28.890570213146976,1,Chernozem,Field Master,перевірити,2024-06-06,0,F0166
1476,F0166,FARM05,2024,Wheat,Wheat-V3,7.9,ha,2024-03-22,2024-09-21,0,3.4489760100841522,t_ha,3.4489760100841522,1,0,21.413335915654898,160.7,0,NA,NA,0,389.7174250916578,mm,0,13.137468068860471,0,NA,NA,0,0,0,48.712514942226,28.890570213146976,0,Chernozem,Field Master,перевірити,2024-06-17,0,F0166
559,F0166,FARM05,2024,Wheat,Wheat-V3,7.891370019,ha,2024-03-22,2024-09-21,0,NA,NA,NA,0,0,21.413335915654898,160.7,0,379.64964722050354,mm,0,389.7174250916578,mm,0,13.137468068860471,0,0.5204812992829829,0.5813544213306159,0,0,0,48.712514942226,28.890570213146976,0,Chernozem,Field Master,перевірити,2024-06-28,0,F0166
355,F0166,FARM05,2024,Wheat,Wheat-V3,7.9,ha,2024-03-22,2024-09-21,0,3.4489760100841522,t_ha,3.4489760100841522,0,0,21.413335915654898,160.7,0,379.64964722050354,mm,0,389.7174250916578,mm,0,13.137468068860471,0,0.5511449529090896,0.6909442089032382,0,0,0,48.712514942226,28.890570213146976,0,Chernozem,Field Master,перевірити,2024-07-31,0,F0166
897,F0166,FARM05,2024,Wheat,Wheat-V3,7.891370019,ha,2024-03-22,2024-09-21,0,3.4489760100841522,t_ha,3.4489760100841522,0,0,21.413335915654898,160.7,0,379.64964722050354,mm,0,389.7174250916578,mm,0,13.137468068860471,0,0.8050030592363328,0.9257870808476582,0,0,0,48.712514942226,28.890570213146976,0,Chernozem,Field Master,перевірити,2024-08-06,0,F0166
419,F0166,FARM05,2024,Wheat,Wheat-V3,7.9,ha,2024-03-22,2024-09-21,0,3.4489760100841522,t_ha,3.4489760100841522,1,0,21.413335915654898,160.7,0,379.64964722050354,mm,0,389.7174250916578,mm,0,13.137468068860471,0,NA,NA,0,0,0,48.712514942226,28.890570213146976,0,Chernozem,Field Master,перевірити,2024-08-09,0,F0166
132,F0166,FARM05,2024,Wheat,Wheat-V3,7.9,ha,2024-03-22,2024-09-21,0,3.4489760100841522,t_ha,3.4489760100841522,1,0,21.413335915654898,160.7,0,379.64964722050354,mm,0,389.7174250916578,mm,0,13.137468068860471,0,0.44164967969991265,0.5023041092557833,0,0,0,48.712514942226,28.890570213146976,0,Chernozem,Field Master,перевірити,2024-08-31,0,F0166
207,F0166,FARM05,2024,Wheat,Wheat-V3,7.891370019,ha,2024-03-22,2024-09-21,0,3.4489760100841522,t_ha,3.4489760100841522,0,0,21.413335915654898,160.7,0,379.64964722050354,mm,0,389.7174250916578,mm,0,13.137468068860471,0,0.7330776402028277,0.8554446647176519,0,0,0,48.712514942226,28.890570213146976,0,Chernozem,Field Master,перевірити,2024-09-02,0,F0166
645,F0167,FARM03,2024,Corn,Corn-V5,102.1,ha,2024-05-02,2024-07-30,0,7.0584459693636745,t_ha,7.0584459693636745,1,0,11.81019512237981,144.5,6,160.02602101070806,mm,0,488.30839942675084,mm,0,19.44469421240501,0,0.7749330896418541,0.8744917423231526,0,0,0,49.84401415537344,30.079877171544826,0,Sandy,GreenCrop,зрошення застосовано,2024-05-10,0,F0167
1114,F0167,FARM03,2024,Corn,Corn-V5,102.1,ha,2024-05-02,2024-07-30,0,7.0584459693636745,t_ha,7.0584459693636745,0,0,11.81019512237981,144.5,6,160.02602101070806,mm,0,488.30839942675084,mm,0,19.44469421240501,0,0.8334666937822476,0.95,0,0,0,49.84401415537344,30.079877171544826,0,Sandy,GreenCrop,зрошення застосовано,2024-06-17,0,F0167
900,F0167,FARM03,2024,Corn,Corn-V5,102.1,ha,2024-05-02,2024-07-30,0,7.0584459693636745,t_ha,7.0584459693636745,0,0,11.81019512237981,144.5,6,160.02602101070806,mm,0,488.30839942675084,mm,0,19.44469421240501,0,0.5626979493768886,0.6849196908529848,0,0,0,49.84401415537344,30.079877171544826,0,Sandy,GreenCrop,зрошення застосовано,2024-06-19,0,F0167
1132,F0167,FARM03,2024,Corn,Corn-V5,102.1,ha,2024-05-02,2024-07-30,0,7.0584459693636745,t_ha,7.0584459693636745,0,0,11.81019512237981,144.5,6,160.02602101070806,mm,0,488.30839942675084,mm,0,19.44469421240501,0,0.5387992916163057,0.6086893547093496,0,0,0,49.84401415537344,30.079877171544826,0,Sandy,GreenCrop,зрошення застосовано,2024-06-21,0,F0167
334,F0167,FARM03,2024,Corn,Corn-V5,102.0617189124,ha,2024-05-02,2024-07-30,0,7.0584459693636745,t_ha,7.0584459693636745,0,0,11.81019512237981,144.5,6,160.02602101070806,mm,0,NA,NA,0,19.44469421240501,0,0.3796109634987078,0.5232817796990274,0,1,0,49.84401415537344,30.079877171544826,0,Sandy,GreenCrop,зрошення застосовано,2024-07-17,0,F0167
885,F0167,FARM03,2024,Corn,Corn-V5,102.1,ha,2024-05-02,2024-07-30,0,7.0584459693636745,t_ha,7.0584459693636745,1,0,11.81019512237981,144.5,6,160.02602101070806,mm,0,488.3083994267508,mm,0,19.44469421240501,0,0.6420463605551049,0.7638952210312709,0,0,0,49.84401415537344,30.079877171544826,0,Sandy,GreenCrop,зрошення застосовано,2024-07-25,0,F0167
1234,F0167,FARM03,2024,Corn,Corn-V5,102.1,ha,2024-05-02,2024-07-30,0,7.0584459693636745,t_ha,7.0584459693636745,1,0,11.81019512237981,144.5,6,160.02602101070806,mm,0,488.3083994267508,mm,0,19.44469421240501,0,0.5272891806904226,0.6559168741106987,0,0,0,49.84401415537344,30.079877171544826,0,Sandy,GreenCrop,зрошення застосовано,2024-08-15,0,F0167
819,F0167,FARM03,2024,Corn,Corn-V5,102.1,ha,2024-05-02,2024-07-30,0,7.0584459693636745,t_ha,7.0584459693636745,0,0,11.81019512237981,144.5,6,160.02602101070806,mm,0,NA,NA,0,19.44469421240501,0,NA,NA,0,0,0,49.84401415537344,30.079877171544826,0,Sandy,GreenCrop,зрошення застосовано,2024-08-29,0,F0167
982,F0168,FARM08,2024,Soy,Soy-V5,72.3,ha,2024-03-31,2024-09-15,0,3.0099704399472103,t_ha,3.0099704399472103,1,0,27.445725149242207,192.8,4,0,mm,0,579.0149890701286,mm,0,17.33591666794382,0,0.7766913479659706,0.8953340698266402,0,0,0,49.13223352007242,33.89931096423045,0,Chernozem,Field Master,норма,2024-05-16,0,F0168
316,F0168,FARM08,2024,Soy,Soy-V5,72.3,ha,2024-03-31,2024-09-15,0,NA,NA,NA,0,0,27.445725149242207,192.8,4,0,mm,0,NA,NA,0,17.33591666794382,0,0.7576523612020537,0.8174694185843691,0,0,0,49.13223352007242,33.89931096423045,0,Chernozem,Field Master,норма,2024-07-02,0,F0168
173,F0168,FARM08,2024,Soy,Soy-V5,72.3,ha,2024-03-31,2024-09-15,0,3.0099704399472103,t_ha,3.0099704399472103,1,0,27.445725149242207,192.8,4,0,mm,0,579.0149890701286,mm,0,17.33591666794382,0,0.6009341713739559,0.7058304166886955,0,0,0,49.13223352007242,33.89931096423045,0,NA,Field Master,норма,2024-07-03,0,F0168
107,F0168,FARM08,2024,Soy,Soy-V5,72.3,ha,2024-03-31,2024-09-15,0,3.0099704399472103,t_ha,3.0099704399472103,0,0,27.445725149242207,192.8,4,0,mm,0,579.0149890701286,mm,0,17.33591666794382,0,0.5926669454434886,0.7026543346932157,0,0,0,49.13223352007242,33.89931096423045,0,Chernozem,Field Master,норма,2024-07-12,0,F0168
443,F0168,FARM08,2024,Soy,Soy-V5,72.3,ha,2024-03-31,2024-09-15,0,3.0099704399472103,t_ha,3.0099704399472103,1,0,27.445725149242207,192.8,4,0,mm,0,579.0149890701286,mm,0,17.33591666794382,0,0.6550094455247745,0.7692960617598146,0,0,0,49.13223352007242,33.89931096423045,0,Chernozem,Field Master,норма,2024-08-07,0,F0168
75,F0168,FARM08,2024,Soy,Soy-V5,72.3,ha,2024-03-31,2024-09-15,0,3.0099704399472103,t_ha,3.0099704399472103,1,0,27.445725149242207,192.8,4,0,mm,0,579.0149890701286,mm,0,17.33591666794382,0,0.35819799164310095,0.5,0,0,0,49.13223352007242,33.89931096423045,0,Chernozem,Field Master,норма,2024-08-31,0,F0168
1420,F0168,FARM08,2024,Soy,Soy-V5,72.3,ha,2024-03-31,2024-09-15,0,NA,NA,NA,0,0,27.445725149242207,192.8,4,0,mm,0,579.0149890701286,mm,0,17.33591666794382,0,0.5553026366047561,0.6513622826430946,0,0,0,49.13223352007242,33.89931096423045,0,Chernozem,Field Master,норма,2024-09-09,0,F0168
699,F0168,FARM08,2024,Soy,Soy-V5,72.3,ha,2024-03-31,2024-09-15,0,3.0099704399472103,t_ha,3.0099704399472103,1,0,27.445725149242207,192.8,4,0,mm,0,579.0149890701286,mm,0,17.33591666794382,0,0.4771376622607931,0.5741129264468326,0,0,0,49.13223352007242,33.89931096423045,0,Chernozem,Field Master,норма,2024-09-25,0,F0168
1262,F0169,FARM10,2024,Corn,Corn-V5,89.4,ha,2024-04-15,2024-09-30,0,7.659786943346262,t_ha,7.659786943346262,1,0,15.85373682784848,143.7,5,0,mm,0,455.67375008249655,mm,0,12.820798456668854,0,0.5482245962135494,0.6081663875374943,0,0,0,48.6472723670844,29.63152911456302,0,Chernozem,UkrAgroTech,перевірити,2024-05-27,0,F0169
1123,F0169,FARM10,2024,Corn,Corn-V5,89.4,ha,2024-04-15,2024-09-30,0,7.659786943346262,t_ha,7.659786943346262,1,0,15.85373682784848,143.7,5,0,mm,0,455.67375008249655,mm,0,12.820798456668854,0,0.7836542441742494,0.8568930400302633,0,0,0,48.6472723670844,29.63152911456302,0,Chernozem,UkrAgroTech,перевірити,2024-06-14,0,F0169
1140,F0169,FARM10,2024,Corn,Corn-V5,NA,NA,2024-04-15,2024-09-30,0,-0.47725557815283537,t_ha,-0.47725557815283537,0,1,15.85373682784848,143.7,5,0,mm,0,455.67375008249655,mm,0,12.820798456668854,0,NA,NA,0,0,0,48.6472723670844,29.63152911456302,0,Chernozem,UkrAgroTech,перевірити,2024-06-22,0,F0169
638,F0169,FARM10,2024,Corn,Corn-V5,89.4,ha,2024-04-15,2024-09-30,0,7.659786943346262,t_ha,7.659786943346262,0,0,15.85373682784848,143.7,5,0,mm,0,455.67375008249655,mm,0,12.820798456668854,0,0.618748085363768,0.7475032103713601,0,0,0,48.6472723670844,29.63152911456302,0,Chernozem,UkrAgroTech,перевірити,2024-08-03,0,F0169
243,F0169,FARM10,2024,Corn,Corn-V5,89.435526882,ha,2024-04-15,2024-09-30,0,7.659786943346262,t_ha,7.659786943346262,0,0,15.85373682784848,143.7,5,0,mm,0,455.67375008249655,mm,0,12.820798456668854,0,0.4679488151101395,0.5964748637983575,0,0,0,48.6472723670844,29.63152911456302,0,Chernozem,UkrAgroTech,перевірити,2024-09-04,0,F0169
828,F0169,FARM10,2024,Corn,Corn-V5,89.435526882,ha,2024-04-15,2024-09-30,0,7.659786943346262,t_ha,7.659786943346262,1,0,15.85373682784848,143.7,5,0,mm,0,NA,NA,0,12.820798456668854,0,0.7320765714626759,0.7869140710448846,0,0,0,48.6472723670844,29.63152911456302,0,Chernozem,UkrAgroTech,перевірити,2024-09-09,0,F0169
246,F0169,FARM10,2024,Corn,Corn-V5,89.4,ha,2024-04-15,2024-09-30,0,7.659786943346262,t_ha,7.659786943346262,0,0,15.85373682784848,143.7,5,0,mm,0,455.67375008249655,mm,0,12.820798456668854,0,0.6920007972745225,0.7817359493346885,0,0,0,48.6472723670844,29.63152911456302,0,Chernozem,UkrAgroTech,перевірити,2024-09-13,0,F0169
1009,F0169,FARM10,2024,Corn,Corn-V5,89.4,ha,2024-04-15,2024-09-30,0,7.659786943346262,t_ha,7.659786943346262,1,0,15.85373682784848,143.7,5,0,mm,0,455.67375008249655,mm,0,12.820798456668854,0,0.5444209054345265,0.6491991216316819,0,0,0,48.6472723670844,29.63152911456302,0,Chernozem,UkrAgroTech,перевірити,2024-09-19,0,F0169
385,F0170,FARM06,2024,Corn,Corn-V3,26.952063757199998,ha,2024-03-14,2024-07-28,0,9.820581229869276,t_ha,9.820581229869276,0,0,8.1330595088657,183.1,5,0,mm,0,357.03690770315006,mm,0,12.848672702210024,0,0.6617572424234822,0.7333440951770172,0,0,0,49.51627001135936,30.202405713270885,1,Sandy,Pole Plus,посуха,2024-05-01,0,F0170
1383,F0170,FARM06,2024,Corn,Corn-V3,27,ha,2024-03-14,2024-07-28,0,9.820581229869276,t_ha,9.820581229869276,1,0,8.1330595088657,183.1,5,0,mm,0,357.03690770315006,mm,0,12.848672702210024,0,0.6610974914161488,0.7360235187457874,0,0,0,49.51627001135936,30.202405713270885,1,Sandy,Pole Plus,посуха,2024-05-07,0,F0170
363,F0170,FARM06,2024,Corn,Corn-V3,27,ha,2024-03-14,2024-07-28,0,9.820581229869276,t_ha,9.820581229869276,1,0,8.1330595088657,183.1,5,0,mm,0,357.03690770315006,mm,0,12.848672702210024,0,0.704229626711458,0.7696199408965185,0,0,0,49.51627001135936,30.202405713270885,0,Sandy,Pole Plus,посуха,2024-07-27,0,F0170
1093,F0170,FARM06,2024,Corn,Corn-V3,27,ha,2024-03-14,2024-07-28,0,9.820581229869276,t_ha,9.820581229869276,1,0,8.1330595088657,183.1,5,0,mm,0,357.03690770315006,mm,0,12.848672702210024,0,0.6817583466414362,0.7718404787359759,0,0,0,49.51627001135936,30.202405713270885,0,Sandy,Pole Plus,посуха,2024-08-25,0,F0170
1334,F0170,FARM06,2024,Corn,Corn-V3,27,ha,2024-03-14,2024-07-28,0,9.820581229869276,t_ha,9.820581229869276,1,0,8.1330595088657,183.1,5,0,mm,0,357.03690770315006,mm,0,12.848672702210024,0,0.5573096976382658,0.6780857991194352,0,0,0,49.51627001135936,30.202405713270885,0,NA,Pole Plus,посуха,2024-08-26,0,F0170
216,F0170,FARM06,2024,Corn,Corn-V3,27,ha,2024-03-14,2024-07-28,0,NA,NA,NA,0,0,8.1330595088657,183.1,5,0,mm,0,357.03690770315006,mm,0,12.848672702210024,0,0.4907285324530676,0.5960749079473316,0,0,0,49.51627001135936,30.202405713270885,0,Sandy,Pole Plus,посуха,2024-08-30,0,F0170
1051,F0170,FARM06,2024,Corn,Corn-V3,26.952063757199998,ha,2024-03-14,2024-07-28,0,9.820581229869276,t_ha,9.820581229869276,0,0,8.1330595088657,183.1,5,0,mm,0,357.03690770315006,mm,0,12.848672702210024,0,0.4599757170304656,0.5787174361059442,0,0,0,49.51627001135936,30.202405713270885,0,Sandy,Pole Plus,посуха,2024-09-05,0,F0170
447,F0170,FARM06,2024,Corn,Corn-V3,26.952063757199998,ha,2024-03-14,2024-07-28,0,9.820581229869276,t_ha,9.820581229869276,0,0,8.1330595088657,183.1,5,0,mm,0,357.03690770315006,mm,0,12.848672702210024,0,NA,NA,0,0,0,49.51627001135936,30.202405713270885,0,Sandy,Pole Plus,посуха,2024-09-07,0,F0170
70,F0171,FARM03,2024,Corn,Corn-V4,118.8,ha,2024-04-10,2024-10-08,0,NA,t_ha,NA,0,0,17.791147832758725,215.3,6,261.87887659762055,mm,0,515.4188661254011,mm,0,22.187703826930374,0,0.35488876143936066,0.5,0,0,0,49.1256769034192,32.45889498128044,0,Loam,UkrAgroTech,зрошення застосовано,2024-05-31,0,F0171
928,F0171,FARM03,2024,Corn,Corn-V4,118.8,ha,2024-04-10,2024-10-08,0,NA,t_ha,NA,0,0,17.791147832758725,215.3,6,261.87887659762055,mm,0,515.4188661254011,mm,0,22.187703826930374,0,0.4430771396961063,0.5193007934605702,0,0,0,49.1256769034192,32.45889498128044,0,Loam,UkrAgroTech,зрошення застосовано,2024-08-13,0,F0171
186,F0171,FARM03,2024,Corn,Corn-V4,NA,NA,2024-04-10,2024-10-08,0,NA,t_ha,NA,0,0,17.791147832758725,215.3,6,261.87887659762055,mm,0,515.4188661254011,mm,0,22.187703826930374,0,0.7126491150353104,0.8124249590793624,0,0,0,49.1256769034192,32.45889498128044,0,Loam,UkrAgroTech,зрошення застосовано,2024-08-18,0,F0171
602,F0171,FARM03,2024,Corn,Corn-V4,118.8,ha,2024-04-10,2024-10-08,0,NA,t_ha,NA,0,0,17.791147832758725,215.3,6,261.87887659762055,mm,0,515.4188661254011,mm,0,22.187703826930374,0,0.5406620947411284,0.6361110321944579,0,0,0,49.1256769034192,32.45889498128044,0,Loam,UkrAgroTech,зрошення застосовано,2024-08-30,0,F0171
1331,F0171,FARM03,2024,Corn,Corn-V4,118.8,ha,2024-04-10,2024-10-08,0,NA,NA,NA,0,0,17.791147832758725,215.3,6,261.87887659762055,mm,0,515.4188661254011,mm,0,22.187703826930374,0,0.7769716436974704,0.8566706248559057,0,0,0,49.1256769034192,32.45889498128044,0,Loam,UkrAgroTech,зрошення застосовано,2024-09-07,0,F0171
1128,F0171,FARM03,2024,Corn,Corn-V4,118.85617305539999,ha,2024-04-10,2024-10-08,0,NA,t_ha,NA,0,0,17.791147832758725,215.3,6,261.87887659762055,mm,0,515.4188661254011,mm,0,22.187703826930374,0,NA,NA,0,0,0,49.1256769034192,32.45889498128044,0,Loam,UkrAgroTech,зрошення застосовано,2024-09-16,0,F0171
935,F0171,FARM03,2024,Corn,Corn-V4,NA,NA,2024-04-10,2024-10-08,0,NA,t_ha,NA,0,0,17.791147832758725,215.3,6,261.87887659762055,mm,0,515.4188661254011,mm,0,22.187703826930374,0,0.378366133919917,0.5155659141484648,0,0,0,49.1256769034192,32.45889498128044,0,Loam,UkrAgroTech,зрошення застосовано,2024-09-17,0,F0171
1358,F0172,FARM07,2024,Soy,Soy-V2,68.9179648326,ha,2024-03-19,2024-08-31,0,3.0678909642156214,t_ha,3.0678909642156214,1,0,24.415084859821945,212.5,3,372.6175685529597,mm,0,384.37806216534227,mm,0,12.69675330631435,0,0.7944427350535989,0.8618255750276148,0,0,0,49.835118879934306,29.703766385059804,0,Clay,AgroService Ltd,перевірити,2024-05-07,0,F0172
1070,F0172,FARM07,2024,Soy,Soy-V2,68.9,ha,2024-03-19,2024-08-31,0,3.0678909642156214,t_ha,3.0678909642156214,1,0,24.415084859821945,212.5,3,372.6175685529597,mm,0,384.37806216534227,mm,0,12.69675330631435,0,0.5662256610579789,1,1,1,0,49.835118879934306,29.703766385059804,0,Clay,AgroService Ltd,перевірити,2024-07-17,0,F0172
992,F0172,FARM07,2024,Soy,Soy-V2,68.9179648326,ha,2024-03-19,2024-08-31,0,3.0678909642156214,t_ha,3.0678909642156214,1,0,24.415084859821945,212.5,3,372.6175685529597,mm,0,384.37806216534227,mm,0,12.69675330631435,0,0.7375924639869481,0.8515899423277006,0,0,0,49.835118879934306,29.703766385059804,0,Clay,AgroService Ltd,перевірити,2024-07-21,0,F0172
190,F0172,FARM07,2024,Soy,Soy-V2,68.9179648326,ha,2024-03-19,2024-08-31,0,3.0678909642156214,t_ha,3.0678909642156214,0,0,24.415084859821945,212.5,3,372.6175685529597,mm,0,384.37806216534227,mm,0,12.69675330631435,0,0.6157192874467,0.7350714301457628,0,0,0,49.835118879934306,29.703766385059804,0,Clay,AgroService Ltd,перевірити,2024-08-09,0,F0172
491,F0172,FARM07,2024,Soy,Soy-V2,68.9179648326,ha,2024-03-19,2024-08-31,0,NA,NA,NA,0,0,24.415084859821945,212.5,3,372.6175685529597,mm,0,384.37806216534227,mm,0,12.69675330631435,0,0.4597206410486251,0.558808796131052,0,0,0,49.835118879934306,29.703766385059804,0,NA,AgroService Ltd,перевірити,2024-09-10,0,F0172
88,F0172,FARM07,2024,Soy,Soy-V2,68.9,ha,2024-03-19,2024-08-31,0,3.0678909642156214,t_ha,3.0678909642156214,0,0,24.415084859821945,212.5,3,372.6175685529597,mm,0,384.37806216534227,mm,0,12.69675330631435,0,0.7896599313477054,0.8726316571701318,0,0,0,49.835118879934306,29.703766385059804,0,Clay,AgroService Ltd,перевірити,2024-09-18,0,F0172
1181,F0172,FARM07,2024,Soy,Soy-V2,68.9179648326,ha,2024-03-19,2024-08-31,0,3.0678909642156214,t_ha,3.0678909642156214,1,0,24.415084859821945,212.5,3,372.6175685529597,mm,0,384.37806216534227,mm,0,12.69675330631435,0,0.6631064635235816,0.8044414828997105,0,0,0,49.835118879934306,29.703766385059804,0,Clay,AgroService Ltd,перевірити,2024-09-26,0,F0172
163,F0173,FARM09,2024,Wheat,Wheat-V5,94.9392516132,ha,2024-04-01,2024-08-09,0,5.262129568262026,t_ha,5.262129568262026,0,0,15.439239660743624,6.1,6,0,mm,0,491.482155630365,mm,0,13.824114047456533,0,0.7127004307927564,0.8017839073901996,0,0,0,49.695780777306766,32.89553318708949,0,Chernozem,AgroService Ltd,перевірити,2024-05-15,0,F0173
636,F0173,FARM09,2024,Wheat,Wheat-V5,NA,NA,2024-04-01,2024-08-09,0,34.598200649023056,t_ha,34.598200649023056,0,1,15.439239660743624,6.1,6,0,mm,0,491.482155630365,mm,0,13.824114047456533,0,0.7694688710849732,0.8447761991992593,0,0,0,49.695780777306766,32.89553318708949,0,Chernozem,AgroService Ltd,перевірити,2024-05-23,0,F0173
108,F0173,FARM09,2024,Wheat,Wheat-V5,95,ha,2024-04-01,2024-08-09,0,5.262129568262026,t_ha,5.262129568262026,0,0,15.439239660743624,6.1,6,0,mm,0,491.482155630365,mm,0,13.824114047456533,0,0.8123967850347981,0.8747316280612721,0,0,0,49.695780777306766,32.89553318708949,0,Chernozem,AgroService Ltd,перевірити,2024-05-29,0,F0173
692,F0173,FARM09,2024,Wheat,Wheat-V5,95,ha,2024-04-01,2024-08-09,0,5.262129568262026,t_ha,5.262129568262026,0,0,15.439239660743624,6.1,6,0,mm,0,491.48215563036496,mm,0,13.824114047456533,0,0.749249687208794,0.8165970385074616,0,0,0,49.695780777306766,32.89553318708949,0,Chernozem,AgroService Ltd,перевірити,2024-07-15,0,F0173
890,F0173,FARM09,2024,Wheat,Wheat-V5,NA,NA,2024-04-01,2024-08-09,0,5.262129568262026,t_ha,5.262129568262026,0,0,15.439239660743624,6.1,6,0,mm,0,491.482155630365,mm,0,13.824114047456533,0,0.8103355972794816,0.9357088905526325,0,0,0,49.695780777306766,32.89553318708949,0,NA,AgroService Ltd,перевірити,2024-07-24,0,F0173
479,F0173,FARM09,2024,Wheat,Wheat-V5,95,ha,2024-04-01,2024-08-09,0,5.262129568262026,t_ha,5.262129568262026,1,0,15.439239660743624,6.1,6,0,mm,0,491.482155630365,mm,0,13.824114047456533,0,NA,NA,0,0,0,49.695780777306766,32.89553318708949,0,Chernozem,AgroService Ltd,перевірити,2024-07-30,0,F0173
966,F0173,FARM09,2024,Wheat,Wheat-V5,NA,NA,2024-04-01,2024-08-09,0,5.262129568262026,t_ha,5.262129568262026,0,0,15.439239660743624,6.1,6,0,mm,0,491.482155630365,mm,0,13.824114047456533,0,NA,NA,0,0,0,49.695780777306766,32.89553318708949,0,Chernozem,AgroService Ltd,перевірити,2024-08-25,0,F0173
721,F0174,FARM04,2024,Corn,Corn-V1,6.5,ha,2024-03-18,2024-10-07,0,10.633934138342738,t_ha,10.633934138342738,0,0,33.40831537498161,218.8,2,186.893791181501,mm,0,282.4498112197034,mm,0,16.436864268500358,0,0.589367913804017,0.7274302218807861,0,0,0,49.6052515952331,32.44228378771851,0,NA,Field Master,норма,2024-05-21,0,F0174
76,F0174,FARM04,2024,Corn,Corn-V1,6.5154388362,ha,2024-03-18,2024-10-07,0,10.633934138342738,t_ha,10.633934138342738,0,0,33.40831537498161,218.8,2,186.893791181501,mm,0,282.4498112197034,mm,0,16.436864268500358,0,0.8226692457916215,0.95,0,0,0,49.6052515952331,32.44228378771851,0,Sandy,Field Master,норма,2024-05-31,0,F0174
519,F0174,FARM04,2024,Corn,Corn-V1,6.5,ha,2024-03-18,2024-10-07,0,10.633934138342738,t_ha,10.633934138342738,1,0,33.40831537498161,218.8,2,NA,NA,0,282.4498112197034,mm,0,16.436864268500358,0,0.532651549577713,0.6372220440069213,0,0,0,49.6052515952331,32.44228378771851,0,Sandy,Field Master,норма,2024-06-22,0,F0174
614,F0174,FARM04,2024,Corn,Corn-V1,6.5,ha,2024-03-18,2024-10-07,0,10.633934138342738,t_ha,10.633934138342738,0,0,33.40831537498161,218.8,2,186.893791181501,mm,0,282.4498112197034,mm,0,16.436864268500358,0,0.7618863564217463,0.824909613491036,0,0,0,49.6052515952331,32.44228378771851,1,Sandy,Field Master,норма,2024-07-24,0,F0174
558,F0174,FARM04,2024,Corn,Corn-V1,6.5,ha,2024-03-18,2024-10-07,0,10.633934138342738,t_ha,10.633934138342738,0,0,33.40831537498161,218.8,2,186.893791181501,mm,0,282.4498112197034,mm,0,16.436864268500358,0,0.3623761197319254,0.5,0,0,0,49.6052515952331,32.44228378771851,1,Sandy,Field Master,норма,2024-08-06,0,F0174
1083,F0174,FARM04,2024,Corn,Corn-V1,6.5,ha,2024-03-18,2024-10-07,0,10.633934138342738,t_ha,10.633934138342738,0,0,33.40831537498161,218.8,2,186.893791181501,mm,0,282.4498112197034,mm,0,16.436864268500358,0,0.7455378739628941,0.8244953851215541,0,0,0,49.6052515952331,32.44228378771851,0,Sandy,Field Master,норма,2024-08-15,0,F0174
390,F0174,FARM04,2024,Corn,Corn-V1,6.5154388362,ha,2024-03-18,2024-10-07,0,10.633934138342738,t_ha,10.633934138342738,1,0,33.40831537498161,218.8,2,186.893791181501,mm,0,282.4498112197034,mm,0,16.436864268500358,0,0.8109180574771017,0.9435050378320738,0,0,0,49.6052515952331,32.44228378771851,0,Sandy,Field Master,норма,2024-08-17,0,F0174
1071,F0175,FARM06,2024,Wheat,Wheat-V2,12.7,ha,2024-05-04,2024-10-10,0,7.75705360295251,t_ha,7.75705360295251,1,0,28.24534971592948,77.6,3,0,mm,0,392.56868278607726,mm,0,18.48305880976841,0,0.44544104803353546,0.5509787871036678,0,0,0,49.68776870567584,32.85975864349492,0,Clay,AgroService Ltd,без примітки,2024-06-20,0,F0175
369,F0175,FARM06,2024,Wheat,Wheat-V2,NA,NA,2024-05-04,2024-10-10,0,7.75705360295251,t_ha,7.75705360295251,1,0,28.24534971592948,77.6,3,0,mm,0,392.56868278607726,mm,0,18.48305880976841,0,0.5935040132841095,0.6913502970477565,0,0,0,49.68776870567584,32.85975864349492,0,Clay,AgroService Ltd,без примітки,2024-06-23,0,F0175
1150,F0175,FARM06,2024,Wheat,Wheat-V2,12.7,ha,2024-05-04,2024-10-10,0,NA,NA,NA,0,0,28.24534971592948,77.6,3,0,mm,0,NA,NA,0,18.48305880976841,0,0.8430771994404495,0.95,0,0,0,49.68776870567584,32.85975864349492,0,NA,AgroService Ltd,без примітки,2024-07-06,0,F0175
856,F0175,FARM06,2024,Wheat,Wheat-V2,12.707129158799999,ha,2024-05-04,2024-10-10,0,7.75705360295251,t_ha,7.75705360295251,0,0,28.24534971592948,77.6,3,0,mm,0,392.56868278607726,mm,0,18.48305880976841,0,NA,NA,0,0,0,49.68776870567584,32.85975864349492,0,Clay,AgroService Ltd,без примітки,2024-08-02,0,F0175
335,F0175,FARM06,2024,Wheat,Wheat-V2,12.7,ha,2024-05-04,2024-10-10,0,7.75705360295251,t_ha,7.75705360295251,0,0,28.24534971592948,77.6,3,0,mm,0,392.56868278607726,mm,0,18.48305880976841,0,0.6275559596484527,0.7745226520346478,0,0,0,49.68776870567584,32.85975864349492,0,NA,AgroService Ltd,без примітки,2024-08-26,0,F0175
1392,F0175,FARM06,2024,Wheat,Wheat-V2,12.7,ha,2024-05-04,2024-10-10,0,7.75705360295251,t_ha,7.75705360295251,1,0,28.24534971592948,77.6,3,0,mm,0,392.56868278607726,mm,0,18.48305880976841,0,0.4839555263984948,0.6150161882629618,0,0,0,49.68776870567584,32.85975864349492,0,Clay,AgroService Ltd,без примітки,2024-09-02,0,F0175
1488,F0175,FARM06,2024,Wheat,Wheat-V2,12.7,ha,2024-05-04,2024-10-10,0,7.75705360295251,t_ha,7.75705360295251,1,0,28.24534971592948,77.6,3,0,mm,0,392.56868278607726,mm,0,18.48305880976841,0,0.3613505444023758,0.5,0,0,0,49.68776870567584,32.85975864349492,0,Clay,AgroService Ltd,без примітки,2024-09-21,0,F0175
287,F0175,FARM06,2024,Wheat,Wheat-V2,12.7,ha,2024-05-04,2024-10-10,0,7.75705360295251,t_ha,7.75705360295251,0,0,28.24534971592948,77.6,3,0,mm,0,392.56868278607726,mm,0,18.48305880976841,0,0.7345943179912865,0.8520250976784155,0,0,0,49.68776870567584,32.85975864349492,0,Clay,AgroService Ltd,без примітки,2024-09-25,0,F0175
1220,F0176,FARM04,2024,Soy,Soy-V1,53.6,ha,2024-03-10,2024-08-09,0,NA,NA,NA,0,0,26.231627743924037,160.7,1,0,mm,0,300.3035211120732,mm,0,18.564889275468886,0,0.6461115771904588,0.7250242465641349,0,0,0,48.95107018770231,30.064787929418497,0,Loam,SunField Co,проблема з дренажем,2024-06-29,0,F0176
641,F0176,FARM04,2024,Soy,Soy-V1,53.6,ha,2024-03-10,2024-08-09,0,2.5274108074372634,t_ha,2.5274108074372634,1,0,26.231627743924037,160.7,1,0,mm,0,300.3035211120732,mm,0,NA,1,0.5536300015170127,0.6676568854833022,0,0,0,48.95107018770231,30.064787929418497,0,NA,SunField Co,проблема з дренажем,2024-07-19,0,F0176
395,F0176,FARM04,2024,Soy,Soy-V1,NA,NA,2024-03-10,2024-08-09,0,2.5274108074372634,t_ha,2.5274108074372634,0,0,26.231627743924037,160.7,1,NA,NA,0,300.3035211120732,mm,0,18.564889275468886,0,0.5139106661314145,0.6532128245802595,0,0,0,48.95107018770231,30.064787929418497,0,Loam,SunField Co,проблема з дренажем,2024-07-28,0,F0176
1143,F0176,FARM04,2024,Soy,Soy-V1,53.6,ha,2024-03-10,2024-08-09,0,2.5274108074372634,t_ha,2.5274108074372634,1,0,26.231627743924037,160.7,1,0,mm,0,300.3035211120732,mm,0,18.564889275468886,0,0.6235676395241171,0.7075288580497726,0,0,0,48.95107018770231,30.064787929418497,0,Loam,SunField Co,проблема з дренажем,2024-08-04,0,F0176
852,F0176,FARM04,2024,Soy,Soy-V1,53.5399104366,ha,2024-03-10,2024-08-09,0,2.5274108074372634,t_ha,2.5274108074372634,1,0,26.231627743924037,160.7,1,0,mm,0,300.3035211120732,mm,0,18.564889275468886,0,0.3888886750442907,0.5045284457039088,0,0,0,48.95107018770231,30.064787929418497,0,NA,SunField Co,проблема з дренажем,2024-08-14,0,F0176
141,F0176,FARM04,2024,Soy,Soy-V1,53.5399104366,ha,2024-03-10,2024-08-09,0,2.5274108074372634,t_ha,2.5274108074372634,0,0,26.231627743924037,160.7,1,0,mm,0,300.3035211120732,mm,0,18.564889275468886,0,NA,NA,0,0,0,48.95107018770231,30.064787929418497,0,Loam,SunField Co,проблема з дренажем,2024-08-17,0,F0176
1200,F0176,FARM04,2024,Soy,Soy-V1,53.5399104366,ha,2024-03-10,2024-08-09,0,2.5274108074372634,t_ha,2.5274108074372634,1,0,26.231627743924037,160.7,1,0,mm,0,300.3035211120732,mm,0,18.564889275468886,0,0.7841464356984943,0.9037335880799219,0,0,0,48.95107018770231,30.064787929418497,0,Loam,SunField Co,проблема з дренажем,2024-09-17,0,F0176
1124,F0177,FARM03,2024,Corn,Corn-V1,110.9,ha,2024-04-07,2024-10-03,0,NA,NA,NA,0,0,28.964811307145283,66.4,0,264.2593931988813,mm,0,403.17249627551064,mm,0,22.795573237119243,0,0.6196699725929647,0.7434792902786285,0,0,0,48.66231949161179,30.205634789424018,0,NA,AgroService Ltd,посуха,2024-05-28,0,F0177
792,F0177,FARM03,2024,Corn,Corn-V1,110.883865908,ha,2024-04-07,2024-10-03,0,8.078189989551902,t_ha,8.078189989551902,0,0,28.964811307145283,66.4,0,264.2593931988813,mm,0,403.17249627551064,mm,0,22.795573237119243,0,0.35625859422143547,0.5,0,0,0,48.66231949161179,30.205634789424018,0,Loam,AgroService Ltd,посуха,2024-06-09,0,F0177
21,F0177,FARM03,2024,Corn,Corn-V1,110.9,ha,2024-04-07,2024-10-03,0,8.078189989551902,t_ha,8.078189989551902,1,0,28.964811307145283,66.4,0,264.2593931988813,mm,0,403.17249627551064,mm,0,22.795573237119243,0,0.6096984910778701,0.6943906278116628,0,0,0,48.66231949161179,30.205634789424018,0,Loam,AgroService Ltd,посуха,2024-06-10,0,F0177
983,F0177,FARM03,2024,Corn,Corn-V1,NA,NA,2024-04-07,2024-10-03,0,8.078189989551902,t_ha,8.078189989551902,1,0,28.964811307145283,66.4,0,264.2593931988813,mm,0,403.17249627551064,mm,0,22.795573237119243,0,0.46072309256996957,0.5630356585141271,0,0,0,48.66231949161179,30.205634789424018,0,Loam,AgroService Ltd,посуха,2024-06-27,0,F0177
1461,F0177,FARM03,2024,Corn,Corn-V1,110.9,ha,2024-04-07,2024-10-03,0,8.078189989551902,t_ha,8.078189989551902,1,0,28.964811307145283,66.4,0,264.2593931988813,mm,0,403.17249627551064,mm,0,22.795573237119243,0,0.7077124355360865,0.7967878442956134,0,0,0,48.66231949161179,30.205634789424018,0,Loam,AgroService Ltd,посуха,2024-07-06,0,F0177
1159,F0177,FARM03,2024,Corn,Corn-V1,110.883865908,ha,2024-04-07,2024-10-03,0,NA,NA,NA,0,0,28.964811307145283,66.4,0,264.2593931988813,mm,0,403.17249627551064,mm,0,22.795573237119243,0,0.7452912074746564,0.8082709297537803,0,0,0,48.66231949161179,30.205634789424018,0,Loam,AgroService Ltd,посуха,2024-07-21,0,F0177
344,F0177,FARM03,2024,Corn,Corn-V1,110.9,ha,2024-04-07,2024-10-03,0,8.078189989551902,t_ha,8.078189989551902,1,0,28.964811307145283,66.4,0,264.2593931988813,mm,0,403.17249627551064,mm,0,22.795573237119243,0,NA,NA,0,0,0,48.66231949161179,30.205634789424018,0,Loam,AgroService Ltd,посуха,2024-08-15,0,F0177
1144,F0178,FARM04,2024,Soy,Soy-V4,94.9392516132,ha,2024-05-13,2024-09-29,0,NA,NA,NA,0,0,17.27106159972027,191.2,0,172.24945093039423,mm,0,217.30307484976947,mm,0,21.25247910292819,0,NA,NA,0,0,0,49.10760136450315,29.508594120971395,0,Chernozem,AgroService Ltd,добре,2024-06-15,0,F0178
920,F0178,FARM04,2024,Soy,Soy-V4,94.9,ha,2024-05-13,2024-09-29,0,3.3467323697404936,t_ha,3.3467323697404936,0,0,17.27106159972027,191.2,0,172.24945093039423,mm,0,217.30307484976947,mm,0,21.25247910292819,0,0.816108578722924,0.9017562053166329,0,0,0,49.10760136450315,29.508594120971395,0,Chernozem,AgroService Ltd,добре,2024-06-23,0,F0178
630,F0178,FARM04,2024,Soy,Soy-V4,94.9392516132,ha,2024-05-13,2024-09-29,0,3.3467323697404936,t_ha,3.3467323697404936,0,0,17.27106159972027,191.2,0,172.24945093039423,mm,0,217.30307484976947,mm,0,21.25247910292819,0,0.8084037491586059,0.9197976978030056,0,0,0,49.10760136450315,29.508594120971395,0,Chernozem,AgroService Ltd,добре,2024-07-01,0,F0178
72,F0178,FARM04,2024,Soy,Soy-V4,94.9,ha,2024-05-13,2024-09-29,0,NA,NA,NA,0,0,17.27106159972027,191.2,0,172.24945093039423,mm,0,217.30307484976947,mm,0,21.25247910292819,0,0.45784158029127864,0.6014934628503397,0,0,0,49.10760136450315,29.508594120971395,0,Chernozem,AgroService Ltd,добре,2024-07-26,0,F0178
941,F0178,FARM04,2024,Soy,Soy-V4,94.9,ha,2024-05-13,2024-09-29,0,3.3467323697404936,t_ha,3.3467323697404936,0,0,17.27106159972027,191.2,0,172.24945093039423,mm,0,217.30307484976947,mm,0,21.25247910292819,0,0.7926570202922448,0.879880505753681,0,0,0,49.10760136450315,29.508594120971395,0,Chernozem,AgroService Ltd,добре,2024-09-12,0,F0178
1501,F0178,FARM04,2024,Soy,Soy-V4,94.9,ha,2024-05-13,2024-09-29,0,3.3467323697404936,t_ha,3.3467323697404936,1,0,17.27106159972027,191.2,0,NA,NA,0,217.30307484976947,mm,0,21.25247910292819,0,0.5219583044759929,0.6673968698829412,0,0,0,49.10760136450315,29.508594120971395,0,Chernozem,AgroService Ltd,добре,2024-09-13,0,F0178
1410,F0178,FARM04,2024,Soy,Soy-V4,94.9,ha,2024-05-13,2024-09-29,0,3.3467323697404936,t_ha,3.3467323697404936,0,0,17.27106159972027,191.2,0,172.24945093039423,mm,0,217.30307484976947,mm,0,21.25247910292819,0,0.769057056074962,0.8534085670718923,0,0,0,49.10760136450315,29.508594120971395,0,Chernozem,AgroService Ltd,добре,2024-09-17,0,F0178
1353,F0178,FARM04,2024,Soy,Soy-V4,94.9392516132,ha,2024-05-13,2024-09-29,0,3.3467323697404936,t_ha,3.3467323697404936,1,0,17.27106159972027,191.2,0,172.24945093039423,mm,0,217.30307484976947,mm,0,21.25247910292819,0,0.4628430425887927,0.5292267448501661,0,0,0,49.10760136450315,29.508594120971395,0,Chernozem,AgroService Ltd,добре,2024-09-25,0,F0178
1286,F0179,FARM11,2024,Wheat,Wheat-V2,NA,NA,2024-04-12,2024-08-06,0,3.5220054113306105,t_ha,3.5220054113306105,0,0,13.375189827289432,86.4,2,197.28386281058192,mm,0,259.4836881849915,mm,0,14.542118639685214,0,0.7061395244905725,0.8269624762004241,0,0,0,49.552445307798216,32.97517384169856,0,Loam,AgroService Ltd,без примітки,2024-06-08,0,F0179
313,F0179,FARM11,2024,Wheat,Wheat-V2,83.5,ha,2024-04-12,2024-08-06,0,24.07448895648122,t_ha,24.07448895648122,1,1,13.375189827289432,86.4,2,197.28386281058192,mm,0,259.4836881849915,mm,0,14.542118639685214,0,0.8199545704061165,0.95,0,0,0,49.552445307798216,32.97517384169856,1,Loam,AgroService Ltd,без примітки,2024-06-18,0,F0179
797,F0179,FARM11,2024,Wheat,Wheat-V2,83.5,ha,2024-04-12,2024-08-06,0,3.5220054113306105,t_ha,3.5220054113306105,0,0,13.375189827289432,86.4,2,197.28386281058192,mm,0,259.4836881849915,mm,0,14.542118639685214,0,0.7033692181808874,0.8143874548142775,0,0,0,49.552445307798216,32.97517384169856,0,Loam,AgroService Ltd,без примітки,2024-06-19,0,F0179
154,F0179,FARM11,2024,Wheat,Wheat-V2,83.5271165088,ha,2024-04-12,2024-08-06,0,3.5220054113306105,t_ha,3.5220054113306105,0,0,13.375189827289432,86.4,2,197.28386281058192,mm,0,259.4836881849915,mm,0,14.542118639685214,0,0.5813493106048554,0.7075614774599671,0,0,0,49.552445307798216,32.97517384169856,0,Loam,AgroService Ltd,без примітки,2024-07-17,0,F0179
54,F0179,FARM11,2024,Wheat,Wheat-V2,83.5271165088,ha,2024-04-12,2024-08-06,0,3.5220054113306105,t_ha,3.5220054113306105,1,0,13.375189827289432,86.4,2,197.28386281058192,mm,0,259.4836881849915,mm,0,14.542118639685214,0,0.48502874004188923,0.5989919939078391,0,0,0,49.552445307798216,32.97517384169856,0,Loam,AgroService Ltd,без примітки,2024-07-29,0,F0179
26,F0179,FARM11,2024,Wheat,Wheat-V2,83.5271165088,ha,2024-04-12,2024-08-06,0,3.5220054113306105,t_ha,3.5220054113306105,0,0,13.375189827289432,86.4,2,NA,NA,0,NA,NA,0,14.542118639685214,0,0.47402561283670364,0.5997690355870873,0,0,0,49.552445307798216,32.97517384169856,0,Loam,AgroService Ltd,без примітки,2024-08-07,0,F0179
458,F0179,FARM11,2024,Wheat,Wheat-V2,83.5,ha,2024-04-12,2024-08-06,0,3.5220054113306105,t_ha,3.5220054113306105,0,0,13.375189827289432,86.4,2,197.28386281058192,mm,0,259.4836881849915,mm,0,14.542118639685214,0,0.7584671221207827,0.8538567738374695,0,0,0,49.552445307798216,32.97517384169856,0,Loam,AgroService Ltd,без примітки,2024-09-18,0,F0179
379,F0180,FARM08,2024,Wheat,Wheat-V3,25,ha,2024-05-07,2024-08-16,0,3.3748709976207465,t_ha,3.3748709976207465,1,0,30.018077263608575,190,5,286.59209376201034,mm,0,NA,NA,0,12.293255709810182,0,0.7518562433775514,0.8759411422535777,0,0,0,48.80569585595978,30.47084330999898,0,Loam,Pole Plus,добре,2024-05-08,0,F0180
218,F0180,FARM08,2024,Wheat,Wheat-V3,25,ha,2024-05-07,2024-08-16,0,3.3748709976207465,t_ha,3.3748709976207465,0,0,30.018077263608575,190,5,286.59209376201034,mm,0,171.45894406130537,mm,0,12.293255709810182,0,0.758125719986856,0.9057523599127307,0,0,0,48.80569585595978,30.47084330999898,0,Loam,Pole Plus,добре,2024-05-11,0,F0180
838,F0180,FARM08,2024,Wheat,Wheat-V3,24.969104111400004,ha,2024-05-07,2024-08-16,0,3.3748709976207465,t_ha,3.3748709976207465,1,0,30.018077263608575,190,5,NA,NA,0,171.45894406130537,mm,0,12.293255709810182,0,0.5675096403807401,0.6313723074737936,0,0,0,48.80569585595978,30.47084330999898,0,Loam,Pole Plus,добре,2024-07-03,0,F0180
308,F0180,FARM08,2024,Wheat,Wheat-V3,24.969104111400004,ha,2024-05-07,2024-08-16,0,NA,NA,NA,0,0,30.018077263608575,190,5,286.59209376201034,mm,0,NA,NA,0,12.293255709810182,0,NA,NA,0,0,0,48.80569585595978,30.47084330999898,0,Loam,Pole Plus,добре,2024-08-01,0,F0180
957,F0180,FARM08,2024,Wheat,Wheat-V3,25,ha,2024-05-07,2024-08-16,0,3.3748709976207465,t_ha,3.3748709976207465,1,0,30.018077263608575,190,5,286.59209376201034,mm,0,171.45894406130537,mm,0,12.293255709810182,0,0.6064227530965581,0.6690581453032791,0,0,0,48.80569585595978,30.47084330999898,0,Loam,Pole Plus,добре,2024-08-18,0,F0180
740,F0180,FARM08,2024,Wheat,Wheat-V3,25,ha,2024-05-07,2024-08-16,0,3.3748709976207465,t_ha,3.3748709976207465,1,0,30.018077263608575,190,5,NA,NA,0,171.45894406130537,mm,0,12.293255709810182,0,0.4440160249592736,0.5333314235089347,0,0,0,48.80569585595978,30.47084330999898,1,Loam,Pole Plus,добре,2024-08-30,0,F0180
904,F0180,FARM08,2024,Wheat,Wheat-V3,25,ha,2024-05-07,2024-08-16,0,3.3748709976207465,t_ha,3.3748709976207465,0,0,30.018077263608575,190,5,286.59209376201034,mm,0,171.45894406130537,mm,0,12.293255709810182,0,NA,NA,0,0,0,48.80569585595978,30.47084330999898,0,Loam,Pole Plus,добре,2024-09-14,0,F0180
354,F0180,FARM08,2024,Wheat,Wheat-V3,25,ha,2024-05-07,2024-08-16,0,3.3748709976207465,t_ha,3.3748709976207465,1,0,30.018077263608575,190,5,286.59209376201034,mm,0,171.45894406130537,mm,0,12.293255709810182,0,0.5085461209760979,0.6531637643696739,0,0,0,48.80569585595978,30.47084330999898,0,Loam,Pole Plus,добре,2024-09-28,0,F0180
1330,F0180,FARM08,2024,Wheat,Wheat-V3,24.969104111400004,ha,2024-05-07,2024-08-16,0,3.3748709976207465,t_ha,3.3748709976207465,0,0,30.018077263608575,190,5,286.59209376201034,mm,0,171.45894406130537,mm,0,12.293255709810182,0,0.3852553897537291,0.5314523305976764,0,0,0,48.80569585595978,30.47084330999898,0,Loam,Pole Plus,добре,2024-09-29,0,F0180
