raw_row_id,field_id,farm_id,season,crop,variety,area,area_unit,planting_date,harvest_date,yield_value,yield_unit,grain_moisture_pct,fertilizer_n_kg_ha,pesticide_apps,irrigation,irrigation_unit,rainfall_season,rainfall_unit,temp_avg_c,ndvi_mean,ndvi_max,lat,lon,soil_type,contractor,note,obs_date
1,F0071,FARM08,2024,Soy,Soy-V4,85.4,ha,31.03.2024,22.08.2024,24.666022313869437,bu_ac,17.47556423721835,84.3,5,194.37614098424092,mm,8.919859541521415,in,14.330625753384084,0.507834256766364,0.6515058590332046,49.031143221907314,31.1860824765414,Sandy,GreenCrop,добре,2024-07-22
2,F0096,FARM09,2024,Corn,Corn-V1," 109,3",ha,2024-04-25,2024-08-11,109.01704056123214,bu_ac,12.447058753343299,110.1,6,0,mm,255.2263648249209,mm,14.147910694591701,-0.11191084699938075,0.8065503874560818,48.50511174380127,31.92066737321392,Sandy,Field Master,посуха,2024-07-16
3,F0104,FARM05,2024,Corn,Corn-V5,119,ha,25.04.2024,03.09.2024,135.6372213366317,bu_ac,23.50176070490852,169.8,2,-23.588958934880793,mm,670.861302386038,mm,17.50824711495079,0.44638419083785263,0.5430846308125182,49.98386206947407,32.580725477786274,Sandy,field master,посуха,2024-06-11
4,F0064,FARM03,2024,wheat,Wheat-V3,57.9,ha,2024-05-02,2024-08-24,3.405883757630363,NA,24.34519357350655,206,2,348.50384613964707,mm,469.225350394845,mm,17.54613612871617,NA,NA,48.83223545020539,32.1746045597787,Chernozem,sunfield co,перевірити,2024-07-16
5,F0012,FARM08,2024,Wheat,Wheat-V1,147.6,ac,29.03.2024,08.08.2024,56.19418194287776,bu_ac,15.898796650581062,61.5,3,0,mm,200.00586214009672,mm,19.253235162701458,0.8027965693268925,0.9414873558562249,49.69919395426847,33.494804591340014,Clay,AgroService Ltd,без примітки,2024-05-02
6,F0004,FARM04,2024,soya,Soy-V3,89.3,ha,14.05.2024,24.09.2024,53.956962550712134,bu_ac,24.181020002113655,167.7,5,70.20687271142378,NA,274.96327471453696,mm,13.058448714902624,0.6624964275630191,0.723114568204619,49.49969187557697,33.00418895693403,Loam,field master,добре,2024-07-23
7,F0115,FARM06,2024,Wheat,Wheat-V2,84.6,ha,11.05.2024,26.09.2024,46.48653695215907,bu_ac,34.41846174537204,180.4,2,393.06053766049445,mm,183.60017689410597,mm,21.49193315464072,0.4369677880546078,0.5026263078441843,49.75043270652369,29.703541767967867,Loam,AgroService Ltd,без примітки,2024-05-29
8,F0013,FARM07,2024,Soy,Soy-V4,30.4,ha,2024-03-24,2024-07-31,23.237569807692367,bu_ac,18.23589786584489,99,3,0,mm,10.569519480217366,in,15.249980145599693,0.8250019386410713,0.95,48.841545167677566,33.74680080015305,Loam,  UkrAgroTech ,перевірити,2024-06-26
9,F0139,FARM09,2024,Sunflower,Sunflower-V1,34.1,ha,2024-03-28,2024-08-10,2.344155441527255,t_ha,31.159379738382995,107.4,4,0,in,639.4701154436916,mm,14.39041486592032,0.42357508107088504,0.5,49.24877617804427,29.160470813853202,loamy,UkrAgroTech,зрошення застосовано,2024-07-11
10,F0094,FARM04,2024,Sunflower,Sunflower-V1,194.5,ac,2024-04-18,2024-10-07,51.40357155009712,bu_ac,18.565608207834885,177.9,4,368.35784160066396,mm,618.6045424081385,mm,13.807362733175978,0.6657792763086036,0.790340107679367,49.23248761920212,29.0682082680529,Chernozem,Field Master,проблема з дренажем,2024-06-03
11,F0013,FARM07,2024,soya,Soy-V4," 30,4",ha,2024-03-24,2024-07-31,1.5638884480576962,NA,18.23589786584489,99,3,0,mm,268.4657947975211,mm,15.249980145599693,0.8306429697200656,0.95,48.841545167677566,33.74680080015305,Loam,UkrAgroTech,перевірити ,2024-05-17
12,F0029,FARM10,2024,Sunflower,Sunflower-V4,52.1,ha,2024-05-19,2024-08-22,4.1085846982430665,t_ha,30.790966553613544," 163,3 ",2,0,mm,363.9988965704106,mm,16.463625044329092,0.5184361580992117,0.6185338125098496,48.92368549982598,33.29896603370318,Chernozem,  UkrAgroTech ,проблема з дренажем,2024-06-11
13,F0042,FARM12,2024,Wheat,Wheat-V5,19.6,ha,2024-05-13,2024-08-10,100.04091042302892,bu_ac,27.660729489987716,216.7,6,0,mm,494.1328864078969,mm,17.910219861660153,1.0557090653595516,0.5918853143230081,48.85987726973416,31.057511995159093,loamy,Pole Plus,норма,2024-08-20
14,F0012,FARM08,2024,Wheat,Wheat-V1,59.7,ha,2024-03-29,2024-08-08,3.7818684447556734,t_ha,15.898796650581062,61.5,3,0,mm,200.00586214009672,mm,19.253235162701458,0.7770645431242883,0.8300240360433235,49.69919395426847,33.494804591340014,Clay,AgroService Ltd,без примітки,2024-06-25
15,F0109,FARM03,2024,Soy,Soy-V5,192.4,ac,2024-05-19,2024-08-26,1.7733576798345894,t_ha,23.469693066785112,203.7,6,11.429862580793786,in,9.269549802411348,in,15.440130766713992,0.6974323455011472,0.8463831697357818,48.628853849126955,28.692569010023494,NA,  UkrAgroTech ,зрошення застосовано,2024-09-12
16,F0140,FARM01,2024,Wheat,Wheat-V4,168.2,ac,2024-05-03,2024-07-27,61.268685793816864,bu_ac,8.299098634161055,32.7,5,109.42148944595829,mm,307.1847223676741,NA,19.161694906419143,NA,NA,48.877923005721996,32.68727189538721,Chernozem,GreenCrop,норма ,2024-06-15
17,F0160,FARM07,2024,Soy,Soy-V3,91.9,ac,2024-04-03,2024-07-28,2.870343387243338,t_ha,18.93694700789638,147.3,5,0,in,621.0919548524544,NA,16.6361293643713,0.7234189315000549,0.8661693028407171,49.85855520456238,31.976748563845177,Chernozem,Field Master,перевірити,2024-05-21
18,F0136,FARM11,2024,Sunflower,Sunflower-V2,44.3,ac,01.04.2024,23.09.2024,3.381293688621372,t_ha,25.45047884900123," 142,4 ",2,0,mm,540.1184814749286,NA,18.960239252075553,0.8450802898965776,0.95,48.63458840176416,33.68670769157354,Chernozem,  UkrAgroTech ,без примітки,2024-07-25
19,F0088,FARM07,2024,Soy,Soy-V2,26.6,ha,2024-04-12,2024-08-31,25.628794721199025,bu_ac,8.521769009064883," 180,7 ",0,0,NA,391.4415149600245,mm,13.934012849349529,0.3825645873090252,0.510008344054222,49.17844793230435,28.758923526777423,Clay,UkrAgroTech,норма,2024-07-12
20,F0083,FARM07,2024,Maize,Corn-V1,119.5,ha,2024-05-20,2024-07-27,6.069537280127406,t_ha,20.176201664609835,205.8,2,323.91201201826334,mm,23.748379165864016,in,18.38617093511857,0.6748909683898091,0.790119553427212,49.92360987884924,30.777254025735893,Sandy,SunField Co,без примітки,2024-05-16
21,F0177,FARM03,2024,Corn,Corn-V1,110.9,ha,2024-04-07,2024-10-03,128.63359855974366,bu_ac,28.964811307145283,66.4,0,264.2593931988813,mm,403.17249627551064,mm,22.795573237119243,0.6096984910778701,0.6943906278116628,48.66231949161179,30.205634789424018,Loam,AgroService Ltd,посуха,2024-06-10
22,F0020,FARM09,2024,Wheat,Wheat-V5,59.4,ha,2024-04-14,2024-08-21,61.30803988092367,bu_ac,15.103385385824367,146.9,0,348.0788524495438,mm,577.8672700398602,mm,14.666194134391844,0.3520427177660167,0.5,49.69430242420454,33.80321978305187,Chernozem,SunField Co,добре,2024-09-09
23,F0109,FARM03,2024,soya,Soy-V5,77.9,ha,2024-05-19,2024-08-26,1.7733576798345894,t_ha,23.469693066785112,203.7,6,290.31850955216214,mm,9.269549802411348,in,15.440130766713992,0.3663984940154478,0.5063423059647902,48.628853849126955,28.692569010023494,Chernozem,UkrAgroTech,зрошення застосовано,2024-06-17
24,F0125,FARM08,2024,Sunflower,Sunflower-V5,79.6,ha,2024-03-13,2024-09-15,41.251295045214256,bu_ac,23.46846050582826,100.1,1,0,in,27.488698585208244,in,14.377716789254919,0.8375523161608726,0.9478253154316917,49.84655638606195,31.991085846658333,Chernozem,Field Master,без примітки,2024-05-23
25,F0101,FARM07,2024,Sunflower,Sunflower-V2,17,ha,2024-05-16,2024-09-09,70.15181984997503,bu_ac,29.66828211932443,154.4,6,115.60703431023285,mm,614.7301434888504,mm,12.208582530496642,0.4929095782805234,0.5979288206202908,48.70140651554707,28.65725658612838,Loam,SunField Co,зрошення застосовано,2024-06-01
26,F0179,FARM11,2024,wheat,Wheat-V2,206.4,ac,12.04.2024,06.08.2024,3.5220054113306105,t_ha,13.375189827289432,86.4,2,197.28386281058192,NA,259.4836881849915,NA,14.542118639685214,0.47402561283670364,0.5997690355870873,49.552445307798216,32.97517384169856,Loam,AgroService Ltd,без примітки,2024-08-07
27,F0127,FARM10,2024,Wheat,Wheat-V1,106.2,ha,2024-04-11,2024-09-11,3.7663128955755383,NA,15.605789514258504," 209,4 ",6,0,mm,23.69701480043788,in,13.05245520081371,0.6980090302182361,0.761585643235594,48.57490972454473,29.015494271554985,Sandy,UkrAgroTech,норма,2024-07-12
28,F0009,FARM04,2024,Corn,Corn-V2,35,ac,2024-03-22,2024-09-21,11.774661874165758,t_ha,12.932549148332328,102.4,5,0,mm,9.660711346054818,in,21.16372923878953,0.6860361879458651,0.7892070817062631,49.20708387859026,33.922112769877074,Chernozem,Pole Plus,норма,2024-06-25
29,F0124,FARM09,2024,Wheat,Wheat-V4,57.3,ha,2024-05-05,2024-08-21,7.964369550580159,t_ha,17.756143552949652,36.6,5,0,in,20.75422811871908,in,12.57254916569218,NA,NA,48.58700871274853,29.276934476479425,Chernozem,agroservice ltd,без примітки,2024-07-18
30,F0142,FARM07,2024,Corn,Corn-V1,159.3,ac,2024-05-02,2024-08-01,8.802484347485006,t_ha,19.25800644629635,177,0,0,in,435.8041663770564,NA,21.217082746559754,0.7504382201237604,0.8445727640064433,49.31349099417589,33.76999556794111,Chernozem,Pole Plus,зрошення застосовано,2024-05-31
31,F0077,FARM04,2024,Wheat,Wheat-V4,41.1,ha,2024-03-30,2024-09-05,6.755926354788244,t_ha,30.263744741445407,109.5,5,243.18909210851416,mm,176.70616175746545,mm,17.99898967705667,NA,NA,49.33041619112436,30.646195764256642,Chernozem,AgroService Ltd,норма,2024-06-08
32,F0123,FARM08,2024,Wheat,Wheat-V3,100.1,ha,2024-04-06,2024-08-17,57.53589068562966,bu_ac,30.95647318707779,14.3,6,356.39447539579123,mm,607.9553066403605,mm,15.641979494132102,0.48772925466764716,0.6158500802703202,49.77811908343388,30.24446113924496,NA,sunfield co,норма,2024-09-22
33,F0094,FARM04,2024,Sunflower,Sunflower-V1,194.5,ac,18.04.2024,07.10.2024,2.930003578355536,t_ha,18.565608207834885," 177,9 ",4,368.35784160066396,mm,618.6045424081385,mm,13.807362733175978,0.5889264247613027,0.6578172869281843,49.23248761920212,29.0682082680529,NA,Field Master,проблема з дренажем,2024-05-24
34,F0062,FARM09,2024,Wheat,Wheat-V1,90.4,NA,2024-03-16,2024-09-26,4.418003676226363,t_ha,25.066392104607075,90.6,3,0,in,413.5354637634009,mm,16.50783714442514,0.7957924272865057,0.846085999161005,49.80851256471407,31.566230955846144,Chernozem,Pole Plus,проблема з дренажем,2024-07-09
35,F0052,FARM04,2024,WHEAT ,Wheat-V5,262.9,ac,2024-04-15,2024-09-15,4.9587876938749105,t_ha,15.2466960020829,129.8,6,0,in,175.7571724941954,NA,17.107824750011787,NA,NA,49.35262847162364,31.40098313575378,Loam,Field Master,перевірити,2024-06-28
36,F0072,FARM02,2024,Corn,Corn-V1,70.4,NA,2024-04-20,2024-08-20,121.78274242290456,bu_ac,27.951986566651613,50.5,6,187.96216417104006,mm,11.552894374311675,in,17.115997955668718,NA,NA,49.868002256372016,29.259328951485458,Loam,UkrAgroTech,без примітки,2024-05-29
37,F0030,FARM07,2024,Wheat,Wheat-V3,123.7,ac,2024-08-07,2024-04-25,83.03445130434402,bu_ac,32.997949754819274,150.9,3,303.60774827422574,mm,470.2351025072858,mm,17.842249265871942,0.5541690533515066,0.6728431674651801,49.66297258011485,33.915239915442186,chernozem,AgroService Ltd,без примітки,2024-08-12
38,F0058,FARM01,2024,Wheat,Wheat-V5,23.2,ac,2024-04-14,2024-10-08,76.78585919934875,bu_ac,27.77602813160047,35.3,5,0,mm,661.4985143765807,mm,12.695475316839293,0.3958326630759984,0.5,30.89629959314363,49.18076005902374,Chernozem,field master,проблема з дренажем,2024-08-14
39,F0085,FARM01,2024,Corn,Corn-V5,106.5,ac,22.03.2024,10.09.2024,93.71283141952483,bu_ac,20.907615615054965,148.5,2,81.63947711000219,mm,153.01108391722664,mm,19.693877591053024,0.754299829271622,0.8418369960971176,49.037773122534155,33.29814495395497,Chernozem,GreenCrop ,добре,2024-07-17
40,F0140,FARM01,2024,Wheat,Wheat-V4,168.2,ac,2024-05-03,2024-07-27,61.268685793816864,bu_ac,8.299098634161055,32.7,5,4.307932655352689,in,12.093886707388744,in,19.161694906419143,0.7636079631280154,0.8506899486295879,48.877923005721996,32.68727189538721,Chernozem,GreenCrop,норма,2024-06-03
41,F0086,FARM10,2024,Wheat,Wheat-V4,76.6,ha,2024-04-14,2024-08-26,90.68106345411661,bu_ac,51.91445309109986,148.9,6,15.287403981146353,in,261.60426371498033,mm,12.95841936999932,0.5155612463364377,0.6214501134352758,49.46506709000236,30.871625154437965,Clay,  UkrAgroTech ,посуха,2024-06-16
42,F0069,FARM05,2024,Soy,Soy-V1,24.9,ac,2024-03-19,2024-08-03,1.615064037963748,t_ha,31.1472301739268,162.3,4,9.228781398246433,in,457.8039458836429,mm,21.600855943048373,0.5291374330641702,0.5930319704813882,48.76715906085679,33.17149420317682,Chernozem,SunField Co,добре,2024-09-05
43,F0081,FARM11,2024,Soy,Soy-V3,102.2,ha,2024-03-21,2024-09-03,NA,NA,31.022788552334532,54.4,5,3.913523627932763,in,593.7410652521066,mm,21.848467608215287,0.6251455827383324,0.6861133854836226,49.64354762136284,33.545173297272534,Chernozem,field master,добре,2024-07-11
44,F0084,FARM08,2024,Soy,Soy-V4,33.8,ha,29.03.2024,02.10.2024,35.510377669194924,bu_ac,33.855568261118606,32.6,5,4.620746370243627,in,205.25239204289392,mm,20.816378625808284,NA,NA,49.115645309073386,31.39496738188202,Chernozem,sunfield co,посуха,2024-08-25
45,F0132,FARM08,2024,Corn,Corn-V4,40.8,ha,2024-04-24,2024-08-23,9.017840614076704,NA,28.56416151765734,74.4,2,0,mm,615.835236874409,mm,22.62135248654522,0.7548053504666313,0.9037493257550522,48.861345076068766,30.590337796685287,Chernozem,UkrAgroTech,перевірити,2024-07-24
46,F0036-ALT,FARM06,2024,Sunflower,Sunflower-V5,102.3,ha,2024-04-21,2024-08-07,1.985393129149452,t_ha,10.878711528144777,97.2,5,0,mm,357.3639764334075,mm,13.82031901855953,0.6623590775066986,0.7873004112858325,49.745719578690824,32.28786277510338,Chernozem,  UkrAgroTech ,добре,2024-08-07
47,F0044,FARM02,2024,Soy,Soy-V2," 43,0",ha,2024-04-03,2024-08-16,2.59509133559186,NA,22.17825759900734,66.1,0,15.08198688026723,in,11.913593340111442,in,15.952172871679068,NA,NA,49.43351887770323,29.190381043586882,Chernozem,Field Master,перевірити,2024-06-13
48,F0161,FARM03,2024,Wheat,Wheat-V2,43.6,ha,2024-04-24,2024-09-18,25.759885869920254,t_ha,19.30367785040289,114.6,2,0,mm,693.4982943348587,mm,22.691886255517602,0.5289705924456939,0.6238795876968651,48.78854147093929,31.042263055078223,Sandy,GreenCrop ,добре,2024-05-22
49,F0106,FARM08,2024,Sunflower,Sunflower-V3," 92,9",ha,06.05.2024,14.09.2024,73.05152113181784,bu_ac,18.101373933721334,99.2,4,0,in,9.070430428988674,in,15.441293412819505,0.8132954581174999,0.91600658709649,48.802430170864334,32.021926630538424,Sandy,  UkrAgroTech ,зрошення застосовано,2024-05-20
50,F0003,FARM01,2024,Corn,Corn-V5,43.5,ac,2024-04-02,2024-08-23,99.08192784000474,bu_ac,17.268254621885717,170.8,0,257.12129306048155,mm,25.33499691699536,in,20.552715743426234,0.486152398888953,0.6353659051703289,49.836275325906,28.9835720234802,Chernozem,SunField Co,добре,2024-09-02
51,F0046,FARM12,2024,Corn,Corn-V3,84.5,ha,2024-03-19,2024-07-30,11.263869379879907,t_ha,17.755124284187332,197.3,3,0,mm,526.8125344184227,mm,12.310517691774294,0.7203335094032809,0.846724608913064,49.06077132399287,30.46170370443072,NA,field master,посуха,2024-05-07
52,F0027,FARM11,2024,Wheat,Wheat-V1,13.4,ha,2024-04-11,2024-08-25,71.04003579144049,bu_ac,29.219453471014276,92.5,2,0,mm,244.36179915210232,mm,16.26963267661631,0.4986640635412186,0.5519191827392206,49.28818153585587,28.92035883822758,NA,agroservice ltd,без примітки,2024-05-21
53,F0054,FARM12,2024,Wheat,Wheat-V1," 99,5",ha,2024-03-31,2024-09-12,NA,NA,11.279644238296896,202.8,4,278.0198715161532,mm,663.8334121322259,mm,15.356105137616396,0.3542104977183044,0.5039019145071506,49.56398012921121,33.36538589074836,Loam,Pole Plus,норма,2024-06-14
54,F0179,FARM11,2024,Wheat,Wheat-V2,206.4,ac,2024-04-12,2024-08-06,52.33291844473418,bu_ac,13.375189827289432,86.4,2,197.28386281058192,mm,10.215893235629586,in,14.542118639685214,0.48502874004188923,0.5989919939078391,49.552445307798216,32.97517384169856,Loam,AgroService Ltd,без примітки,2024-07-29
55,F0034,FARM08,2024,Corn,Corn-V5,68.7,ha,2024-05-04,2024-08-09,10.725200979970396,t_ha,33.02079915814102,195.2,0,13.692518476191468,in,282.7533442527056,mm,16.33513083262369,0.6240982003742829,0.7396479637362062,63.8085079472512,19.90154270082712,NA,UkrAgroTech,норма,2024-06-08
56,F0024-ALT,FARM10,2024,Wheat,Wheat-V2,72.5,ha,2024-04-13,2024-07-30,4.762097687460482,t_ha,19.154896181542426," 181,3 ",5,236.88224479556084,mm,588.7861508992501,mm,18.82153136911802,0.5165579321561381,0.6323789696209132,49.7410730830979,28.56914668935491,Loam,UkrAgroTech,добре,2024-09-25
57,F0082,FARM10,2024,Wheat,Wheat-V4,19.2,ha,2024-03-29,2024-07-29,6.10893265530467,NA,32.46651548938826,12.3,4,50.7750705932267,mm,467.5954924430698,mm,14.567363708978519,0.3657588896108791,0.5,49.167345152378545,31.0308623474706,Chernozem,  UkrAgroTech ,без примітки,2024-06-03
58,F0005,FARM11,2024,Sunflower,Sunflower-V1,205.5,ac,2024-05-09,2024-09-24,72.20260932379844,bu_ac,19.04513090988621,176.2,0,0,NA,18.99775354820487,in,14.62618981860578,0.3981371961068362,0.5163325747009366,49.92335815852322,30.392267190224025,Loam,GreenCrop,норма,2024-09-24
59,F0019,FARM11,2024,Wheat,Wheat-V2,60.7,ha,2024-05-10,2024-09-11,5.31180421425961,t_ha,32.17060883902013,156.6,4,0,mm,271.8910946161486,mm,17.419262438081205,0.42447811029851434,0.5394017345504835,49.75099767027749,33.50730465129996,Chernozem,UkrAgroTech,норма,2024-09-15
60,F0045,FARM04,2024,soya,Soy-V5,65.6,ac,2024-03-14,2024-09-05,NA,bu_ac,33.817639887332916,3.1,4,167.99084219383076,mm,209.26512194564566,mm,22.452876013005152,0.6010450230911374,0.6867328949039802,48.63255987493694,29.782886407746936,Chernozem,SunField Co,без примітки,2024-09-23
61,F0076,FARM03,2024,Soy,Soy-V4,105.3,NA,30.03.2024,13.08.2024,33.88673694663159,bu_ac,28.390503726433963,139.3,4,130.34406080842018,mm,623.5888537485152,NA,18.85033021075651,0.4151455805636942,0.5469826844288036,49.265796064311175,32.96725059500616,Chernozem,AgroService Ltd,добре,2024-05-31
62,F0036-ALT,FARM06,2024,Sunflower,Sunflower-V5,101.6,ha,2024-04-21,2024-08-07,1.985393129149452,t_ha,10.878711528144777,97.2,5,0,mm,14.069447891079037,in,13.82031901855953,NA,NA,49.745332958735105,32.2881541544178,Chernozem,UkrAgroTech,добре,2024-06-25
63,F0031,FARM05,2024,Soy,Soy-V3,109.5,ha,2024-04-03,2024-07-30,2.228302590432577,t_ha,26.67496727243997,135.5,3,0,mm,26.27583389036636,in,19.135653902310878,0.5218729422427714,0.6437988625839353,49.35609250772931,33.76655535801966,Chernozem,UkrAgroTech,зрошення застосовано,2024-06-01
64,F0052,FARM04,2024,Wheat,Wheat-V5,106.4,ha,2024-04-15,2024-09-15,73.68183794762126,bu_ac,15.2466960020829,129.8,6,0,mm,6.919573720243914,in,17.107824750011787,0.3746969191357493,0.5,49.35262847162364,31.40098313575378,Loam,Field Master,перевірити,2024-08-21
65,F0014,FARM01,2024,Sunflower,Sunflower-V5,100.3,ha,2024-05-07,2024-08-31,2.067710507288575,t_ha,33.71312448033132,134.9,0,320.32549518626183,mm,501.0063139721751,mm,14.761905671097338,NA,NA,49.2867364769727,29.94537253516866,Chernozem,GreenCrop ,норма,2024-06-19
66,F0017,FARM11,2024,Wheat,Wheat-V3,28.3,ha,2024-05-07,2024-09-08,NA,t_ha,23.96355865523219,218.7,5,296.03390557458624,mm,248.1187612283975,NA,14.853540858486667,0.6071808664361015,0.6655326164560392,49.38711796706217,33.68186379124084,Chernozem,GreenCrop,перевірити,2024-07-22
67,F0056,FARM11,2024,Maize,Corn-V1,251.9,ac,2024-04-04,2024-09-18,89.85056468822467,bu_ac,25.900315821403638,32.2,0,257.2361152037047,mm,203.32660430576652,mm,15.078384353080764,0.47159162887837736,0.5227037690579891,48.981845473898574,32.978933228631504,Loam,sunfield co,зрошення застосовано,2024-06-18
68,F0084,FARM08,2024,Soy,Soy-V4,83.5,ac,29.03.2024,02.10.2024,2.389848417136818,t_ha,33.855568261118606,32.6,5,117.36695780418813,mm,205.25239204289392,mm,20.816378625808284,0.6522784056374803,0.7563279331428929,49.115645309073386,31.39496738188202,Chernozem,SunField Co,посуха,2024-05-24
69,F0155,FARM12,2024,WHEAT ,Wheat-V4,137.6,ac,2024-05-07,2024-08-08,94.81897627115582,bu_ac,9.874784131767228,83.4,5,0,mm,422.0934542710893,mm,19.4212010120973,0.49919084694702176,0.6380793504649773,49.641987479628064,32.22231671045022,NA,UkrAgroTech,норма,2024-08-30
70,F0171,FARM03,2024,Corn,Corn-V4,118.8,ha,2024-04-10,2024-10-08,NA,bu_ac,17.791147832758725,215.3,6,10.310191992032305,in,515.4188661254011,mm,22.187703826930374,0.35488876143936066,0.5,49.1256769034192,32.45889498128044,Loam,UkrAgroTech,зрошення застосовано,2024-05-31
71,F0086,FARM10,2024,Wheat,Wheat-V4,76.6,ha,2024-04-14,2024-08-26,90.68106345411661,bu_ac,29.41356469434686,148.9,6,388.3000611211173,mm,261.60426371498033,mm,12.95841936999932,NA,NA,49.46506709000236,30.871625154437965,Clay,UkrAgroTech,посуха,2024-07-31
72,F0178,FARM04,2024,soya,Soy-V4,94.9,ha,2024-05-13,2024-09-29,3.3467323697404936,NA,17.27106159972027,191.2,0,172.24945093039423,mm,217.30307484976947,mm,21.25247910292819,0.45784158029127864,0.6014934628503397,49.10760136450315,29.508594120971395,Chernozem,AgroService Ltd,добре,2024-07-26
73,F0015,FARM12,2024,Soy,Soy-V4,12.5,ha,2024-04-18,2024-10-09,NA,NA,8.886731988750398,111.7,0,105.8902857475914,mm,580.1193816005252,mm,19.334382025059313,0.38508662967942653,0.5150069380644708,48.51713964290591,33.08347146948008,Loam,AgroService Ltd,посуха,2024-08-25
74,F0135,FARM12,2024,Soy,Soy-V3,94.6,ha,2024-03-20,2024-10-11,30.16531662731798,bu_ac,18.322982348734513,53.4,1,178.02001381060109,mm,601.0817830334418,mm,13.386080408701673,NA,NA,48.67350321437791,32.122315931226595,Loam,agroservice ltd,добре,2024-06-26
75,F0168,FARM08,2024,Soy,Soy-V5,72.3,ha,2024-03-31,2024-09-15,44.72467221318292,bu_ac,27.445725149242207,192.8,4,0,mm,22.79586571142239,in,17.33591666794382,0.35819799164310095,0.5,49.13223352007242,33.89931096423045,Chernozem,Field Master,норма,2024-08-31
76,F0174,FARM04,2024,Corn,Corn-V1,16.1,ac,18.03.2024,07.10.2024,10.633934138342738,t_ha,33.40831537498161,218.8,2,186.893791181501,mm,282.4498112197034,mm,16.436864268500358,0.8226692457916215,0.95,49.6052515952331,32.44228378771851,Sandy,Field Master,норма,2024-05-31
77,F0104,FARM05,2024,Corn,Corn-V5,294,ac,25.04.2024,03.09.2024,8.51801749994047,NA,23.50176070490852,169.8,2,0,mm,26.411862298662914,in,17.50824711495079,0.7722808214835822,0.8763150257989764,49.98386206947407,32.580725477786274,Sandy,field master,посуха,2024-07-11
78,F0056,FARM11,2024,Corn,Corn-V1,101.9,NA,2024-04-04,2024-09-18,5.642615462420508,t_ha,25.900315821403638,32.2,0,257.2361152037047,mm,203.32660430576652,mm,15.078384353080764,0.8043231818825006,0.9288007144816219,48.981845473898574,32.978933228631504,Loam,SunField Co,зрошення застосовано,2024-07-31
79,F0144,FARM07,2024,Soy,Soy-V2,63.3,ha,2024-05-13,2024-09-19,45.33818463502897,bu_ac,13.919538143323734,5.9,0,128.2055058167316,NA,643.9867452252656,mm,22.30574955465272,0.3784150413936004,0.5159034807933494,49.29231072146259,31.272586572988892,loamy,Pole Plus,проблема з дренажем,2024-09-21
80,F0069,FARM05,2024,Soy,Soy-V1,10.1,ha,2024-03-19,2024-08-03,23.997979761719883,bu_ac,31.1472301739268,162.3,4,234.41104751545936,mm,457.8039458836429,mm,21.600855943048373,0.5077046815073117,0.6468441026518121,48.76715906085679,33.17149420317682,Chernozem,SunField Co,добре,2024-07-08
81,F0150,FARM08,2024,Wheat,Wheat-V5," 242,6",ac,20.03.2024,02.08.2024,6.154148577013984,t_ha,13.887586144031957,106.7,0,236.79680690402165,mm,398.4629520447925,mm,14.52006634278223,0.67234810199588535,0.8160075951600447,48.95343883008463,33.19040964336554,Clay,GreenCrop,зрошення застосовано,2024-07-23
82,F0164,FARM03,2024,Corn,Corn-V4,85.1,NA,2024-04-30,2024-10-11,NA,bu_ac,33.77032370865345,215.2,0,73.30882124369964,NA,592.9097151616588,mm,15.549476432148367,0.5424477126449346,0.609636127972044,49.914415598589464,30.158200040886644,Clay,  UkrAgroTech ,зрошення застосовано,2024-06-14
83,F0032,FARM01,2024,WHEAT ,Wheat-V2,42.3,ha,2024-05-03,2024-08-14,104.27143439625627,bu_ac,33.50682721869089," 66,1 ",0,135.23330679163337,mm,646.1757565150037,mm,18.733013882068917,0.6945473707979545,0.7771465846337378,49.57713327798201,32.340360407900064,Loam,Field Master,добре,2024-08-01
84,F0046,FARM12,2024,Corn,Corn-V3,208.7,ac,2024-03-19,2024-07-30,11.263869379879907,t_ha,17.755124284187332,197.3,3,0,in,526.8125344184227,mm,12.310517691774294,0.5983642059378326,0.7454451497644186,49.06077132399287,30.46170370443072,Sandy,Field Master,посуха,2024-07-03
85,F0013,FARM07,2024,Soy,Soy-V4,75.1,ac,2024-03-24,2024-07-31,1.5638884480576962,t_ha,18.23589786584489,99,3,0,mm,268.4657947975211,mm,15.249980145599693,0.6654480388620868,0.8142001202097162,48.841545167677566,33.74680080015305,Loam,UkrAgroTech,перевірити,2024-09-08
86,F0085,FARM01,2024,Corn,Corn-V5,43.1,ha,2024-03-22,2024-09-10,5.885165813146159,t_ha,20.907615615054965,148.5,2,81.63947711000219,mm,153.01108391722664,NA,19.693877591053024,NA,NA,49.037773122534155,33.29814495395497,Chernozem,GreenCrop,добре,2024-07-07
87,F0012,FARM08,2024,WHEAT ,Wheat-V1,147.6,ac,2024-03-29,2024-08-08,56.19418194287776,bu_ac,15.898796650581062," 61,5 ",3,0,NA,200.00586214009672,mm,19.253235162701458,0.49011413138359783,0.5550105383386835,49.69919395426847,33.494804591340014,Clay,agroservice ltd,без примітки,2024-06-05
88,F0172,FARM07,2024,Soy,Soy-V2,68.9,ha,19.03.2024,31.08.2024,3.0678909642156214,t_ha,24.415084859821945,212.5,3,372.6175685529597,mm,15.132994573438673,in,12.69675330631435,0.7896599313477054,0.8726316571701318,49.835118879934306,29.703766385059804,Clay,AgroService Ltd,перевірити,2024-09-18
89,F0088,FARM07,2024,Soy,Soy-V2,65.7,ac,2024-04-12,2024-08-31,25.628794721199025,bu_ac,8.521769009064883,180.7,0,0,in,15.411083266142699,in,13.934012849349529,0.3800018674461171,0.5,49.17844793230435,28.758923526777423,Clay,UkrAgroTech,норма,2024-09-17
90,F0134,FARM09,2024,Wheat,Wheat-V5,147.6,ac,2024-04-09,2024-10-13,3.326704054605216,t_ha,34.670905199833214,91.7,6,383.4495003335178,mm,654.5788513729349,mm,13.358298656065017,0.8119614124530926,0.95,49.787192783018114,32.46455617097672,Chernozem,Field Master,норма,2024-07-29
91,F0016,FARM11,2024,Soy,Soy-V2,45.2,ha,2024-04-27,2024-09-13,NA,NA,21.399339329684153,217.6,2,15.629358939811823,in,620.5024522962049,mm,12.320830673677847,0.8157086485531181,0.8837690095417201,49.810932067984254,31.087154991895893,Loam,UkrAgroTech,норма,2024-08-13
92,F0059,FARM09,2024,Soy,Soy-V3,162.2,ac,2024-04-02,2024-08-18,32.41134003111968,bu_ac,29.135752563364804,107.5,4,184.67664164490998,mm,556.7708818241954,mm,14.91598909208551,0.591373129771091,0.6964285501977429,49.76617471058527,30.517252327460795,Loam,Field Master,проблема з дренажем,2024-07-11
93,F0014,FARM01,2024,Sun-flower,Sunflower-V5,100.3,NA,2024-05-07,2024-08-31,2.067710507288575,NA,33.71312448033132,134.9,0,320.32549518626183,mm,501.0063139721751,mm,14.761905671097338,0.43451505412813274,0.5524841624777764,49.2867364769727,29.94537253516866,Chernozem,GreenCrop,норма ,2024-05-28
94,F0119,FARM06,2024,Soy,Soy-V4,71.5,ac,2024-04-03,2024-07-29,2.867937058676034,t_ha,29.821756178746,109,4,9.720831679081266,in,419.1259160870686,mm,21.439845563145354,0.7903524481458589,0.8455271704588085,48.55449884758005,29.538418500605506,Sandy,AgroService Ltd,проблема з дренажем ,2024-06-03
95,F0019,FARM11,2024,wheat,Wheat-V2,60.7,NA,2024-05-10,2024-09-11,5.31180421425961,t_ha,32.17060883902013,156.6,4,0,mm,271.8910946161486,mm,17.419262438081205,0.4541726233670488,0.5186425597406924,49.75099767027749,33.50730465129996,Chernozem,UkrAgroTech,норма ,2024-05-09
96,F0099,FARM12,2024,soya,Soy-V2," 24,0",ac,2024-04-16,2024-07-30,NA,t_ha,28.330677752150223,74.2,1,202.06500816857442,mm,501.1654658475891,NA,12.653627194929868,0.6302498451201245,0.7311215474037454,49.988244747210764,33.796182937197386,Loam,GreenCrop,без примітки,2024-07-15
97,F0120,FARM11,2024,Wheat,Wheat-V1," 22,3",ha,2024-05-04,2024-08-25,7.822265973780304,t_ha,20.218908810755238,217.1,4,7.465374815519753,in,293.20350975031033,mm,17.087858494138345,0.44175717597827313,0.5637745534302666,49.351761254160664,33.340001792449044,Chernozem,UkrAgroTech,добре,2024-06-20
98,F0079,FARM10,2024,Soy,Soy-V2,66,ha,2024-04-19,2024-07-25,NA,t_ha,11.0691018528305,171,6,15.339069120222923,in,175.81010466674343,mm,17.81048515252769,NA,NA,48.73916009413311,33.228937569202856,Sandy,AgroService Ltd,посуха,2024-06-07
99,F0042-ALT,FARM12,2024,Wheat,Wheat-V5,19.5,ha,2024-05-13,2024-08-10,6.732753271469846,t_ha,27.660729489987716," 216,7 ",6,0,mm,494.1328864078969,mm,17.910219861660153,0.5301046271575615,0.6016203592764213,48.86010637697848,31.057705798601873,Loam,POLE PLUS,норма,2024-09-13
100,F0089,FARM05,2024,Soy,Soy-V5,106.9,ha,2024-04-20,2024-10-08,32.34425545974536,bu_ac,29.383761854842305,201.4,4,0,mm,394.36354429926723,mm,22.438791879685596,0.3589895506389439,0.5,49.69715944585903,32.28150970572978,Chernozem,sunfield co,зрошення застосовано,2024-08-20
101,F0148,FARM11,2024,Wheat,Wheat-V5," 80,2",NA,04.04.2024,25.07.2024,7.482028145575896,t_ha,14.90191361727193,187.3,4 apps,87.48800673056394,mm,25.19859218287949,in,16.551106797298416,0.7853252007858827,0.9211174588650465,49.724740576219745,28.782116849329324,Chernozem,  UkrAgroTech ,норма,2024-08-05
102,F0008,FARM11,2024,Corn,Corn-V4,34.5,ha,2024-03-26,2024-10-07,178.55556305070783,bu_ac,19.426203463226557,65.2,3,0,mm,337.0803668629378,mm,15.070234607439488,0.4967976584099233,0.5908513465197757,49.568975106118245,31.202223038999833,Clay,UkrAgroTech,проблема з дренажем,2024-07-04
103,F0063,FARM02,2024,Maize,Corn-V2,27.1,ha,2024-03-10,2024-09-21,5.591409159824252,NA,48.66488222591579,201.6,1,313.34581619594246,mm,438.1866673473269,mm,21.33092327415943,0.8092988324584439,0.8661559864645824,49.96069988476997,31.866894032699058,Loam,POLE PLUS,зрошення застосовано,2024-09-08
104,F0093,FARM12,2024,Wheat,Wheat-V3,15.9,NA,2024-05-14,2024-07-27,5.923251473112032,t_ha,12.945244940463454,72.1,4,0,in,632.7473153942265,mm,13.9202224528417,0.4885674211196601,0.6198008859762922,48.67061713130213,30.807204102511985,Loam,AgroService Ltd,норма,2024-09-27
105,F0115,FARM06,2024,Wheat,Wheat-V2,209.1,ac,2024-05-11,2024-09-26,3.1285439368803054,t_ha,34.41846174537204,180.4,2,393.06053766049445,mm,183.60017689410597,mm,21.49193315464072,0.5863724033348262,0.6851655750069767,49.75043270652369,29.703541767967867,Loam,AgroService Ltd,без примітки,2024-08-19
106,F0159,FARM05,2024,Soy,Soy-V3,33.4,ha,2024-04-01,2024-09-27,2.6886429379228503,t_ha,31.782064005499706,135.1,5,225.66881695529446,NA,670.4425037140027,mm,15.658486388856545,-0.17693409014726058,0.9164611464599147,49.43161847706465,33.26612068808126,Clay,AgroService Ltd,перевірити,2024-05-16
107,F0168,FARM08,2024,soya,Soy-V5,72.3,ha,2024-03-31,2024-09-15,3.0099704399472103,t_ha,27.445725149242207,192.8,4,0,mm,22.79586571142239,in,17.33591666794382,0.5926669454434886,0.7026543346932157,49.13223352007242,33.89931096423045,Chernozem,Field Master,норма,2024-07-12
108,F0173,FARM09,2024,Wheat,Wheat-V5,95,ha,2024-04-01,2024-08-09,5.262129568262026,t_ha,15.439239660743624,6.1,6,0,mm,491.482155630365,mm,13.824114047456533,0.8123967850347981,0.8747316280612721,49.695780777306766,32.89553318708949,chernozem,AgroService Ltd,перевірити,2024-05-29
109,F0109,FARM03,2024,soya,Soy-V5,192.4,ac,2024-05-19,2024-08-26,26.3500398192361,bu_ac,23.469693066785112," 203,7 ",6,290.31850955216214,mm,235.44656498124823,mm,15.440130766713992,0.8425324918003753,0.95,48.628853849126955,28.692569010023494,Chernozem,UkrAgroTech,зрошення застосовано,2024-07-11
110,F0020,FARM09,2024,Wheat,Wheat-V5,59.4,ha,2024-04-14,2024-08-21,61.30803988092367,bu_ac,15.103385385824367,146.9,0,348.0788524495438,mm,22.750679922829143,in,14.666194134391844,0.40958316777832804,0.5301696719136089,49.69430242420454,33.80321978305187,Chernozem,SunField Co,добре,2024-07-22
111,F0164,FARM03,2024,Corn,Corn-V4,85.1,NA,2024-04-30,2024-10-11,NA,bu_ac,33.77032370865345," 215,2 ",0,73.30882124369964,mm,592.9097151616588,NA,15.549476432148367,0.800784433633089,0.9112916584126651,49.914415598589464,30.158200040886644,NA,UkrAgroTech,зрошення застосовано,2024-07-02
112,F0092,FARM01,2024,soya,Soy-V5,200.9,ac,2024-03-28,2024-08-28,2.611221209866926,t_ha,34.96566034015268,176.1,2,0,mm,277.983666700311,mm,18.386603232007474,0.6266313022002578,0.6787140285596251,49.21578340178123,33.091440620661714,Chernozem,SunField Co,посуха,2024-06-08
113,F0107,FARM08,2024,Corn,Corn-V3," 67,9",ha,2024-04-02,2024-08-21,7.6183836637064815,t_ha,25.764335512649268,156.7,5,5.062354812911881,in,290.2303160633892,NA,12.319094770820811,0.6774270462570712,0.8030036556534469,49.41644257587334,33.41691162278829,Chernozem,  UkrAgroTech ,перевірити,2024-05-21
114,F0162,FARM02,2024,Soy,Soy-V5,23,ha,31.03.2024,30.07.2024,43.67089654764584,bu_ac,12.916325388010591,218.6,6,382.3411257471889,mm,14.726570256028737,in,18.141030692961067,0.4000208451412618,0.5,49.75033556248946,29.383213261691388,Sandy,AgroService Ltd,зрошення застосовано,2024-06-22
115,F0132,FARM08,2024,Corn,Corn-V4,40.8,ha,2024-04-24,2024-08-23,9.017840614076704,t_ha,28.56416151765734,74.4,2,0,in,615.835236874409,mm,22.62135248654522,0.6655266797402873,0.8051932405214757,48.861345076068766,30.590337796685287,Chernozem,UkrAgroTech,перевірити,2024-08-16
116,F0031,FARM05,2024,Soy,Soy-V3,109.5,ha,2024-04-03,2024-07-30,33.10999391430278,bu_ac,26.67496727243997,135.5,3,0,mm,667.4061808153056,mm,19.135653902310878,0.6574539034860208,0.756882081599906,49.35609250772931,33.76655535801966,Chernozem,UkrAgroTech,зрошення застосовано,2024-09-06
117,F0006,FARM11,2024,Sunflower,Sunflower-V3,8.2,ha,2024-03-30,2024-08-19,2.8886611659312624,t_ha,24.448023564182222,80.7,1,0,mm,643.3132129139267,mm,19.931904879398644,0.6691862152889371,0.7380417453823611,48.550681429362854,33.47886777517619,Chernozem,  UkrAgroTech ,перевірити ,2024-09-10
118,F0088,FARM07,2024,Soy,Soy-V2,26.6,ha,2024-04-12,2024-08-31,1.7248178847366944,t_ha,8.521769009064883,180.7,0,0,in,391.4415149600245,NA,13.934012849349529,-0.07238459117710591,0.5694472595350817,49.17844793230435,28.758923526777423,Clay,UkrAgroTech,норма,2024-05-10
119,F0077,FARM04,2024,Wheat,Wheat-V4,41.1,ha,2024-03-30,2024-09-05,100.38523558377777,bu_ac,30.263744741445407,109.5,5,9.574373705059614,in,6.95693550226242,in,17.99898967705667,0.6077606712002307,0.6636168242199346,49.33041619112436,30.646195764256642,Chernozem,agroservice ltd,норма,2024-07-14
120,F0095,FARM07,2024,Sunflower,Sunflower-V4,68.8,ha,2024-04-14,2024-09-11,2.5940496641909707,t_ha,19.77480822848156,34.7,0,162.70057179499418,mm,377.9096115846187,mm,22.067487297346815,0.7806524858111515,0.922532420232892,49.69332296749577,30.564059956158047,Loam,Field Master,зрошення застосовано,2024-07-27
121,F0106,FARM08,2024,Sunflower,Sunflower-V3,229.4,ac,2024-05-06,2024-09-14,73.05152113181784,bu_ac,18.101373933721334," 99,2 ",4,0,mm,9.070430428988674,in,15.441293412819505,0.6570138798793778,0.7415411196183413,48.802430170864334,32.021926630538424,NA,UkrAgroTech,зрошення застосовано,2024-08-16
122,F0079,FARM10,2024,Soy,Soy-V2,163,ac,2024-04-19,2024-07-25,NA,bu_ac,11.0691018528305,171,6,389.61235565366223,NA,175.81010466674343,mm,17.81048515252769,0.5002755616093054,0.6131092608673497,48.73916009413311,33.228937569202856,Sandy,agroservice ltd,посуха,2024-09-19
123,F0145,FARM03,2024,Corn,Corn-V4,64.5,ac,2024-04-12,2024-07-29,NA,t_ha,10.871985610341653,95.5,1,12.576441990952265,in,252.08336173091084,mm,15.344214049633592,NA,NA,49.34811512997281,33.22835833417112,Loam,GreenCrop,перевірити,2024-07-11
124,F0001,FARM12,2024,Soy,Soy-V2,101.3,ha,2024-03-19,2024-09-12,29.868085529270513,bu_ac,17.93795979418792,154.9,3,0,mm,590.9014337114058,mm,13.458090962609276,NA,NA,49.4540542535414,30.06492411188316,chernozem,UkrAgroTech,перевірити,2024-08-24
125,F0023,FARM10,2024,Wheat,Wheat-V3,57.6,ha,2024-04-23,2024-09-02,3.061734013725072,t_ha,17.170026327483356,51.3,3,0,in,16.118280746328725,in,14.805122779682279,NA,NA,49.21183699728316,29.74882334249979,Chernozem,POLE PLUS,добре,2024-05-17
126,F0152,FARM03,2024,Wheat,Wheat-V3,63.9,ac,16.05.2024,18.09.2024,81.73564885553377,bu_ac,22.96561143663712," 24,2 ",6,15.531339261435178,in,581.9952062913217,mm,22.873982571763918,0.45468833020422605,0.5411988188046962,49.91272284011962,31.751929140125405,CLAY ,AgroService Ltd,зрошення застосовано ,2024-07-20
127,F0138,FARM03,2024,Wheat,Wheat-V1,118.5,ac,2024-03-13,2024-09-26,7.036230405326933,t_ha,15.604115300346166,110.5,6,275.000131316483,mm,25.132842429759584,in,20.817127760965377,0.7214355536503717,0.8668533925665542,49.08998581484007,29.543514587605838,Clay,SunField Co,перевірити,2024-09-05
128,F0084,FARM08,2024,Soy,Soy-V4," 33,8",ha,2024-03-29,2024-10-02,35.510377669194924,bu_ac,33.855568261118606,32.6,5,117.36695780418813,NA,205.25239204289392,mm,20.816378625808284,0.41233268324285743,0.5,49.115645309073386,31.39496738188202,chernozem,SunField Co,посуха,2024-06-17
129,F0080,FARM04,2024,soya,Soy-V5," 62,2",ac,2024-05-08,2024-09-03,2.089523832895793,NA,28.996699631214142,47.2,2,0,mm,326.4474817784503,mm,19.707293085753918,0.7819762351224199,0.855403089011088,49.301019012641625,29.616434515206144,Loam,AgroService Ltd,норма,2024-05-18
130,F0017,FARM11,2024,Wheat,Wheat-V3," 69,9",ac,2024-05-07,2024-09-08,NA,t_ha,23.96355865523219,218.7,5,296.03390557458624,mm,248.1187612283975,NA,14.853540858486667,0.7499097415944561,0.8350272187730298,49.38711796706217,33.68186379124084,Chernozem,GreenCrop,перевірити,2024-07-16
131,F0023,FARM10,2024,Wheat,Wheat-V3,57.6,ha,2024-04-23,2024-09-02,45.49381892607834,bu_ac,17.170026327483356,51.3,3,0,mm,16.118280746328725,in,14.805122779682279,0.7913559485692531,0.8585780720459297,49.21183699728316,29.74882334249979,NA,Pole Plus,добре,2024-05-25
132,F0166,FARM05,2024,Wheat,Wheat-V3,7.9,ha,2024-03-22,2024-09-21,51.247786182528266,bu_ac,21.413335915654898,160.7,0,379.64964722050354,mm,15.343205712269992,in,13.137468068860471,0.44164967969991265,0.5023041092557833,48.712514942226,28.890570213146976,Chernozem,field master,перевірити,2024-08-31
133,F0136,FARM11,2024,Sun-flower,Sunflower-V2,17.9,ha,2024-04-01,2024-09-23,59.3209419056381,bu_ac,25.45047884900123,142.4,2,0,mm,540.1184814749286,mm,18.960239252075553,0.42108419749420134,0.50387433541473,48.63458840176416,33.68670769157354,Chernozem,UkrAgroTech,без примітки,2024-08-21
134,F0133,FARM07,2024,Wheat,Wheat-V5,276.8,ac,2024-04-19,2024-10-13,108.10352590995085,bu_ac,29.271521711023524,17.2,6,272.31019923929125,mm,20.278052745412626,in,16.89900145982392,0.5911335362121463,0.7153067213948816,49.65165245913761,32.19512559332512,Chernozem,Pole Plus,проблема з дренажем,2024-09-08
135,F0032,FARM01,2024,Wheat,Wheat-V2,42.3,ha,2024-05-03,2024-08-14,104.27143439625627,bu_ac,33.50682721869089,66.1,0,5.324145936678479,in,646.1757565150037,mm,18.733013882068917,0.3518874967936426,0.5,49.57713327798201,32.340360407900064,Loam,Field Master,добре,2024-08-22
136,F0066,FARM12,2024,Soy,Soy-V5,66.1,ha,2024-03-10,2024-08-01,1.979856226593256,t_ha,31.90986208897084,160.2,5,102.09759729914367,mm,533.786695857998,mm,13.175283188698813,0.6700926997233182,0.7548330426216125,49.48291347293416,30.620346061817838,loamy,GreenCrop,посуха,2024-07-19
137,F0138,FARM03,2024,Wheat,Wheat-V1,47.9,ha,2024-03-13,2024-09-26,104.55022890530361,bu_ac,15.604115300346166,110.5,6,10.826776823483584,in,25.132842429759584,in,20.817127760965377,0.5410566958831623,0.6079488982446491,49.08998581484007,29.543514587605838,Clay,sunfield co,перевірити,2024-07-07
138,F0126,FARM09,2024,Wheat,Wheat-V5,6.6,ha,2024-05-16,2024-09-12,96.43702020171204,bu_ac,34.60148771526292,107.3,1,226.57641526311636,mm,329.87683715764433,mm,22.9114323889371,0.7754466779530048,0.8982614459237084,48.60969832455506,31.912795842677824,Loam,Field Master,посуха,2024-07-23
139,F0059,FARM09,2024,Soy,Soy-V3,65.6,ha,2024-04-02,2024-08-18,32.41134003111968,bu_ac,29.135752563364804,107.5,4,184.67664164490998,mm,21.92011345764549,in,14.91598909208551,0.6462935410905629,0.7813118838937954,49.76617471058527,30.517252327460795,Loam,Field Master,проблема з дренажем,2024-08-18
140,F0011,FARM09,2024,Soy,Soy-V2," 12,1",ha,21.03.2024,10.09.2024,1.7823932317551225,t_ha,15.288367704488337,168.7,6,0,mm,21.923881878445705,in,19.363613890949637,0.6011835163459182,0.6716369684319943,49.25161404642835,32.07060271275882,Sandy,agroservice ltd,проблема з дренажем,2024-09-08
141,F0176,FARM04,2024,Soy,Soy-V1,132.3,ac,2024-03-10,2024-08-09,2.5274108074372634,t_ha,26.231627743924037,160.7,1,0,in,11.822973272128868,in,18.564889275468886,NA,NA,48.95107018770231,30.064787929418497,Loam,sunfield co,проблема з дренажем,2024-08-17
142,F0094,FARM04,2024,Sunflower,Sunflower-V1,194.5,ac,18.04.2024,07.10.2024,51.40357155009712,bu_ac,18.565608207834885,177.9,4,368.35784160066396,mm,618.6045424081385,mm,13.807362733175978,NA,NA,49.23248761920212,29.0682082680529,Chernozem,Field Master,проблема з дренажем ,2024-09-21
143,F0104,FARM05,2024,Corn,Corn-V5,119,ha,2024-04-25,2024-09-03,8.51801749994047,NA,23.50176070490852,169.8,2,0,mm,26.411862298662914,in,17.50824711495079,0.5930786014301702,0.7324440602213145,49.98386206947407,32.580725477786274,Sandy,Field Master,посуха ,2024-05-20
144,F0082,FARM10,2024,Wheat,Wheat-V4,19.2,ha,2024-03-29,2024-07-29,6.10893265530467,t_ha,32.46651548938826," 12,3 ",4,50.7750705932267,mm,467.5954924430698,mm,14.567363708978519,0.42411260774824766,0.5691227999748663,49.167345152378545,31.0308623474706,Chernozem,  UkrAgroTech ,без примітки,2024-05-25
145,F0151,FARM11,2024,Corn,Corn-V2,174.7,ac,2024-03-13,2024-07-28,99.27185466602019,bu_ac,19.714003268862143,42.3,4,183.3354412112385,NA,19.286878856162975,in,20.457409860100597,0.4231662578182295,0.5710612363647669,49.43271184646711,32.97038999099192,Chernozem,AgroService Ltd,проблема з дренажем,2024-09-29
146,F0165,FARM02,2024,Wheat,Wheat-V1,26.8,ac,2024-04-05,2024-08-07,85.67400552044563,bu_ac,15.70379905984737,86.7,2,263.34470976144075,mm,332.7344842487946,mm,15.95848182309419,0.6191729167709127,0.6991117597790435,49.17852524817828,33.677258818270175,Loam,Field Master,проблема з дренажем,2024-06-10
147,F0006,FARM11,2024,Sunflower,Sunflower-V3,8.2,ha,2024-03-30,2024-08-19,50.67826606896951,bu_ac,24.448023564182222," 80,7 ",1,0,mm,643.3132129139267,mm,19.931904879398644,0.40621597147546706,0.5,48.550681429362854,33.47886777517619,Chernozem,UkrAgroTech,перевірити,2024-08-31
148,F0098,FARM06,2024,Corn,Corn-V3," 94,3",ha,2024-03-14,2024-10-14,157.2628185608288,bu_ac,14.54257819079794,141.9,3,7.982529446805322,in,25.293132771946873,in,12.269382697995752,NA,NA,49.70930212263251,30.622921599367636,chernozem,UkrAgroTech,добре,2024-08-14
149,F0068,FARM03,2024,Sunflower,Sunflower-V3,80,ha,19.04.2024,16.08.2024,46.36188500413769,bu_ac,14.55948887532577,117.2,1 apps,274.0152341662906,mm,24.56220971442407,in,17.97643334325403,0.43581310580484567,0.5511460003210231,48.91768954402394,29.8566254322161,NA,  UkrAgroTech ,норма,2024-08-17
150,F0103,FARM04,2024,Corn,Corn-V1," 111,3",ha,2024-05-01,2024-08-28,5.178210637765005,t_ha,24.153885109815747,8.9,3,3.6568897377560283,in,21.085859025648876,in,18.506399986101314,NA,NA,49.557062817221045,28.921630821413828,Chernozem,field master,перевірити,2024-08-12
151,F0091,FARM06,2024,Corn,Corn-V5,41,ha,2024-04-05,2024-08-04,6.31764811463654,t_ha,29.548939532134682,100.3,6,0,mm,301.5047265449539,mm,15.749498694902286,0.5599768655607477,0.708272517262958,49.71939282721793,33.7553081309069,Chernozem,GreenCrop,посуха,2024-08-23
152,F0025,FARM05,2024,Wheat,Wheat-V3,40.4,ha,27.03.2024,23.09.2024,106.8167458599735,bu_ac,15.889116916572675,167.3,2,0,mm,18.059657258714925,in,12.780669684987515,0.42425079611130057,0.5111378283705562,48.518229485790705,29.87878834747663,Loam,  UkrAgroTech ,без примітки,2024-08-15
153,F0116,FARM04,2024,Soy,Soy-V5," 107,6",ac,2024-03-26,2024-09-12,NA,t_ha,15.610496307024732,190.6,4,249.96498601976782,mm,566.568944172468,mm,19.374237705254927,NA,NA,49.61296878497536,33.785506481076126,chernozem,sunfield co,зрошення застосовано,2024-08-10
154,F0179,FARM11,2024,wheat,Wheat-V2,206.4,ac,2024-04-12,2024-08-06,3.5220054113306105,t_ha,13.375189827289432,86.4,2,197.28386281058192,mm,10.215893235629586,in,14.542118639685214,0.5813493106048554,0.7075614774599671,49.552445307798216,32.97517384169856,Loam,agroservice ltd,без примітки,2024-07-17
155,F0148,FARM11,2024,Wheat,Wheat-V5,80.2,ha,2024-04-04,2024-07-25,7.482028145575896,NA,14.90191361727193,187.3,4,3.44440971380173,in,640.044241445139,mm,16.551106797298416,0.5395236066775396,0.6433812382165343,49.724740576219745,28.782116849329324,Chernozem,  UkrAgroTech ,норма,2024-09-15
156,F0002,FARM02,2024,Wheat,Wheat-V1,69.4,ha,2024-03-23,2024-09-02,4.806339310714975,t_ha,26.463998208288103,100.9,3,0,mm,5.972830679058648,in,16.566699263639748,0.46679972684942184,0.5339476353721693,49.5349362976132,33.65781548029557,Clay,AgroService Ltd,норма,2024-09-24
157,F0029,FARM10,2024,Sunflower,Sunflower-V4,52.1,ha,2024-05-19,2024-08-22,4.1085846982430665,t_ha,30.790966553613544," 163,3 ",2,0,in,363.9988965704106,mm,16.463625044329092,NA,NA,48.92368549982598,33.29896603370318,Chernozem,  UkrAgroTech ,проблема з дренажем,2024-08-20
158,F0123,FARM08,2024,Wheat,Wheat-V3,100.1,ha,2024-04-06,2024-08-17,57.53589068562966,bu_ac,30.95647318707779,14.3,6,356.39447539579123,mm,23.93524829292758,in,15.641979494132102,0.7207208114210516,0.8560629017883912,49.77811908343388,30.24446113924496,Clay,SunField Co,норма,2024-05-06
159,F0008,FARM11,2024,Corn,Corn-V4,34.5,ha,2024-03-26,2024-10-07,178.55556305070783,bu_ac,19.426203463226557,65.2,3,0,mm,337.0803668629378,mm,15.070234607439488,0.4524141430389136,0.5169825649587437,49.568975106118245,31.202223038999833,Clay,UkrAgroTech,проблема з дренажем,2024-05-16
160,F0049,FARM05,2024,Corn,Corn-V5,88,ha,2024-04-20,2024-08-14,10.829807770205662,t_ha,22.617144369287416,109.1,5,0,mm,400.17773038707674,mm,13.98245380166918,0.44637552127242086,0.5587405890924856,48.84955125702871,30.407608780310955,Loam,AgroService Ltd,перевірити,2024-05-24
161,F0153,FARM04,2024,Soy,Soy-V2,40.2,NA,2024-05-04,2024-10-13,3.7785891802050173,t_ha,9.40988503023982,216.3,5,5.669904847108708,in,20.324541502412206,in,16.376285347389057,0.6341599715175107,0.692864629579708,49.09074176510796,33.68834777986352,Clay,AgroService Ltd,добре,2024-07-31
162,F0043,FARM10,2024,Corn,Corn-V3,7.1,ha,2024-04-12,2024-08-03,10.715020951582119,t_ha,11.51242827414535," 212,9 ",4,0,in,21.03191335166724,in,22.92213953495957,0.49421803958248345,0.6071031762752682,48.81349743588688,28.924607792825906,Chernozem,  UkrAgroTech ,добре,2024-05-23
163,F0173,FARM09,2024,Wheat,Wheat-V5,234.6,ac,2024-04-01,2024-08-09,5.262129568262026,t_ha,15.439239660743624,6.1,6,0,mm,491.482155630365,mm,13.824114047456533,0.7127004307927564,0.8017839073901996,49.695780777306766,32.89553318708949,Chernozem,agroservice ltd,перевірити,2024-05-15
164,F0072,FARM02,2024,Corn,Corn-V1,174,ac,2024-04-20,2024-08-20,7.647956224158406,NA,27.951986566651613,50.5,6,7.400085203584255,in,293.4435171075165,mm,17.115997955668718,0.5210588941350579,0.6135341043118387,49.868002256372016,29.259328951485458,loamy,  UkrAgroTech ,без примітки,2024-06-30
165,F0056,FARM11,2024,Corn,Corn-V1,101.9,ha,2024-04-04,2024-09-18,89.85056468822467,bu_ac,25.900315821403638,32.2,0,257.2361152037047,mm,8.00498442148687,in,15.078384353080764,0.3854346391977742,0.5,48.981845473898574,32.978933228631504,Loam,sunfield co,зрошення застосовано,2024-09-07
166,F0064,FARM03,2024,wheat,Wheat-V3,57.9,ha,2024-05-02,2024-08-24,3.405883757630363,t_ha,24.34519357350655,206,2,348.50384613964707,mm,469.225350394845,mm,17.54613612871617,NA,NA,48.83223545020539,32.1746045597787,chernozem,SunField Co,перевірити,2024-06-06
167,F0141,FARM11,2024,Wheat,Wheat-V5,88.8,ha,2024-04-15,2024-08-09,95.85524789842307,bu_ac,28.36499449168332,36.1,5,0,mm,15.375195892425035,in,21.810954986838624,1.0144486320507713,0.8032991761807352,49.1347486006557,33.06861239753198,Clay,GreenCrop,перевірити,2024-06-05
168,F0017,FARM11,2024,Wheat,Wheat-V3,28.3,ha,2024-05-07,2024-09-08,NA,bu_ac,23.96355865523219,218.7,5,11.654878172227805,in,9.768455166472343,in,14.853540858486667,NA,NA,49.38711796706217,33.68186379124084,Chernozem,GreenCrop,перевірити,2024-07-24
169,F0054,FARM12,2024,WHEAT ,Wheat-V1,99.5,ha,2024-03-31,2024-09-12,NA,t_ha,11.279644238296896,202.8,4,278.0198715161532,mm,663.8334121322259,mm,15.356105137616396,0.6670096869580447,0.7900122623424977,49.56398012921121,33.36538589074836,Loam,Pole Plus,норма,2024-08-13
170,F0154,FARM06,2024,Soy,Soy-V4,15.3,ha,2024-03-31,2024-10-02,57.655326374439746,bu_ac,21.664070404833183,108.6,0,11.300490398187279,in,502.89698826381937,mm,17.845397881697863,0.5795895570423454,0.6326213898602873,49.637026182342325,31.349870851341638,Sandy,agroservice ltd,добре,2024-06-15
171,F0048,FARM10,2024,Wheat,Wheat-V1,17.6,ac,2024-04-22,2024-07-28,6.191566556924954,t_ha,26.46387166250497,4.1,0,15.150090039700387,in,180.19466057885438,mm,16.956649717874825,0.4203463975805789,0.5294956903206184,49.01796225197799,28.747218930426985,Chernozem,GreenCrop,без примітки,2024-08-25
172,F0114,FARM04,2024,Wheat,Wheat-V5,69.8,ac,2024-05-16,2024-08-16,3.132714224746451,t_ha,18.424006418557838,119.4,1,0,mm,175.6747178384103,NA,19.000138474162668,0.5785918950801715,0.6400715312222018,49.533308472967704,31.22206176491082,Clay,SunField Co,посуха,2024-09-03
173,F0168,FARM08,2024,soya,Soy-V5,72.3,ha,2024-03-31,2024-09-15,44.72467221318292,bu_ac,27.445725149242207,192.8,4,0,mm,579.0149890701286,mm,17.33591666794382,0.6009341713739559,0.7058304166886955,49.13223352007242,33.89931096423045,NA,Field Master,норма,2024-07-03
174,F0075,FARM05,2024,wheat,Wheat-V4,180.2,ac,2024-04-26,2024-10-09,4.641496212687343,t_ha,27.030563293024898,136.9,6,359.3832022626884,mm,410.4126699618064,mm,12.50206284946762,0.4909324585692957,0.6201024911599233,48.99341193875345,28.67462091157772,NA,  UkrAgroTech ,без примітки,2024-08-09
175,F0048,FARM10,2024,Wheat,Wheat-V1,17.6,ac,2024-04-22,2024-07-28,6.191566556924954,t_ha,26.46387166250497," 4,1 ",0,384.81228700838983,mm,7.094277975545449,in,16.956649717874825,0.48847344438545404,0.5548297831788659,49.01796225197799,28.747218930426985,Chernozem,GreenCrop,без примітки,2024-09-27
176,F0098,FARM06,2024,Corn,Corn-V3," 94,3",ha,2024-03-14,2024-10-14,9.876105005620047,t_ha,14.54257819079794," 141,9 ",3,202.75624794885516,mm,642.4455724074505,NA,12.269382697995752,0.8148179234936833,0.8908233884721994,49.70930212263251,30.622921599367636,Chernozem,UkrAgroTech,добре,2024-05-20
177,F0131,FARM09,2024,Corn,Corn-V4,26.7,ac,2024-04-25,2024-08-17,9.480443362612277,t_ha,12.542420317418873,132.9,2,233.54354484472424,mm,580.5571991484612,mm,19.730936092091724,0.6188868206460029,0.6893192009534687,49.37046749598859,29.62757496253727,Loam,Field Master,без примітки,2024-05-24
178,F0034,FARM08,2024,Corn,Corn-V5,68.7,ha,2024-05-04,2024-08-09,10.725200979970396,t_ha,33.02079915814102,195.2,0,347.7899692952633,mm,282.7533442527056,mm,16.33513083262369,0.7139191520633176,0.8061767862644046,48.962404261286835,32.477248424302786,loamy,UkrAgroTech,норма,2024-09-05
179,F0037,FARM09,2024,WHEAT ,Wheat-V2," 50,7",ac,2024-04-26,2024-09-23,NA,bu_ac,16.962209057994187,103.9,6,109.6621275646612,mm,469.98611208982766,mm,18.768763575470075,0.5581919442862272,0.6246314491843804,49.38881930866651,32.95508813529835,Clay,Pole Plus,норма,2024-07-06
180,F0117,FARM10,2024,WHEAT ,Wheat-V2," 77,8",ha,2024-04-13,2024-07-25,7.688482908532023,t_ha,22.67579868552275," 107,8 ",5,0,mm,25.777926089198104,in,22.50023498479277,0.4721776463789865,0.5880791693227365,48.51653294270579,31.982219828517643,Loam,Field Master,норма,2024-07-05
181,F0051,FARM12,2024,Corn,Corn-V3,84.4,ha,2024-04-09,2024-09-25,115.7914151869133,bu_ac,23.58738955296576,48.5,6,61.23316171579063,mm,283.2469788379967,mm,21.54012934677303,0.6580150582827627,0.7654872061219066,48.692686037635426,32.44254565196391,Loam,UkrAgroTech,добре,2024-08-30
182,F0128,FARM09,2024,Wheat,Wheat-V5,54.7,ha,2024-04-04,2024-09-01,97.07959223176071,bu_ac,32.29299695510417,140.8,1,14.667898243729494,in,209.36940402025357,mm,18.317926909774542,0.6536922781029716,0.7404957032063976,48.75750580350449,29.233339671749157,Chernozem,  UkrAgroTech ,посуха,2024-05-08
183,F0013,FARM07,2024,Soy,Soy-V4,30.4,NA,2024-03-24,2024-07-31,1.5638884480576962,NA,18.23589786584489,99,3,0,mm,268.4657947975211,mm,15.249980145599693,NA,NA,48.841545167677566,33.74680080015305,NA,UkrAgroTech,перевірити,2024-08-28
184,F0001,FARM12,2024,Soy,Soy-V2,101.3,ha,2024-03-19,2024-09-12,29.868085529270513,bu_ac,17.93795979418792,154.9,3,0,mm,590.9014337114058,mm,13.458090962609276,0.560879681748338,0.6587459090165794,49.4540542535414,30.06492411188316,Chernozem,UkrAgroTech,перевірити,2024-08-04
185,F0131,FARM09,2024,Corn,Corn-V4,10.8,ha,25.04.2024,17.08.2024,9.480443362612277,t_ha,12.542420317418873,132.9,2,233.54354484472424,mm,580.5571991484612,mm,19.730936092091724,0.7320125719066709,0.8807534528430552,49.37046749598859,29.62757496253727,NA,Field Master,без примітки,2024-08-04
186,F0171,FARM03,2024,Corn,Corn-V4,118.8,NA,2024-04-10,2024-10-08,NA,bu_ac,17.791147832758725,215.3,6,261.87887659762055,mm,515.4188661254011,mm,22.187703826930374,0.7126491150353104,0.8124249590793624,49.1256769034192,32.45889498128044,Loam,  UkrAgroTech ,зрошення застосовано,2024-08-18
187,F0076,FARM03,2024,Soy,Soy-V4,105.3,ha,2024-03-30,2024-08-13,2.2805773965083063,t_ha,28.390503726433963,139.3,4,130.34406080842018,mm,24.550742273563593,in,18.85033021075651,0.6651546203298494,0.7244562813546508,49.265796064311175,32.96725059500616,Chernozem,AgroService Ltd,добре,2024-08-05
188,F0151,FARM11,2024,Corn,Corn-V2,70.7,ha,2024-03-13,2024-07-28,6.234272473026067,t_ha,19.714003268862143,42.3,4,183.3354412112385,mm,489.8867229465395,mm,20.457409860100597,NA,NA,49.43271184646711,32.97038999099192,Chernozem,AgroService Ltd,проблема з дренажем,2024-09-22
189,F0154,FARM06,2024,Soy,Soy-V4,37.9,ac,2024-03-31,2024-10-02,3.880203464999795,t_ha,21.664070404833183,108.6,0,287.03245611395687,mm,502.89698826381937,mm,17.845397881697863,0.520820043887943,0.6070111708715558,49.637026182342325,31.349870851341638,Sandy,agroservice ltd,добре,2024-06-04
190,F0172,FARM07,2024,Soy,Soy-V2,170.3,ac,2024-03-19,2024-08-31,3.0678909642156214,t_ha,24.415084859821945,212.5,3,372.6175685529597,mm,384.37806216534227,mm,12.69675330631435,0.6157192874467,0.7350714301457628,49.835118879934306,29.703766385059804,Clay,agroservice ltd,перевірити,2024-08-09
191,F0028,FARM11,2024,wheat,Wheat-V4,155.2,ac,2024-05-04,2024-09-28,7.444094479549676,t_ha,22.334980565821752,108.1,2,0,mm,-36.28119689109735,mm,15.948781565064564,0.3606377397896722,0.5,49.552903190766926,30.733149683735334,Chernozem,UkrAgroTech,норма,2024-07-15
192,F0026,FARM09,2024,Wheat,Wheat-V3,-1.5,ha,2024-04-18,2024-09-23,6.498958412092179,t_ha,8.268493281910196,156.6,2,0,in,459.534997434821,mm,18.761905073188245,NA,NA,49.091910933538806,30.28095093904296,NA,Field Master,посуха,2024-09-16
193,F0137,FARM10,2024,Soy,Soy-V2,28.9,ha,2024-03-29,2024-08-28,31.521588831691606,bu_ac,30.699186260346323,193.8,0,109.95006404118612,mm,570.6789943389595,mm,22.94006816041656,0.5182508793892339,0.6083240401698277,49.30931271425355,29.305080797411968,Loam,AgroService Ltd,норма,2024-07-24
194,F0164,FARM03,2024,Corn,Corn-V4,210.2,ac,2024-04-30,2024-10-11,NA,t_ha,33.77032370865345,215.2,0,73.30882124369964,mm,592.9097151616588,mm,15.549476432148367,0.49725817833095787,0.5916635525645688,49.914415598589464,30.158200040886644,Clay,UkrAgroTech,зрошення застосовано,2024-05-03
195,F0134,FARM09,2024,WHEAT ,Wheat-V5,59.7,ha,2024-04-09,2024-10-13,3.326704054605216,t_ha,34.670905199833214,91.7,6,15.096437021004638,in,654.5788513729349,NA,13.358298656065017,0.46505087849218396,0.5816819018451497,49.787192783018114,32.46455617097672,NA,field master,норма,2024-09-16
196,F0135,FARM12,2024,Soy,Soy-V3,233.8,ac,2024-03-20,2024-10-11,30.16531662731798,bu_ac,18.322982348734513," 53,4 ",1,178.02001381060109,mm,601.0817830334418,mm,13.386080408701673,0.543262638291344,0.6037786920787767,48.67350321437791,32.122315931226595,Loam,agroservice ltd,добре,2024-06-14
197,F0005,FARM11,2024,Sunflower,Sunflower-V1,205.5,ac,2024-05-09,2024-09-24,72.20260932379844,bu_ac,19.04513090988621,176.2,0,0,mm,482.5429401244037,mm,14.62618981860578,0.6646016428945586,0.7917094703530893,49.92335815852322,30.392267190224025,Loam,GreenCrop ,норма,2024-09-19
198,F0016,FARM11,2024,Soy,Soy-V2,111.7,ac,2024-04-27,2024-09-13,NA,t_ha,21.399339329684153," 217,6 ",2,396.9857170712203,mm,24.429230405362397,in,12.320830673677847,0.36432600698899475,0.5,49.810932067984254,31.087154991895893,Loam,  UkrAgroTech ,норма,2024-05-11
199,F0040,FARM03,2024,Corn,Corn-V3,271.2,ac,2024-05-02,2024-09-14,5.620718193938956,t_ha,12.81843763566576,194.1,6,0,in,609.1534127132036,mm,13.06016567046754,NA,NA,49.231048672345004,30.595062955955044,Sandy,UkrAgroTech,добре,2024-05-12
200,F0137,FARM10,2024,Soy,Soy-V2,28.9,ha,29.03.2024,28.08.2024,21.736186306923628,t_ha,30.699186260346323," 193,8 ",0,109.95006404118612,mm,22.46767694247872,in,22.94006816041656,0.7328410727437585,0.8672348951222375,49.30931271425355,29.305080797411968,Loam,agroservice ltd,норма,2024-07-28
201,F0076,FARM03,2024,soya,Soy-V4,105.3,ha,30.03.2024,13.08.2024,2.2805773965083063,t_ha,51.59445198951289,139.3,4,130.34406080842018,mm,24.550742273563593,in,18.85033021075651,0.5130572286667302,0.5661187612684443,49.265796064311175,32.96725059500616,Chernozem,AgroService Ltd,добре,2024-07-13
202,F0011,FARM09,2024,soya,Soy-V2,29.8,ac,2024-03-21,2024-09-10,1.7823932317551225,t_ha,15.288367704488337,168.7,6,0,in,556.8665997125208,mm,19.363613890949637,0.6572953706141561,0.7392610479611903,49.25161404642835,32.07060271275882,Sandy,AgroService Ltd,проблема з дренажем,2024-08-20
203,F0039,FARM12,2024,Corn,Corn-V4,15,NA,2024-05-05,2024-08-31,99.0193210591141,bu_ac,34.9502484719269,198.9,3,280.52658766973764,mm,8.937176054812909,in,22.99271099618636,0.4928242007968947,0.5608457615366206,49.59117011536565,31.874453241174578,Chernozem,SunField Co,посуха,2024-09-19
204,F0099,FARM12,2024,Soy,Soy-V2,9.7,ha,2024-04-16,2024-07-30,NA,t_ha,28.330677752150223,74.2,1,202.06500816857442,mm,19.73092385226729,in,12.653627194929868,0.5970956643810496,0.6785298821981997,49.988244747210764,33.796182937197386,Loam,GreenCrop,без примітки,2024-09-15
205,F0025,FARM05,2024,Wheat,Wheat-V3,40.4,ha,2024-03-27,2024-09-23,106.8167458599735,bu_ac,15.889116916572675,167.3,2,0,in,458.71529437135905,mm,12.780669684987515,NA,NA,48.518229485790705,29.87878834747663,loamy,UkrAgroTech,без примітки,2024-05-20
206,F0087,FARM10,2024,Wheat,Wheat-V2,100.7,ha,2024-04-09,2024-08-24,6.539307911414653,t_ha,13.952209253329784,42.8,4,97.26972467033193,mm,472.65386392828077,mm,19.736648411257192,0.5146971683949232,0.614023918681778,49.616789512768854,28.80246420747787,Sandy,GreenCrop ,без примітки,2024-05-16
207,F0166,FARM05,2024,wheat,Wheat-V3,19.5,ac,2024-03-22,2024-09-21,3.4489760100841522,t_ha,21.413335915654898,160.7,0,379.64964722050354,mm,15.343205712269992,in,13.137468068860471,0.7330776402028277,0.8554446647176519,48.712514942226,28.890570213146976,Chernozem,Field Master,перевірити,2024-09-02
208,F0068,FARM03,2024,Sunflower,Sunflower-V3,80,ha,2024-04-19,2024-08-16,46.36188500413769,bu_ac,14.55948887532577,117.2,1,274.0152341662906,mm,623.8801267463714,mm,17.97643334325403,0.6656136898323893,0.7197797869332134,48.91768954402394,29.8566254322161,Loam,UkrAgroTech,норма,2024-08-21
209,F0015,FARM12,2024,Soy,Soy-V4,30.9,ac,2024-04-18,2024-10-09,NA,t_ha,8.886731988750398,111.7,0,4.168908887700449,in,22.839345732304142,in,19.334382025059313,0.8454839051933959,0.921268750121817,48.51713964290591,33.08347146948008,Loam,agroservice ltd,посуха,2024-05-12
210,F0111,FARM11,2024,Corn,Corn-V4," 64,2",ha,2024-03-21,2024-08-14,128.40692844808365,bu_ac,21.43571813055314," 194,0 ",6,266.05504255276173,mm,340.4401483130641,mm,16.69074723124504,NA,NA,49.45520813353639,31.921285093258604,Loam,SunField Co,норма ,2024-09-29
211,F0148,FARM11,2024,Wheat,Wheat-V5,80.2,ha,2024-04-04,2024-07-25,111.17426665045907,bu_ac,14.90191361727193,187.3,4,87.48800673056394,mm,640.044241445139,mm,16.551106797298416,NA,NA,49.724740576219745,28.782116849329324,Chernozem,UkrAgroTech,норма,2024-06-16
212,F0059,FARM09,2024,Soy,Soy-V3,162.2,ac,2024-04-02,2024-08-18,2.1812831840943545,NA,29.135752563364804,107.5,4,184.67664164490998,mm,556.7708818241954,NA,14.91598909208551,NA,NA,49.76617471058527,30.517252327460795,Loam,field master,проблема з дренажем,2024-09-01
213,F0101,FARM07,2024,Sunflower,Sunflower-V2,17,ha,2024-05-16,2024-09-09,3.9986537314485764,t_ha,29.66828211932443," 154,4 ",6,115.60703431023285,mm,24.20197415310435,in,12.208582530496642,0.8224838548572734,0.945112535636872,48.70140651554707,28.65725658612838,Loam,sunfield co,зрошення застосовано,2024-08-17
214,F0004,FARM04,2024,Soy,Soy-V3,220.7,ac,2024-05-14,2024-09-24,3.6313035796629265,t_ha,24.181020002113655,167.7,5,2.764050106748968,in,274.96327471453696,mm,13.058448714902624,0.6080196133349091,0.7019214163301513,49.49969187557697,33.00418895693403,Loam,field master,добре,2024-09-24
215,F0142,FARM07,2024,Corn,Corn-V1,64.5,ha,02.05.2024,01.08.2024,8.802484347485006,t_ha,19.25800644629635,177,0,0,mm,435.8041663770564,mm,21.217082746559754,0.704234708356671,0.8440081370295957,49.31349099417589,33.76999556794111,chernozem,Pole Plus,зрошення застосовано,2024-06-27
216,F0170,FARM06,2024,Corn,Corn-V3,27,ha,2024-03-14,2024-07-28,9.820581229869276,NA,8.1330595088657,183.1,5,0,mm,357.03690770315006,mm,12.848672702210024,0.4907285324530676,0.5960749079473316,49.51627001135936,30.202405713270885,Sandy,POLE PLUS,посуха,2024-08-30
217,F0083,FARM07,2024,Corn,Corn-V1,119.5,ha,2024-05-20,2024-07-27,6.069537280127406,t_ha,20.176201664609835,205.8,2,323.91201201826334,mm,603.208830812946,NA,18.38617093511857,0.5631796835456043,0.6827125196112319,49.92360987884924,30.777254025735893,Sandy,sunfield co,без примітки,2024-07-28
218,F0180,FARM08,2024,Wheat,Wheat-V3,25,ha,2024-05-07,2024-08-16,3.3748709976207465,t_ha,30.018077263608575,190,5,286.59209376201034,mm,171.45894406130537,mm,12.293255709810182,0.758125719986856,0.9057523599127307,48.80569585595978,30.47084330999898,Loam,Pole Plus,добре,2024-05-11
219,F0165,FARM02,2024,Wheat,Wheat-V1,10.9,ha,2024-04-05,2024-08-07,5.765860571525991,NA,15.70379905984737," 86,7 ",2,263.34470976144075,mm,332.7344842487946,mm,15.95848182309419,0.5821593419183045,0.6598515195772051,49.17852524817828,33.677258818270175,Loam,Field Master,проблема з дренажем,2024-08-17
220,F0094,FARM04,2024,Sunflower,Sunflower-V1,194.5,ac,2024-04-18,2024-10-07,51.40357155009712,bu_ac,18.565608207834885,177.9,4,368.35784160066396,mm,618.6045424081385,mm,13.807362733175978,0.6816724634496495,0.751699177827686,49.23248761920212,29.0682082680529,Chernozem,Field Master,проблема з дренажем,2024-06-25
221,F0021,FARM09,2024,Corn,Corn-V5,21.3,ha,2024-04-15,2024-08-13,117.42269444934858,bu_ac,17.89746408117935,57,6,0,mm,679.3555625830777,mm,20.370814201654866,0.4839217136846855,0.6333446265896783,48.94283583210548,33.610315172569365,Loam,Field Master,перевірити,2024-07-28
222,F0130,FARM02,2024,Soy,Soy-V3,47.2,ac,2024-04-11,2024-08-14,55.877802231699164,bu_ac,11.435311701381579,194.6,0,0,mm,419.93292538682,mm,20.795396254165098,0.7247903674375266,0.8160544894402847,48.77360281185479,32.58427027723333,CLAY ,Pole Plus,зрошення застосовано,2024-08-11
223,F0108,FARM10,2024,Wheat,Wheat-V5,56.1,ha,2024-05-16,2024-08-29,89.36506822666522,bu_ac,26.784220005385578,170.7,4,217.23426579264924,mm,14.780079614092399,in,19.0904314131476,0.4069036022061482,0.5,49.120600077540615,29.992807520525066,Chernozem,SunField Co,без примітки,2024-08-11
224,F0027,FARM11,2024,Wheat,Wheat-V1,13.4,ha,2024-04-11,2024-08-25,71.04003579144049,bu_ac,29.219453471014276,92.5,2,0,mm,244.36179915210232,mm,16.26963267661631,0.7556256753392517,0.8432570072123781,49.28818153585587,28.92035883822758,Chernozem,AgroService Ltd,без примітки,2024-07-01
225,F0131,FARM09,2024,Corn,Corn-V4,26.7,ac,2024-04-25,2024-08-17,9.480443362612277,t_ha,12.542420317418873," 132,9 ",2,233.54354484472424,mm,580.5571991484612,mm,19.730936092091724,0.4934009263757616,0.5602780607528984,49.37046749598859,29.62757496253727,Loam,field master,без примітки,2024-08-26
226,F0159,FARM05,2024,Soy,Soy-V3," 82,4",ac,2024-04-01,2024-09-27,39.950117948333585,bu_ac,31.782064005499706,135.1,5,8.884599092728129,in,670.4425037140027,mm,15.658486388856545,0.7265241050859913,0.8415878651663661,49.43161847706465,33.26612068808126,NA,AgroService Ltd,перевірити,2024-06-19
227,F0102,FARM03,2024,Sunflower,Sunflower-V5,78.3,ac,2024-04-12,2024-08-05,3.3900716088479386,t_ha,29.590100933797657,193.2,1,5.1852097908056924,in,560.9882000950165,mm,17.695493798470125,NA,NA,49.40506355357589,30.06993606412178,Sandy,Pole Plus,зрошення застосовано,2024-05-22
228,F0115,FARM06,2024,WHEAT ,Wheat-V2,209.1,ac,2024-05-11,2024-09-26,3.1285439368803054,t_ha,34.41846174537204,180.4,2,393.06053766049445,mm,183.60017689410597,mm,21.49193315464072,NA,NA,49.75043270652369,29.703541767967867,Loam,AgroService Ltd,без примітки,2024-08-04
229,F0062,FARM09,2024,WHEAT ,Wheat-V1,90.4,NA,2024-03-16,2024-09-26,65.6464142084155,bu_ac,25.066392104607075,90.6,3,0,in,413.5354637634009,mm,16.50783714442514,0.6443052556365728,0.7218185655074194,49.80851256471407,31.566230955846144,Chernozem,Pole Plus,проблема з дренажем,2024-06-08
230,F0134,FARM09,2024,wheat,Wheat-V5,59.7,ha,2024-04-09,2024-10-13,3.326704054605216,t_ha,34.670905199833214,91.7,6,383.4495003335178,mm,25.77082092019429,in,13.358298656065017,0.7501451331423595,0.8957289961865171,49.787192783018114,32.46455617097672,Chernozem,Field Master,норма,2024-09-04
231,F0166,FARM05,2024,Wheat,Wheat-V3,7.9,ha,2024-03-22,2024-09-21,51.247786182528266,bu_ac,21.413335915654898,160.7,0,379.64964722050354,mm,389.7174250916578,mm,13.137468068860471,0.4430720957694575,0.5,28.890570213146976,48.712514942226,Chernozem,Field Master,перевірити,2024-06-06
232,F0114,FARM04,2024,WHEAT ,Wheat-V5,28.3,ha,2024-05-16,2024-08-16,3.132714224746451,t_ha,18.424006418557838,119.4,1,0,mm,175.6747178384103,mm,19.000138474162668,0.4369218441657722,0.5237130862893536,49.533308472967704,31.22206176491082,Clay,sunfield co,посуха,2024-07-29
233,F0104,FARM05,2024,Maize,Corn-V5,294,ac,2024-04-25,2024-09-03,8.51801749994047,t_ha,23.50176070490852,169.8,2,0,in,670.861302386038,NA,17.50824711495079,0.6537857934832573,0.715119899995625,49.98386206947407,32.580725477786274,Sandy,Field Master,посуха,2024-06-08
234,F0041,FARM06,2024,Sun-flower,Sunflower-V5,25.1,ha,2024-04-08,2024-10-05,2.45502366120927,t_ha,24.47740547079593,149.1,1,0,mm,590.5649965978228,mm,16.42417799611576,0.5530925450380891,0.6103966567199677,49.27202126573399,29.58394480904611,Loam,SunField Co,зрошення застосовано,2024-06-28
235,F0107,FARM08,2024,Corn,Corn-V3,67.9,ha,02.04.2024,21.08.2024,121.31184177876564,bu_ac,25.764335512649268,156.7,5,128.58381224796176,mm,290.2303160633892,mm,12.319094770820811,0.8111298470990732,0.9466210997663438,49.41644257587334,33.41691162278829,chernozem,UkrAgroTech,перевірити,2024-08-03
236,F0124,FARM09,2024,Wheat,Wheat-V4,57.3,ha,2024-05-05,2024-08-21,118.34130090015096,bu_ac,17.756143552949652,36.6,5,0,mm,527.1573942154646,mm,12.57254916569218,0.772030339948833,0.9021877836668863,48.58700871274853,29.276934476479425,Chernozem,AgroService Ltd,без примітки,2024-09-26
237,F0165,FARM02,2024,Wheat,Wheat-V1,10.9,ha,2024-04-05,2024-08-07,5.765860571525991,t_ha,15.70379905984737,86.7,2,10.36790195911184,in,332.7344842487946,NA,15.95848182309419,0.3888643421465531,0.5,49.17852524817828,33.677258818270175,Loam,field master,проблема з дренажем,2024-09-26
238,F0153,FARM04,2024,Soy,Soy-V2,40.2,ha,2024-05-04,2024-10-13,56.14545587228852,bu_ac,9.40988503023982,216.3,5,144.01558311656117,mm,516.24335416127,mm,16.376285347389057,0.7916496800258755,0.9170411654515191,49.09074176510796,33.68834777986352,Clay,agroservice ltd,добре,2024-05-05
239,F0072,FARM02,2024,Corn,Corn-V1,70.4,ha,2024-04-20,2024-08-20,7.647956224158406,t_ha,27.951986566651613," 50,5 ",6,7.400085203584255,in,293.4435171075165,mm,17.115997955668718,0.8081285965396091,0.8844338060822338,57.724053238052875,18.601208634208888,Loam,UkrAgroTech,без примітки,2024-07-19
240,F0032,FARM01,2024,WHEAT ,Wheat-V2,42.3,ha,2024-05-03,2024-08-14,104.27143439625627,bu_ac,33.50682721869089,66.1,0,135.23330679163337,mm,25.439990413976528,in,18.733013882068917,0.6389077306026593,0.699667236325331,49.57713327798201,32.340360407900064,Loam,field master,добре,2024-08-24
241,F0146,FARM05,2024,Wheat,Wheat-V3,83.8,ha,2024-04-25,2024-10-07,110.9254263918487,bu_ac,24.580747057218105,61.6,0,342.52868506591767,mm,629.2486561578698,mm,22.852584965527058,0.36521828328259287,0.513629468693398,49.09781078606704,29.394144636219835,Chernozem,UkrAgroTech,добре,2024-05-08
242,F0120,FARM11,2024,Wheat,Wheat-V1,22.3,ha,2024-05-04,2024-08-25,7.822265973780304,NA,20.218908810755238,217.1,4,7.465374815519753,in,293.20350975031033,mm,17.087858494138345,0.45543449770193545,0.5056238630088046,49.351761254160664,33.340001792449044,Chernozem,  UkrAgroTech ,добре,2024-09-19
243,F0169,FARM10,2024,Corn,Corn-V5,221,ac,2024-04-15,2024-09-30,7.659786943346262,t_ha,15.85373682784848," 143,7 ",5,0,in,455.67375008249655,mm,12.820798456668854,0.4679488151101395,0.5964748637983575,48.6472723670844,29.63152911456302,Chernozem,UkrAgroTech,перевірити,2024-09-04
244,F0046,FARM12,2024,Corn,Corn-V3,84.5,ha,2024-07-30,2024-03-19,11.263869379879907,t_ha,17.755124284187332,197.3,3,0,mm,20.740650961355225,in,12.310517691774294,0.4597026318311691,0.596934060822241,49.06077132399287,30.46170370443072,Sandy,field master,посуха,2024-09-13
245,F0150,FARM08,2024,Wheat,Wheat-V5,98.2,ha,2024-03-20,2024-08-02,91.4435152602375,bu_ac,13.887586144031957,106.7,0,236.79680690402165,NA,398.4629520447925,mm,14.52006634278223,0.8367152059450745,0.8994841823121532,48.95343883008463,33.19040964336554,Clay,GreenCrop,зрошення застосовано,2024-07-19
246,F0169,FARM10,2024,Corn,Corn-V5,89.4,ha,15.04.2024,30.09.2024,7.659786943346262,t_ha,15.85373682784848,143.7,5,0,mm,455.67375008249655,mm,12.820798456668854,0.6920007972745225,0.7817359493346885,48.6472723670844,29.63152911456302,Chernozem,  UkrAgroTech ,перевірити,2024-09-13
247,F0007,FARM02,2024,Corn,Corn-V3,55.8,ha,10.05.2024,12.10.2024,9.336246751481667,t_ha,23.95917408587411,70.1,5,6.994873877911734,in,588.0648773279972,mm,15.72732785064727,0.5563108674483374,0.6941804207395762,49.740570404905824,28.654298932748848,Sandy,field master,зрошення застосовано,2024-09-05
248,F0032,FARM01,2024,Wheat,Wheat-V2,104.6,ac,03.05.2024,14.08.2024,-6.620851589261622,bu_ac,33.50682721869089," 66,1 ",0,5.324145936678479,in,25.439990413976528,in,18.733013882068917,0.5276806814596057,0.5962855156511068,49.57713327798201,32.340360407900064,Loam,field master,добре,2024-05-09
249,F0126,FARM09,2024,Wheat,Wheat-V5,6.6,NA,2024-05-16,2024-09-12,6.490211459575221,t_ha,34.60148771526292,107.3,1,226.57641526311636,mm,329.87683715764433,mm,22.9114323889371,0.5743196959607303,0.719078739755787,48.60969832455506,31.912795842677824,Loam,Field Master,посуха,2024-07-01
250,F0050,FARM01,2024,Soy,Soy-V3,232.7,ac,17.04.2024,06.10.2024,1.6846730092074722,t_ha,25.5337087335065,136,0,301.3413671753369,mm,412.05596568761393,mm,12.098440325818956,0.6934218380134552,0.7598286890191958,49.787299213327934,28.58746999834711,Sandy,UkrAgroTech,посуха,2024-06-03
251,F0091,FARM06,2024,Corn,Corn-V5,41,ha,04.08.2024,05.04.2024,6.31764811463654,t_ha,29.548939532134682,100.3,6,0,mm,301.5047265449539,mm,41.2435083813034,0.4257115157321095,0.5510485194157808,49.71939282721793,33.7553081309069,NA,GreenCrop,посуха,2024-05-07
252,F0001,FARM12,2024,Soy,Soy-V2,101.3,ha,2024-03-19,2024-09-12,2.0101221561199054,t_ha,17.93795979418792,154.9,3,0,mm,590.9014337114058,mm,13.458090962609276,0.44277046110946683,0.5799337604315951,49.4540542535414,30.06492411188316,Chernozem,UkrAgroTech,перевірити,2024-07-30
253,F0133,FARM07,2024,Wheat,Wheat-V5,112,ha,2024-04-19,2024-10-13,7.275367293739691,t_ha,29.271521711023524,17.2,6,272.31019923929125,mm,515.0625397334807,mm,16.89900145982392,0.48301319582387803,0.5815945750335231,49.65165245913761,32.19512559332512,Chernozem,POLE PLUS,проблема з дренажем,2024-07-25
254,F0120,FARM11,2024,Wheat,Wheat-V1,22.3,ha,2024-05-04,2024-08-25,116.22980644547258,bu_ac,20.218908810755238,217.1,4,7.465374815519753,in,293.20350975031033,mm,17.087858494138345,NA,NA,49.351761254160664,33.340001792449044,Chernozem,  UkrAgroTech ,добре,2024-09-10
255,F0044,FARM02,2024,soya,Soy-V2,43,ha,2024-04-03,2024-08-16,38.560049563029125,bu_ac,22.17825759900734,66.1,0,383.08246675878763,NA,302.6052708388306,mm,15.952172871679068,0.5362419508397579,0.636215718765743,49.43351887770323,29.190381043586882,Chernozem,Field Master,перевірити,2024-08-01
256,F0065,FARM09,2024,Corn,Corn-V3,30.5,ha,2024-03-30,2024-09-29,90.86001895376998,bu_ac,34.77548874542117,99.8,6,0,in,481.85180550208315,mm,18.06953860539943,0.35401549518574027,0.5,49.889454685844484,32.84471268676734,loamy,GreenCrop ,перевірити,2024-07-20
257,F0123,FARM08,2024,WHEAT ,Wheat-V3,100.1,ha,06.04.2024,17.08.2024,3.872165443142876,t_ha,30.95647318707779,14.3,6,356.39447539579123,NA,607.9553066403605,mm,15.641979494132102,0.494957423210144,0.6069781410275027,49.77811908343388,30.24446113924496,Clay,SunField Co,норма,2024-08-28
258,F0118,FARM04,2024,Wheat,Wheat-V2,89.2,ha,2024-05-15,2024-09-01,NA,bu_ac,9.177096034400165," 160,8 ",1,344.1367691732012,mm,538.0492500844412,mm,19.467462910572067,0.6251299306983128,0.7389924849150702,48.702890742109624,33.28011959618004,Chernozem,Pole Plus,проблема з дренажем,2024-06-20
259,F0078,FARM04,2024,Wheat,Wheat-V4,60.5,ha,2024-03-15,2024-09-30,55.96975664114151,bu_ac,9.50673251086846,207.2,4,4.708911343129337,in,416.9765734812245,mm,20.577170668635517,0.5036894175224006,0.5603954778518527,49.716007533497645,31.84393829084095,Loam,Field Master,проблема з дренажем,2024-07-19
260,F0123,FARM08,2024,wheat,Wheat-V3,100.1,ha,2024-04-06,2024-08-17,3.872165443142876,t_ha,30.95647318707779,14.3,6,14.031278558889419,in,607.9553066403605,mm,15.641979494132102,0.6942865341203287,0.7754996154457331,49.77811908343388,30.24446113924496,CLAY ,SunField Co,норма,2024-08-19
261,F0050,FARM01,2024,Soy,Soy-V3,94.2,NA,2024-04-17,2024-10-06,25.032288398327967,bu_ac,25.5337087335065,136,0,301.3413671753369,mm,412.05596568761393,mm,12.098440325818956,NA,NA,49.787299213327934,28.58746999834711,Sandy,UkrAgroTech,посуха,2024-06-15
262,F0049,FARM05,2024,Corn,Corn-V5,88,ha,2024-04-20,2024-08-14,10.829807770205662,t_ha,22.617144369287416,109.1,5,0,mm,15.755028755396722,in,13.98245380166918,0.5692079530796036,0.678583501954563,48.84955125702871,30.407608780310955,NA,AgroService Ltd,перевірити,2024-06-03
263,F0126,FARM09,2024,Wheat,Wheat-V5,6.6,ha,2024-05-16,2024-09-12,6.490211459575221,NA,34.60148771526292,107.3,1,226.57641526311636,mm,12.987277053450565,in,22.9114323889371,0.5214533714111894,0.5907468328718096,48.60969832455506,31.912795842677824,Loam,field master,посуха,2024-08-11
264,F0144,FARM07,2024,soya,Soy-V2,63.3,ha,2024-05-13,2024-09-19,45.33818463502897,bu_ac,13.919538143323734,5.9,0,5.047460858926441,in,25.353808867136443,in,22.30574955465272,0.8287399439373985,0.9171623702626676,49.29231072146259,31.272586572988892,Loam,Pole Plus,проблема з дренажем,2024-06-15
265,F0083,FARM07,2024,Corn,Corn-V1,295.2,ac,2024-05-20,2024-07-27,6.069537280127406,t_ha,20.176201664609835,205.8,2,12.752441418041865,in,603.208830812946,mm,18.38617093511857,0.788685622648336,0.8904397648526355,49.92360987884924,30.777254025735893,Sandy,SunField Co,без примітки,2024-09-15
266,F0134,FARM09,2024,Wheat,Wheat-V5,59.7,ha,2024-04-09,2024-10-13,49.4309666360359,bu_ac,34.670905199833214,91.7,6,15.096437021004638,in,654.5788513729349,mm,13.358298656065017,0.6010364928748458,0.7177797319367528,49.787192783018114,32.46455617097672,Chernozem,Field Master,норма,2024-09-11
267,F0089,FARM05,2024,Soy,Soy-V5,106.9,ha,2024-04-20,2024-10-08,2.176768392440863,t_ha,29.383761854842305,201.4,4,0,in,394.36354429926723,mm,22.438791879685596,0.7438207057770341,0.5481216372619383,49.69715944585903,32.28150970572978,Chernozem,SunField Co,зрошення застосовано,2024-07-27
268,F0110,FARM07,2024,Corn,Corn-V2,115.2,ha,2024-04-19,2024-10-11,9.866490167565644,t_ha,20.773488281061873,52,1,137.022539076861,mm,526.9480216433294,mm,15.931346965022385,0.633396186074242,0.7553320986917242,49.7786507780808,28.85294060078496,CLAY ,SunField Co,зрошення застосовано,2024-09-25
269,F0164,FARM03,2024,Corn,Corn-V4,85.1,ha,2024-04-30,2024-10-11,NA,bu_ac,33.77032370865345,215.2,0,73.30882124369964,mm,23.34290217171885,in,15.549476432148367,0.8094880623044446,0.9085804799338802,49.914415598589464,30.158200040886644,Clay,UkrAgroTech,зрошення застосовано,2024-09-02
270,F0033,FARM08,2024,Sun-flower,Sunflower-V5,15.3,ha,2024-05-08,2024-08-04,3.725355938030407,t_ha,20.60274729784578,109.3,4,0,mm,286.51455589570105,mm,17.779656806960702,0.5602142092771828,0.7082255811430513,49.8927680000295,33.46568400714826,Chernozem,SunField Co,без примітки,2024-07-11
271,F0046,FARM12,2024,Corn,Corn-V3,84.5,ha,2024-03-19,2024-07-30,11.263869379879907,NA,17.755124284187332,197.3,3,0,mm,20.740650961355225,in,12.310517691774294,0.6618091501528397,0.7221920530544593,49.06077132399287,30.46170370443072,Sandy,field master,посуха,2024-06-20
272,F0071,FARM08,2024,Soy,Soy-V4,211.1,ac,2024-03-31,2024-08-22,1.6600233017234132,t_ha,17.47556423721835,84.3,5,7.652603975757517,in,226.56443235464394,mm,14.330625753384084,0.5033215200761333,0.5615244286134838,49.031143221907314,31.1860824765414,NA,GreenCrop ,добре,2024-08-11
273,F0014,FARM01,2024,Sunflower,Sunflower-V5,100.3,ha,2024-05-07,2024-08-31,36.27562293488728,bu_ac,33.71312448033132,134.9,0,12.611239967963066,in,501.0063139721751,mm,14.761905671097338,NA,NA,49.2867364769727,29.94537253516866,Chernozem,GreenCrop,норма ,2024-08-05
274,F0142,FARM07,2024,Corn,Corn-V1,64.5,ha,2024-05-02,2024-08-01,-0.11352786957286298,t_ha,54.298872482031584,177,0,0,mm,17.1576443455534,in,21.217082746559754,0.6937369525199756,0.8216452324064448,49.31349099417589,33.76999556794111,Chernozem,Pole Plus,зрошення застосовано,2024-05-11
275,F0041,FARM06,2024,Sunflower,Sunflower-V5,25.1,ha,2024-04-08,2024-10-05,2.45502366120927,t_ha,24.47740547079593,149.1,1,0,in,590.5649965978228,mm,16.42417799611576,NA,NA,49.27202126573399,29.58394480904611,loamy,SunField Co,зрошення застосовано,2024-07-04
276,F0023,FARM10,2024,Wheat,Wheat-V3,142.4,ac,2024-04-23,2024-09-02,3.061734013725072,t_ha,17.170026327483356,51.3,3,0,mm,409.4043309567496,mm,14.805122779682279,0.4043286489555612,0.5315112686948851,49.21183699728316,29.74882334249979,Chernozem,Pole Plus,добре,2024-07-27
277,F0052,FARM04,2024,Wheat,Wheat-V5,106.4,ha,2024-04-15,2024-09-15,73.68183794762126,bu_ac,15.2466960020829,129.8,6,0,mm,175.7571724941954,mm,17.107824750011787,0.7860832422971725,0.8503862856188789,49.35262847162364,31.40098313575378,Loam,Field Master,перевірити,2024-07-13
278,F0027,FARM11,2024,Wheat,Wheat-V1,33,ac,2024-04-11,2024-08-25,4.780994408763945,t_ha,29.219453471014276,92.5,2,0,NA,244.36179915210232,mm,16.26963267661631,0.6188221556600183,0.6862712050089612,49.28818153585587,28.92035883822758,Chernozem,AgroService Ltd,без примітки,2024-08-06
279,F0052,FARM04,2024,WHEAT ,Wheat-V5,106.4,ha,15.04.2024,15.09.2024,4.9587876938749105,t_ha,15.2466960020829,129.8,6,0,mm,175.7571724941954,mm,17.107824750011787,0.8344315849477425,0.8945262908935546,49.35262847162364,31.40098313575378,loamy,field master,перевірити,2024-07-20
280,F0091,FARM06,2024,Corn,Corn-V5," 101,4",ac,2024-04-05,2024-08-04,100.5994922712825,bu_ac,29.548939532134682,100.3,6,0,mm,301.5047265449539,mm,15.749498694902286,0.6093724385369569,0.6645201328676194,49.71939282721793,33.7553081309069,Chernozem,GreenCrop ,посуха,2024-06-26
281,F0018,FARM05,2024,Wheat,Wheat-V1,74,ac,2024-05-20,2024-10-03,5.230952668469399,t_ha,28.708287546411157,60.7,4,11.637009056028361,in,159.66044400120154,mm,18.360134464222938,0.5699260470224544,0.7176906492328271,58.77599018625915,15.768385754199699,Chernozem,AgroService Ltd,добре,2024-08-23
282,F0126,FARM09,2024,WHEAT ,Wheat-V5,6.6,ha,16.05.2024,12.09.2024,96.43702020171204,bu_ac,34.60148771526292,107.3,1,8.92033130957151,in,329.87683715764433,mm,22.9114323889371,0.5352938438532874,0.6356689733220264,48.60969832455506,31.912795842677824,Loam,field master,посуха,2024-08-25
283,F0064,FARM03,2024,Wheat,Wheat-V3,57.9,ha,2024-05-02,2024-08-24,3.405883757630363,t_ha,24.34519357350655,206,2,348.50384613964707,mm,469.225350394845,mm,17.54613612871617,0.6130355957662686,0.7035568702733144,48.83223545020539,32.1746045597787,Chernozem,sunfield co,перевірити,2024-05-28
284,F0033,FARM08,2024,Sunflower,Sunflower-V5,37.8,ac,2024-05-08,2024-08-04,3.725355938030407,NA,20.60274729784578,109.3,4,0,in,286.51455589570105,NA,17.779656806960702,0.409313231613487,0.5,49.8927680000295,33.46568400714826,Chernozem,sunfield co,без примітки,2024-08-12
285,F0030,FARM07,2024,Wheat,Wheat-V3,50,ha,2024-04-25,2024-08-07,83.03445130434402,bu_ac,32.997949754819274,150.9,3,303.60774827422574,mm,470.2351025072858,mm,17.842249265871942,NA,NA,49.66297258011485,33.915239915442186,chernozem,AgroService Ltd,без примітки,2024-06-28
286,F0090,FARM09,2024,Wheat,Wheat-V5,83.1,ha,2024-04-28,2024-08-15,6.453804947203025,t_ha,17.972606759751216,202.5,5,168.5956076020375,mm,562.6235888223164,mm,21.238950131926686,0.6958379599032923,0.7856679053511471,48.73096422260627,29.940448035718408,Sandy,AgroService Ltd,зрошення застосовано,2024-06-04
287,F0175,FARM06,2024,Wheat,Wheat-V2,12.7,ha,2024-05-04,2024-10-10,7.75705360295251,t_ha,28.24534971592948,77.6,3,0,in,392.56868278607726,mm,18.48305880976841,0.7345943179912865,0.8520250976784155,49.68776870567584,32.85975864349492,Clay,AgroService Ltd,без примітки,2024-09-25
288,F0106,FARM08,2024,Sunflower,Sunflower-V3," 92,9",ha,2024-05-06,2024-09-14,73.05152113181784,bu_ac,18.101373933721334,99.2,4,0,NA,230.38893289631233,mm,15.441293412819505,NA,NA,48.802430170864334,32.021926630538424,Sandy,  UkrAgroTech ,зрошення застосовано,2024-06-18
289,F0017,FARM11,2024,Wheat,Wheat-V3,69.9,ac,2024-05-07,2024-09-08,NA,t_ha,23.96355865523219,218.7,5,296.03390557458624,mm,248.1187612283975,mm,14.853540858486667,0.5526770066004246,0.6169466007733717,49.38711796706217,33.68186379124084,Chernozem,GreenCrop,перевірити,2024-08-06
290,F0163,FARM10,2024,Wheat,Wheat-V5,62.1,ac,2024-04-10,2024-08-31,NA,t_ha,34.07951688673347,124.4,2,0,mm,152.8782540000975,mm,13.290560345165431,NA,NA,49.66298577970546,29.82237800655235,Loam,GreenCrop ,добре,2024-07-17
291,F0053,FARM03,2024,Sunflower,Sunflower-V2,100.3,ac,2024-03-10,2024-10-04,4.1983244064962495,t_ha,9.441359386779368,160,0,386.9585713953711,mm,611.9752018363215,mm,15.914453758625314,0.7655231012264266,0.8702749465825036,49.336399753715845,32.756670795050916,chernozem,agroservice ltd,посуха,2024-08-16
292,F0001,FARM12,2024,Soy,Soy-V2,101.3,ha,2024-03-19,2024-09-12,2.0101221561199054,t_ha,17.93795979418792,154.9,3,0,mm,590.9014337114058,NA,13.458090962609276,0.6622624289244413,0.7487519555492327,49.4540542535414,30.06492411188316,chernozem,UkrAgroTech,перевірити,2024-05-05
293,F0025,FARM05,2024,WHEAT ,Wheat-V3,99.8,ac,2024-03-27,2024-09-23,7.188766996376216,t_ha,15.889116916572675,167.3,2,0,mm,458.71529437135905,mm,12.780669684987515,0.41092382373753933,0.5432351380819455,48.518229485790705,29.87878834747663,Loam,UkrAgroTech,без примітки,2024-07-17
294,F0049,FARM05,2024,Corn,Corn-V5,217.4,ac,2024-04-20,2024-08-14,172.4491683153768,bu_ac,22.617144369287416,109.1,5,0,mm,400.17773038707674,mm,13.98245380166918,0.44091479436028747,0.528983290749602,58.752104623708874,18.377975657349452,Loam,AgroService Ltd,перевірити,2024-08-05
295,F0138,FARM03,2024,WHEAT ,Wheat-V1,47.9,ha,2024-03-13,2024-09-26,104.55022890530361,bu_ac,15.604115300346166,110.5,6,275.000131316483,mm,25.132842429759584,in,20.817127760965377,0.7537911908235401,0.8727758397115394,49.08998581484007,29.543514587605838,Clay,SunField Co,перевірити,2024-07-27
296,F0041,FARM06,2024,Sunflower,Sunflower-V5,25.1,ha,2024-04-08,2024-10-05,43.070590547531054,bu_ac,24.47740547079593,149.1,1,0,mm,590.5649965978228,mm,16.42417799611576,0.8298674132907763,0.95,49.27202126573399,29.58394480904611,Loam,SunField Co,зрошення застосовано,2024-06-21
297,F0045,FARM04,2024,Soy,Soy-V5,65.6,ac,2024-03-14,2024-09-05,NA,t_ha,33.817639887332916,3.1,4,167.99084219383076,mm,209.26512194564566,mm,22.452876013005152,0.8155803458299488,0.9481816268293186,48.63255987493694,29.782886407746936,NA,sunfield co,без примітки,2024-07-25
298,F0017,FARM11,2024,WHEAT ,Wheat-V3,69.9,ac,2024-05-07,2024-09-08,NA,bu_ac,23.96355865523219,218.7,5,11.654878172227805,in,9.768455166472343,in,14.853540858486667,NA,NA,49.38711796706217,33.68186379124084,chernozem,GreenCrop,перевірити,2024-05-31
299,F0033,FARM08,2024,Sunflower,Sunflower-V5,15.3,ha,2024-08-04,2024-05-08,3.725355938030407,t_ha,20.60274729784578,109.3,4,0,mm,286.51455589570105,mm,17.779656806960702,0.3894009477458894,0.5,49.8927680000295,33.46568400714826,Chernozem,SunField Co,без примітки,2024-05-02
300,F0123,FARM08,2024,WHEAT ,Wheat-V3,100.1,ha,2024-04-06,2024-08-17,57.53589068562966,bu_ac,30.95647318707779,14.3,6,14.031278558889419,in,607.9553066403605,mm,15.641979494132102,0.7510254452005029,0.8287551415152847,49.77811908343388,30.24446113924496,Clay,SunField Co,норма,2024-07-03
301,F0011,FARM09,2024,soya,Soy-V2," 12,1",ha,2024-03-21,2024-09-10,26.484297648664526,bu_ac,46.66074445145205,168.7,6,0,mm,556.8665997125208,mm,19.363613890949637,0.7570464427350089,0.8380095485132187,49.25161404642835,32.07060271275882,Sandy,agroservice ltd,проблема з дренажем,2024-07-20
302,F0049,FARM05,2024,Corn,Corn-V5,217.4,ac,20.04.2024,14.08.2024,172.4491683153768,bu_ac,22.617144369287416,109.1,5,0,mm,400.17773038707674,NA,13.98245380166918,0.6081955778878182,0.6644706059712916,48.84955125702871,30.407608780310955,Loam,agroservice ltd,перевірити,2024-07-16
303,F0089,FARM05,2024,Soy,Soy-V5,264.2,ac,2024-04-20,2024-10-08,32.34425545974536,bu_ac,29.383761854842305,201.4,4,0,in,15.526123791309734,in,22.438791879685596,0.46923476494848726,0.6025348129682242,49.69715944585903,32.28150970572978,Chernozem,sunfield co,зрошення застосовано,2024-05-26
304,F0026,FARM09,2024,Wheat,Wheat-V3,52.6,ha,2024-04-18,2024-09-23,6.498958412092179,t_ha,8.268493281910196,156.6,2,0,mm,459.534997434821,mm,18.761905073188245,0.6770477033220231,0.7548856034176424,49.091910933538806,30.28095093904296,Chernozem,field master,посуха,2024-09-26
305,F0144,FARM07,2024,Soy,Soy-V2,156.5,ac,2024-05-13,2024-09-19,3.05125982593745,t_ha,13.919538143323734,5.9,0,128.2055058167316,mm,643.9867452252656,NA,22.30574955465272,0.5531217557378113,0.659337388142012,49.29231072146259,31.272586572988892,Loam,POLE PLUS,проблема з дренажем,2024-06-16
306,F0156,FARM11,2024,Corn,Corn-V5,72.1,ha,2024-04-04,2024-08-14,130.88042286868284,bu_ac,24.276944635203108,130.8,3,78.51164541207254,mm,359.28360437974334,mm,22.235759356291965,NA,NA,49.31550892784772,30.349800994597377,Loam,AgroService Ltd,зрошення застосовано,2024-06-17
307,F0107,FARM08,2024,Corn,Corn-V3,67.9,ha,2024-04-02,2024-08-21,121.31184177876564,bu_ac,25.764335512649268,156.7,5,128.58381224796176,mm,290.2303160633892,mm,12.319094770820811,0.7383463095407933,0.8168031997978688,49.41644257587334,33.41691162278829,Chernozem,UkrAgroTech,перевірити,2024-06-05
308,F0180,FARM08,2024,Wheat,Wheat-V3,61.7,ac,2024-05-07,2024-08-16,3.3748709976207465,NA,30.018077263608575,190,5,11.283153297716943,in,171.45894406130537,NA,12.293255709810182,NA,NA,48.80569585595978,30.47084330999898,Loam,POLE PLUS,добре,2024-08-01
309,F0034,FARM08,2024,Maize,Corn-V5,68.7,ha,2024-05-04,2024-08-09,170.78345509507,bu_ac,33.02079915814102,195.2,0,347.7899692952633,mm,282.7533442527056,mm,16.33513083262369,0.56810857381206,0.6646920496830716,48.962404261286835,32.477248424302786,loamy,UkrAgroTech,норма,2024-09-09
310,F0102,FARM03,2024,Sun-flower,Sunflower-V5,31.7,ha,2024-04-12,2024-08-05,3.3900716088479386,t_ha,29.590100933797657,193.2,1,131.70432868646458,mm,560.9882000950165,NA,17.695493798470125,0.4485324211651459,0.5392194813583046,49.40506355357589,30.06993606412178,Sandy,Pole Plus,зрошення застосовано,2024-05-29
311,F0142,FARM07,2024,Corn,Corn-V1,64.5,ha,02.05.2024,01.08.2024,8.802484347485006,t_ha,19.25800644629635,177,0,0,NA,17.1576443455534,in,21.217082746559754,NA,NA,49.31349099417589,33.76999556794111,Chernozem,Pole Plus,зрошення застосовано,2024-08-04
312,F0162,FARM02,2024,Soy,Soy-V5,23,ha,2024-03-31,2024-07-30,43.67089654764584,bu_ac,12.916325388010591,218.6,6,382.3411257471889,mm,374.05488450312987,mm,18.141030692961067,NA,NA,49.75033556248946,29.383213261691388,NA,AgroService Ltd,зрошення застосовано,2024-07-02
313,F0179,FARM11,2024,Wheat,Wheat-V2,83.5,ha,2024-04-12,2024-08-06,357.71900381101364,bu_ac,13.375189827289432,86.4,2,197.28386281058192,mm,259.4836881849915,mm,14.542118639685214,0.8199545704061165,0.95,32.97517384169856,49.552445307798216,Loam,AgroService Ltd,без примітки,2024-06-18
314,F0114,FARM04,2024,Wheat,Wheat-V5," 28,3",ha,2024-05-16,2024-08-16,46.54850259652973,bu_ac,18.424006418557838,119.4,1,0,in,6.916327473953161,in,19.000138474162668,0.5847278883680701,0.6838776014512404,49.533308472967704,31.22206176491082,NA,SunField Co,посуха,2024-08-02
315,F0062,FARM09,2024,Wheat,Wheat-V1,90.4,ha,2024-03-16,2024-09-26,4.418003676226363,t_ha,25.066392104607075,90.6,3,0,in,413.5354637634009,mm,16.50783714442514,0.5,0.30596251515205947,49.80851256471407,31.566230955846144,Chernozem,Pole Plus,проблема з дренажем,2024-09-24
316,F0168,FARM08,2024,Soy,Soy-V5,72.3,ha,31.03.2024,15.09.2024,3.0099704399472103,NA,27.445725149242207," 192,8 ",4,0,mm,579.0149890701286,NA,17.33591666794382,0.7576523612020537,0.8174694185843691,49.13223352007242,33.89931096423045,Chernozem,Field Master,норма,2024-07-02
317,F0083,FARM07,2024,Maize,Corn-V1,119.5,ha,2024-05-20,2024-07-27,6.069537280127406,NA,20.176201664609835,205.8,2,323.91201201826334,NA,603.208830812946,mm,18.38617093511857,0.6313123195664957,0.7361601927084848,49.92360987884924,30.777254025735893,NA,sunfield co,без примітки,2024-08-10
318,F0002,FARM02,2024,WHEAT ,Wheat-V1,69.4,ha,2024-03-23,2024-09-02,71.41663165995506,bu_ac,26.463998208288103," 100,9 ",3,0,mm,151.70989924808964,mm,16.566699263639748,0.5038684894330799,0.6341406875522807,49.5349362976132,33.65781548029557,Clay,agroservice ltd,норма,2024-08-24
319,F0117,FARM10,2024,Wheat,Wheat-V2,192.2,ac,2024-04-13,2024-07-25,7.688482908532023,t_ha,22.67579868552275,107.8,5,0,mm,654.7593226656318,mm,22.50023498479277,0.6924183566821739,0.7753173236269504,48.51653294270579,31.982219828517643,Loam,Field Master,норма,2024-07-26
320,F0149,FARM05,2024,Soy,Soy-V5,10.9,ha,13.05.2024,01.10.2024,NA,bu_ac,29.975142693379894,185.3,6,0,mm,651.6299025621265,mm,13.660696795443073,NA,NA,49.39738446773309,32.664559510047084,Chernozem,AgroService Ltd,без примітки,2024-05-12
321,F0096,FARM09,2024,Corn,Corn-V1,109.3,ha,2024-04-25,2024-08-11,6.846270147245377,t_ha,12.447058753343299,110.1,6,0,mm,255.2263648249209,mm,14.147910694591701,0.4826481470605358,0.6208798013161867,48.50511174380127,31.92066737321392,Sandy,field master,посуха,2024-06-17
322,F0139,FARM09,2024,Sun-flower,Sunflower-V1,84.2,ac,2024-03-28,2024-08-10,2.344155441527255,t_ha,31.159379738382995,107.4,4,0,mm,25.175988796995735,in,14.39041486592032,0.7381769076688215,0.8831545281922444,49.24877617804427,29.160470813853202,Loam,UkrAgroTech,зрошення застосовано,2024-08-30
323,F0157,FARM08,2024,Wheat,Wheat-V1,265.2,ac,2024-05-14,2024-09-13,NA,t_ha,33.100179970031604,174,6,0,in,517.6518210209906,mm,20.84256383473985,0.6572934326482937,0.7466057685902342,49.663739359313624,30.301349016147668,Chernozem,Pole Plus,перевірити,2024-09-06
324,F0066,FARM12,2024,Soy,Soy-V5,163.3,ac,2024-03-10,2024-08-01,29.418368894402022,bu_ac,31.90986208897084,160.2,5,4.019590444848176,in,21.015224246377876,in,13.175283188698813,0.6637719748774543,0.7850296924589202,49.48291347293416,30.620346061817838,Loam,GreenCrop ,посуха ,2024-05-27
325,F0013,FARM07,2024,Soy,Soy-V4,75.1,ac,2024-03-24,2024-07-31,1.5638884480576962,t_ha,18.23589786584489,99,3,0,mm,268.4657947975211,NA,15.249980145599693,0.7051697334041819,0.838917258544825,48.841545167677566,33.74680080015305,Loam,  UkrAgroTech ,перевірити,2024-06-14
326,F0150,FARM08,2024,Wheat,Wheat-V5,98.2,ha,2024-03-20,2024-08-02,6.154148577013984,t_ha,13.887586144031957,106.7,0,236.79680690402165,mm,398.4629520447925,mm,14.52006634278223,0.42010740204714236,0.5634754860540852,48.95343883008463,33.19040964336554,Clay,GreenCrop ,зрошення застосовано,2024-05-03
327,F0103,FARM04,2024,Corn,Corn-V1,111.3,NA,2024-05-01,2024-08-28,5.178210637765005,t_ha,24.153885109815747,8.9,3,3.6568897377560283,in,535.5808192514814,NA,18.506399986101314,0.6403067584848031,0.759469448053278,28.921630821413828,49.557062817221045,Chernozem,Field Master,перевірити,2024-07-23
328,F0064,FARM03,2024,Wheat,Wheat-V3,143.1,ac,02.05.2024,24.08.2024,3.405883757630363,t_ha,24.34519357350655," 206,0 ",2,348.50384613964707,mm,469.225350394845,mm,17.54613612871617,0.8476968145929277,0.95,48.83223545020539,32.1746045597787,Chernozem,SunField Co,перевірити,2024-09-13
329,F0110,FARM07,2024,Corn,Corn-V2,115.2,ha,2024-04-19,2024-10-11,9.866490167565644,t_ha,20.773488281061873,52,1,137.022539076861,mm,526.9480216433294,mm,15.931346965022385,NA,NA,49.7786507780808,28.85294060078496,Clay,SunField Co,зрошення застосовано,2024-09-08
330,F0059,FARM09,2024,Soy,Soy-V3,162.2,ac,2024-04-02,2024-08-18,2.1812831840943545,NA,29.135752563364804,107.5,4,184.67664164490998,mm,556.7708818241954,NA,14.91598909208551,NA,NA,49.76617471058527,30.517252327460795,Loam,field master,проблема з дренажем,2024-09-01
331,F0042,FARM12,2024,Wheat,Wheat-V5,19.6,ha,2024-05-13,2024-08-10,6.732753271469846,t_ha,27.660729489987716,216.7,6,0,mm,494.1328864078969,mm,17.910219861660153,NA,NA,48.85987726973416,31.057511995159093,Loam,Pole Plus,норма,2024-07-19
332,F0129,FARM02,2024,Sunflower,Sunflower-V5," 9,8",ha,2024-05-05,2024-09-10,3.6075285420287404,t_ha,21.95108951162547,24.3,6,362.88919892394915,mm,8.52389472644908,in,20.830986829241738,0.8483759165043011,0.95,28.520252504077742,49.636939675061036,Chernozem,SunField Co,посуха,2024-05-26
333,F0061,FARM05,2024,Corn,Corn-V3,60.6,NA,2024-05-13,2024-10-12,NA,bu_ac,19.504111729795113,76.4,6,307.6109573361464,mm,11.762189044521785,in,13.747323927702382,0.4061837384011596,0.5480313897365704,49.882411058881786,31.75244216183573,NA,Field Master,посуха,2024-06-27
334,F0167,FARM03,2024,Corn,Corn-V5,252.2,ac,2024-05-02,2024-07-30,7.0584459693636745,t_ha,11.81019512237981,144.5,6 apps,160.02602101070806,mm,488.30839942675084,NA,19.44469421240501,0.5232817796990274,0.3796109634987078,49.84401415537344,30.079877171544826,Sandy,GreenCrop,зрошення застосовано,2024-07-17
335,F0175,FARM06,2024,Wheat,Wheat-V2,12.7,ha,2024-05-04,2024-10-10,7.75705360295251,t_ha,28.24534971592948,77.6,3,0,in,392.56868278607726,mm,18.48305880976841,0.6275559596484527,0.7745226520346478,49.68776870567584,32.85975864349492,NA,agroservice ltd,без примітки,2024-08-26
336,F0146,FARM05,2024,Wheat,Wheat-V3,83.8,ha,2024-04-25,2024-10-07,7.465281196171418,t_ha,24.580747057218105,61.6,0,342.52868506591767,mm,629.2486561578698,mm,22.852584965527058,0.3725943230325356,0.5145177974132821,29.394144636219835,49.09781078606704,Chernozem,UkrAgroTech,добре ,2024-06-07
337,F0050,FARM01,2024,soya,Soy-V3,232.7,ac,2024-04-17,2024-10-06,25.032288398327967,bu_ac,25.5337087335065,136,0,11.863833353359722,in,16.22267581447299,in,12.098440325818956,0.6913221995579079,0.7653220615815371,49.787299213327934,28.58746999834711,Sandy,  UkrAgroTech ,посуха,2024-05-07
338,F0074,FARM06,2024,Wheat,Wheat-V5,19.3,ha,2024-05-07,2024-08-05,108.44297233462488,bu_ac,34.35369890765287," 164,5 ",1,0,in,26.728277873361527,in,22.257242793915793,NA,NA,49.83224447855726,29.877353757942096,Loam,SunField Co,зрошення застосовано,2024-07-19
339,F0048,FARM10,2024,Wheat,Wheat-V1,7.1,NA,2024-04-22,2024-07-28,6.191566556924954,t_ha,26.46387166250497,4.1,0,384.81228700838983,mm,180.19466057885438,NA,16.956649717874825,0.5270337136695161,0.602752651879564,49.01796225197799,28.747218930426985,Chernozem,GreenCrop ,без примітки,2024-08-21
340,F0022,FARM01,2024,Wheat,Wheat-V1,96.1,ha,2024-05-11,2024-07-27,114.43900985762278,bu_ac,32.46988805709407,115,5,9.033374797725156,in,361.0545711242594,mm,18.95466727297753,0.6951843806542456,0.7896046390291303,48.67405671058409,31.407883253819776,chernozem,UkrAgroTech,норма,2024-08-01
341,F0115,FARM06,2024,WHEAT ,Wheat-V2,209.1,ac,2024-05-11,2024-09-26,3.1285439368803054,t_ha,34.41846174537204,180.4,2,15.474824317342302,in,183.60017689410597,NA,21.49193315464072,0.7018011866835877,0.755679641594179,49.75043270652369,29.703541767967867,loamy,AgroService Ltd,без примітки,2024-08-29
342,F0065,FARM09,2024,Corn,Corn-V3," 30,5",ha,2024-03-30,2024-09-29,5.706009190296754,NA,34.77548874542117,99.8,6,0,in,18.970543523704062,in,18.06953860539943,0.45243743355385957,0.5611121789086609,49.889454685844484,32.84471268676734,Loam,GreenCrop,перевірити,2024-09-22
343,F0057,FARM05,2024,Soy,Soy-V2,69,ha,2024-03-26,2024-10-14,1.6633070083335042,t_ha,32.87230269191787,91.5,1,330.3481686511077,mm,586.8106604553759,mm,20.688620487460867,0.7041072232183069,0.7663096049102023,48.68904715656815,28.613999391891063,Sandy,Pole Plus,посуха,2024-07-09
344,F0177,FARM03,2024,Corn,Corn-V1,110.9,ha,2024-04-07,2024-10-03,128.63359855974366,bu_ac,28.964811307145283,66.4,0,264.2593931988813,mm,403.17249627551064,mm,22.795573237119243,NA,NA,48.66231949161179,30.205634789424018,Loam,AgroService Ltd,посуха,2024-08-15
345,F0022,FARM01,2024,Wheat,Wheat-V1,237.4,ac,2024-05-11,2024-07-27,7.701745363418013,t_ha,32.46988805709407,115,5,229.44771986221895,mm,361.0545711242594,mm,18.95466727297753,0.48817128632217643,0.5908074618084356,48.67405671058409,31.407883253819776,Chernozem,UkrAgroTech,норма,2024-09-14
346,F0089,FARM05,2024,Soy,Soy-V5,106.9,ha,20.04.2024,08.10.2024,2.176768392440863,t_ha,29.383761854842305," 201,4 ",4,0,mm,394.36354429926723,mm,22.438791879685596,0.6149911359185353,0.700772283342667,49.69715944585903,32.28150970572978,Chernozem,sunfield co,зрошення застосовано,2024-05-29
347,F0073,FARM12,2024,Sunflower,Sunflower-V4,74.5,ha,2024-05-03,2024-08-21,2.0788094953168184,t_ha,22.164079687325284,215.4,2,0,mm,282.6434444519691,mm,18.583269954426214,0.39563944926485417,0.5,49.987148067534434,32.84651456982037,chernozem,SunField Co,зрошення застосовано,2024-06-23
348,F0077,FARM04,2024,Wheat,Wheat-V4,41.1,ha,2024-03-30,2024-09-05,6.755926354788244,t_ha,30.263744741445407,109.5,5,243.18909210851416,mm,6.95693550226242,in,17.99898967705667,0.8193588453810662,0.9148987086955458,49.33041619112436,30.646195764256642,chernozem,AgroService Ltd,норма,2024-07-07
349,F0162,FARM02,2024,Soy,Soy-V5,56.8,ac,31.03.2024,30.07.2024,43.67089654764584,bu_ac,12.916325388010591,218.6,6,382.3411257471889,mm,14.726570256028737,in,18.141030692961067,0.40265181278809903,0.5478296231245622,49.75033556248946,29.383213261691388,Sandy,AgroService Ltd,зрошення застосовано,2024-05-22
350,F0086,FARM10,2024,Wheat,Wheat-V4,76.6,ha,2024-04-14,2024-08-26,6.102835570462048,t_ha,29.41356469434686,148.9,6,388.3000611211173,mm,261.60426371498033,mm,12.95841936999932,0.5317731852643192,0.6586387722752989,49.46506709000236,30.871625154437965,Clay,UkrAgroTech,посуха,2024-06-14
351,F0024-ALT,FARM10,2024,Wheat,Wheat-V2,71.6,NA,2024-04-13,2024-07-30,-0.031984491273760796,t_ha,19.154896181542426,181.3,5,236.88224479556084,mm,588.7861508992501,mm,18.82153136911802,0.7708737041335553,0.846155196451582,49.74142600893038,28.569450056568815,Loam,UkrAgroTech,добре,2024-08-23
352,F0083,FARM07,2024,Corn,Corn-V1,119.5,ha,2024-05-20,2024-07-27,6.069537280127406,t_ha,20.176201664609835,205.8,2,12.752441418041865,in,603.208830812946,mm,18.38617093511857,NA,NA,49.92360987884924,30.777254025735893,Sandy,SunField Co,без примітки,2024-07-11
353,F0034,FARM08,2024,Corn,Corn-V5,68.7,ha,2024-05-04,2024-08-09,170.78345509507,bu_ac,33.02079915814102,195.2,0,13.692518476191468,in,282.7533442527056,mm,16.33513083262369,NA,NA,48.962404261286835,32.477248424302786,Loam,UkrAgroTech,норма,2024-09-15
354,F0180,FARM08,2024,Wheat,Wheat-V3,25,ha,2024-05-07,2024-08-16,50.14667158426072,bu_ac,30.018077263608575,190,5,286.59209376201034,mm,6.75035212839785,in,12.293255709810182,0.5085461209760979,0.6531637643696739,48.80569585595978,30.47084330999898,Loam,Pole Plus,добре,2024-09-28
355,F0166,FARM05,2024,Wheat,Wheat-V3," 7,9",ha,2024-03-22,2024-09-21,3.4489760100841522,t_ha,21.413335915654898," 160,7 ",0,379.64964722050354,mm,389.7174250916578,mm,13.137468068860471,0.5511449529090896,0.6909442089032382,48.712514942226,28.890570213146976,Chernozem,Field Master,перевірити,2024-07-31
356,F0062,FARM09,2024,Wheat,Wheat-V1,90.4,ha,2024-03-16,2024-09-26,4.418003676226363,t_ha,25.066392104607075,90.6,3,0,mm,413.5354637634009,NA,16.50783714442514,0.49306932839099316,0.6378395348787307,49.80851256471407,31.566230955846144,chernozem,Pole Plus,проблема з дренажем ,2024-05-23
357,F0114,FARM04,2024,WHEAT ,Wheat-V5," 28,3",ha,2024-05-16,2024-08-16,-0.33495574933476746,t_ha,18.424006418557838," 119,4 ",1,0,in,175.6747178384103,mm,19.000138474162668,0.5434040797641501,0.6001141520915553,49.533308472967704,31.22206176491082,Clay,SunField Co,посуха,2024-08-28
358,F0011,FARM09,2024,Soy,Soy-V2,29.8,ac,21.03.2024,10.09.2024,1.7823932317551225,t_ha,15.288367704488337,168.7,6,0,mm,556.8665997125208,mm,19.363613890949637,0.7665867218980565,0.8472488080151379,49.25161404642835,32.07060271275882,Sandy,agroservice ltd,проблема з дренажем,2024-08-14
359,F0118,FARM04,2024,Wheat,Wheat-V2,89.2,ha,2024-05-15,2024-09-01,NA,bu_ac,9.177096034400165," 160,8 ",1,344.1367691732012,NA,21.183041341907135,in,19.467462910572067,0.4787282003322616,0.6229970177169889,48.702890742109624,33.28011959618004,Chernozem,Pole Plus,проблема з дренажем ,2024-06-03
360,F0007,FARM02,2024,Corn,Corn-V3,55.8,ha,2024-05-10,2024-10-12,9.336246751481667,t_ha,23.95917408587411,70.1,5,177.66979649895802,mm,588.0648773279972,mm,15.72732785064727,0.5357142789522186,0.6216374783078208,49.740570404905824,28.654298932748848,NA,Field Master,зрошення застосовано,2024-05-07
361,F0097,FARM02,2024,Corn,Corn-V1,42.7,ha,2024-05-11,2024-08-30,153.58941657705958,bu_ac,17.73070918326266,10,0,0,mm,10.692057759394709,in,19.13096229103394,0.7696124810259789,0.8517625711159781,49.48942472338444,28.574671022844036,Chernozem,POLE PLUS,посуха,2024-05-10
362,F0044,FARM02,2024,Soy,Soy-V2,106.1,ac,03.04.2024,16.08.2024,38.560049563029125,bu_ac,22.17825759900734,66.1,0,15.08198688026723,in,302.6052708388306,mm,15.952172871679068,0.6704470806522295,0.8129870388656855,49.43351887770323,29.190381043586882,Chernozem,field master,перевірити,2024-08-06
363,F0170,FARM06,2024,Corn,Corn-V3,27,ha,14.03.2024,28.07.2024,156.37868200428784,bu_ac,8.1330595088657,183.1,5,0,mm,14.056571169415358,in,12.848672702210024,0.704229626711458,0.7696199408965185,49.51627001135936,30.202405713270885,Sandy,Pole Plus,посуха,2024-07-27
364,F0119-ALT,FARM06,2024,Soy,Soy-V4,71.5,ac,2024-04-03,2024-07-29,2.867937058676034,t_ha,29.821756178746,109,4,9.720831679081266,in,419.1259160870686,mm,21.439845563145354,0.7903524481458589,0.8455271704588085,48.55478433061871,29.538507384400397,Sandy,AgroService Ltd,проблема з дренажем ,2024-06-03
365,F0035,FARM04,2024,Wheat,Wheat-V5,27,ha,2024-05-08,2024-08-06,113.58933796259238,bu_ac,27.39398499787785,11.3,5,0,in,7.446507029107032,in,15.657513679238036,NA,NA,60.45972528634593,17.657886480446905,Chernozem,Field Master,посуха,2024-05-30
366,F0072,FARM02,2024,Corn,Corn-V1,174,ac,2024-04-20,2024-08-20,7.647956224158406,NA,27.951986566651613,50.5,6,187.96216417104006,NA,293.4435171075165,mm,17.115997955668718,0.7238163429079577,0.8248535336228087,49.868002256372016,29.259328951485458,Loam,UkrAgroTech,без примітки,2024-05-02
367,F0125,FARM08,2024,Sunflower,Sunflower-V5,196.7,ac,2024-03-13,2024-09-15,2.351323817577213,t_ha,23.46846050582826,100.1,1,0,in,698.2129440642893,mm,14.377716789254919,0.4289883901597932,0.5537338332040235,49.84655638606195,31.991085846658333,Chernozem,Field Master,без примітки,2024-09-12
368,F0129,FARM02,2024,Sunflower,Sunflower-V5," 24,1",ac,2024-05-05,2024-09-10,63.28997442155685,bu_ac,21.95108951162547,24.3,6,362.88919892394915,mm,216.50692605180666,mm,20.830986829241738,0.42746955833863465,0.5489653735421598,49.636939675061036,28.520252504077742,Chernozem,SunField Co,посуха,2024-08-17
369,F0175,FARM06,2024,Wheat,Wheat-V2,12.7,NA,2024-05-04,2024-10-10,115.26082619543106,bu_ac,28.24534971592948,77.6,3,0,mm,392.56868278607726,mm,18.48305880976841,0.5935040132841095,0.6913502970477565,49.68776870567584,32.85975864349492,Clay,AgroService Ltd,без примітки,2024-06-23
370,F0059,FARM09,2024,Soy,Soy-V3,65.6,ha,2024-04-02,2024-08-18,2.1812831840943545,t_ha,29.135752563364804,107.5,4,7.270733923027953,in,556.7708818241954,mm,14.91598909208551,0.7358915698947385,0.7886573870200664,49.76617471058527,30.517252327460795,Loam,Field Master,проблема з дренажем,2024-08-20
371,F0049,FARM05,2024,Maize,Corn-V5,88,ha,2024-04-20,2024-08-14,10.829807770205662,t_ha,22.617144369287416,109.1,5,0,in,400.17773038707674,mm,13.98245380166918,0.588420533714816,0.6533428015653043,48.84955125702871,30.407608780310955,Loam,AgroService Ltd,перевірити,2024-08-23
372,F0158,FARM02,2024,Corn,Corn-V2," 23,8",ha,2024-03-17,2024-08-14,9.860857026651502,t_ha,23.752378524281085," 190,0 ",1,60.17084104241803,NA,625.7864419021644,mm,18.140505565097556,0.8331932910019532,0.95,48.561455279117915,30.658290432276207,Loam,UkrAgroTech,норма,2024-07-01
373,F0020,FARM09,2024,WHEAT ,Wheat-V5,59.4,ha,2024-04-14,2024-08-21,4.126031083986163,t_ha,15.103385385824367,146.9,0,348.0788524495438,mm,577.8672700398602,mm,14.666194134391844,0.8489073554752394,0.95,49.69430242420454,33.80321978305187,Chernozem,SunField Co,добре,2024-05-03
374,F0044,FARM02,2024,Soy,Soy-V2,43,ha,2024-04-03,2024-08-16,2.59509133559186,t_ha,22.17825759900734,66.1,0,383.08246675878763,mm,11.913593340111442,in,15.952172871679068,0.4704146429663524,0.5316845474066213,49.43351887770323,29.190381043586882,NA,field master,перевірити,2024-07-13
375,F0116,FARM04,2024,Soy,Soy-V5,107.6,ac,2024-03-26,2024-09-12,NA,t_ha,15.610496307024732," 190,6 ",4,249.96498601976782,mm,566.568944172468,mm,19.374237705254927,0.8237809487851336,0.8792682651663198,49.61296878497536,33.785506481076126,Chernozem,SunField Co,зрошення застосовано,2024-05-24
376,F0104,FARM05,2024,Corn,Corn-V5,119,ha,2024-04-25,2024-09-03,135.6372213366317,bu_ac,23.50176070490852,169.8,2,0,mm,670.861302386038,mm,17.50824711495079,0.496645451313816,0.5744801855413243,49.98386206947407,32.580725477786274,Sandy,field master,посуха,2024-07-20
377,F0096,FARM09,2024,Corn,Corn-V1,109.3,ha,2024-04-25,2024-08-11,6.846270147245377,t_ha,12.447058753343299,110.1,6,0,mm,255.2263648249209,mm,14.147910694591701,NA,NA,48.50511174380127,31.92066737321392,Sandy,Field Master,посуха,2024-07-18
378,F0099,FARM12,2024,Soy,Soy-V2,9.7,ha,2024-04-16,2024-07-30,NA,NA,28.330677752150223,74.2,1,202.06500816857442,NA,501.1654658475891,mm,12.653627194929868,0.3778288045665249,0.5,49.988244747210764,33.796182937197386,Loam,GreenCrop ,без примітки,2024-09-22
379,F0180,FARM08,2024,Wheat,Wheat-V3,25,ha,2024-05-07,2024-08-16,50.14667158426072,bu_ac,30.018077263608575,190,5,286.59209376201034,mm,171.45894406130537,NA,12.293255709810182,0.7518562433775514,0.8759411422535777,48.80569585595978,30.47084330999898,Loam,Pole Plus,добре,2024-05-08
380,F0131,FARM09,2024,Corn,Corn-V4,10.8,ha,2024-04-25,2024-08-17,9.480443362612277,t_ha,12.542420317418873,132.9,2,233.54354484472424,mm,22.856582643640206,in,19.730936092091724,0.8680786966811865,0.7900197222549468,49.37046749598859,29.62757496253727,Loam,Field Master,без примітки,2024-06-29
381,F0070,FARM09,2024,Corn,Corn-V3,181.8,ac,2024-03-12,2024-09-29,8.051687113009393,t_ha,13.175150722963735,166.7,5,286.4213622175157,mm,189.69100894173607,mm,18.662272981135175,0.42182191626634447,0.5234206144232303,49.69602859024704,31.125947516278366,NA,UkrAgroTech,без примітки,2024-05-07
382,F0114,FARM04,2024,Wheat,Wheat-V5," 69,8",ac,2024-05-16,2024-08-16,3.132714224746451,t_ha,18.424006418557838,119.4,1,0,in,175.6747178384103,mm,19.000138474162668,0.7509836087934673,0.85162359569221735,49.533308472967704,31.22206176491082,Clay,SunField Co,посуха,2024-09-28
383,F0079,FARM10,2024,Soy,Soy-V2,163,ac,19.04.2024,25.07.2024,NA,t_ha,11.0691018528305,171,6,389.61235565366223,mm,175.81010466674343,mm,17.81048515252769,NA,NA,48.73916009413311,33.228937569202856,Sandy,AgroService Ltd,посуха,2024-07-02
384,F0039,FARM12,2024,Corn,Corn-V4,15,ha,2024-05-05,2024-08-31,6.218413362512365,t_ha,34.9502484719269,198.9,3,280.52658766973764,mm,8.937176054812909,in,22.99271099618636,0.3508707740344107,0.5,49.59117011536565,31.874453241174578,Chernozem,sunfield co,посуха,2024-05-24
385,F0170,FARM06,2024,Corn,Corn-V3,66.6,ac,2024-03-14,2024-07-28,9.820581229869276,t_ha,8.1330595088657," 183,1 ",5,0,mm,357.03690770315006,mm,12.848672702210024,0.6617572424234822,0.7333440951770172,30.202405713270885,49.51627001135936,Sandy,POLE PLUS,посуха,2024-05-01
386,F0068,FARM03,2024,Sunflower,Sunflower-V3,80,ha,2024-04-19,2024-08-16,46.36188500413769,bu_ac,14.55948887532577," 117,2 ",1,274.0152341662906,mm,623.8801267463714,mm,17.97643334325403,0.41846392236184327,0.5270382675807923,48.91768954402394,29.8566254322161,Loam,  UkrAgroTech ,норма,2024-06-02
387,F0092,FARM01,2024,Soy,Soy-V5,200.9,ac,2024-03-28,2024-08-28,2.611221209866926,t_ha,34.96566034015268,176.1,2,0,mm,277.983666700311,mm,18.386603232007474,0.5339167210273444,0.6221040941309184,49.21578340178123,33.091440620661714,Chernozem,SunField Co,посуха,2024-07-30
388,F0006,FARM11,2024,Sun-flower,Sunflower-V3,8.2,ha,2024-03-30,2024-08-19,50.67826606896951,bu_ac,24.448023564182222," 80,7 ",1,0,mm,643.3132129139267,mm,19.931904879398644,0.8487497067078947,0.6500512339989655,48.550681429362854,33.47886777517619,Chernozem,  UkrAgroTech ,перевірити,2024-08-17
389,F0001,FARM12,2024,Soy,Soy-V2,101.3,ha,2024-03-19,2024-09-12,2.0101221561199054,t_ha,17.93795979418792,154.9,3,0,NA,590.9014337114058,mm,13.458090962609276,0.5756274523679167,0.6825635521439835,49.4540542535414,30.06492411188316,Chernozem,UkrAgroTech,перевірити,2024-06-17
390,F0174,FARM04,2024,Corn,Corn-V1," 16,1",ac,2024-03-18,2024-10-07,169.33016143857864,bu_ac,33.40831537498161,218.8,2,186.893791181501,mm,282.4498112197034,mm,16.436864268500358,0.8109180574771017,0.9435050378320738,49.6052515952331,32.44228378771851,Sandy,field master,норма,2024-08-17
391,F0020,FARM09,2024,Wheat,Wheat-V5," 146,8",ac,2024-04-14,2024-08-21,61.30803988092367,bu_ac,15.103385385824367," 146,9 ",0,13.703891828722197,in,577.8672700398602,mm,14.666194134391844,0.8001672072801739,0.88444774444215,49.69430242420454,33.80321978305187,Chernozem,SunField Co,добре,2024-07-25
392,F0107,FARM08,2024,Corn,Corn-V3,67.9,ha,2024-04-02,2024-08-21,7.6183836637064815,NA,25.764335512649268,156.7,5,128.58381224796176,mm,290.2303160633892,mm,12.319094770820811,0.6040290624601766,0.7281281794421375,49.41644257587334,33.41691162278829,Chernozem,  UkrAgroTech ,перевірити,2024-06-09
393,F0056,FARM11,2024,Corn,Corn-V1,101.9,ha,2024-04-04,2024-09-18,5.642615462420508,t_ha,25.900315821403638,32.2,0,257.2361152037047,mm,203.32660430576652,mm,15.078384353080764,0.8096917164744809,0.8824849407654255,48.981845473898574,32.978933228631504,Loam,sunfield co,зрошення застосовано,2024-06-23
394,F0149,FARM05,2024,Soy,Soy-V5,10.9,ha,2024-05-13,2024-10-01,NA,t_ha,29.975142693379894,185.3,6,0,mm,651.6299025621265,mm,13.660696795443073,0.4209458068013191,0.535638335486874,49.39738446773309,32.664559510047084,Chernozem,AgroService Ltd,без примітки,2024-07-25
395,F0176,FARM04,2024,Soy,Soy-V1,53.6,NA,2024-03-10,2024-08-09,2.5274108074372634,t_ha,26.231627743924037,160.7,1,0,NA,300.3035211120732,mm,18.564889275468886,0.5139106661314145,0.6532128245802595,48.95107018770231,30.064787929418497,Loam,sunfield co,проблема з дренажем,2024-07-28
396,F0065,FARM09,2024,Corn,Corn-V3,30.5,ha,2024-03-30,2024-09-29,5.706009190296754,t_ha,34.77548874542117," 99,8 ",6,0,in,481.85180550208315,mm,18.06953860539943,0.39041040211450306,0.5070101829478517,49.889454685844484,32.84471268676734,Loam,GreenCrop,перевірити,2024-09-14
397,F0163,FARM10,2024,Wheat,Wheat-V5,25.1,ha,2024-04-10,2024-08-31,NA,t_ha,34.07951688673347,124.4,2,0,mm,152.8782540000975,mm,13.290560345165431,NA,NA,49.66298577970546,29.82237800655235,NA,GreenCrop ,добре,2024-05-30
398,F0067,FARM04,2024,Maize,Corn-V2,239.9,ac,2024-05-16,2024-10-11,10.343343758257106,t_ha,34.121938629075885,141.2,5,3.3277431383772984,in,281.36046869913116,mm,20.990501838037744,0.6249802818289026,0.7498993104323745,48.67130609447602,30.94805175618129,Chernozem,AgroService Ltd,зрошення застосовано,2024-09-08
399,F0088,FARM07,2024,Soy,Soy-V2,26.6,ha,2024-04-12,2024-08-31,25.628794721199025,bu_ac,8.521769009064883,180.7,0,0,mm,15.411083266142699,in,13.934012849349529,0.44201168257277457,0.5696140346350148,49.17844793230435,28.758923526777423,Clay,UkrAgroTech,норма,2024-07-20
400,F0165,FARM02,2024,Wheat,Wheat-V1,10.9,ha,2024-04-05,2024-08-07,5.765860571525991,t_ha,15.70379905984737,86.7,2,263.34470976144075,mm,332.7344842487946,mm,15.95848182309419,NA,NA,49.17852524817828,33.677258818270175,Loam,Field Master,проблема з дренажем,2024-06-28
401,F0014,FARM01,2024,Sunflower,Sunflower-V5,100.3,ha,2024-05-07,2024-08-31,2.067710507288575,t_ha,33.71312448033132,134.9,0,320.32549518626183,mm,501.0063139721751,mm,14.761905671097338,0.7587159236660227,0.8499501863727346,49.2867364769727,29.94537253516866,Chernozem,GreenCrop,норма,2024-06-14
402,F0108,FARM10,2024,Wheat,Wheat-V5,56.1,ha,2024-05-16,2024-08-29,6.014269091654569,t_ha,26.784220005385578,170.7,4,217.23426579264924,mm,375.4140221979469,mm,19.0904314131476,0.9394615767290815,0.7685331870731897,49.120600077540615,29.992807520525066,Chernozem,sunfield co,без примітки,2024-09-14
403,F0082,FARM10,2024,Wheat,Wheat-V4,19.2,NA,2024-03-29,2024-07-29,6.10893265530467,NA,32.46651548938826,12.3,4,50.7750705932267,mm,467.5954924430698,mm,14.567363708978519,0.7829872413072735,0.8931022901786491,49.167345152378545,31.0308623474706,NA,UkrAgroTech,без примітки,2024-05-11
404,F0150,FARM08,2024,WHEAT ,Wheat-V5," 98,2",ha,2024-03-20,2024-08-02,6.154148577013984,t_ha,13.887586144031957,106.7,0,236.79680690402165,mm,398.4629520447925,mm,14.52006634278223,0.3593938475474715,0.5,48.95343883008463,33.19040964336554,Clay,GreenCrop,зрошення застосовано ,2024-05-16
405,F0040,FARM03,2024,Corn,Corn-V3,109.7,ha,2024-05-02,2024-09-14,5.620718193938956,t_ha,12.81843763566576,194.1,6,0,in,23.982417823354474,in,13.06016567046754,0.6289530366426334,0.7338651841273531,49.231048672345004,30.595062955955044,Sandy,UkrAgroTech,добре,2024-08-05
406,F0061,FARM05,2024,Corn,Corn-V3,149.8,ac,2024-05-13,2024-10-12,NA,bu_ac,19.504111729795113,76.4,6,307.6109573361464,mm,298.7596017308533,NA,13.747323927702382,0.46630608327686784,0.5509160685585811,49.882411058881786,31.75244216183573,Chernozem,Field Master,посуха,2024-09-04
407,F0119-ALT,FARM06,2024,Soy,Soy-V4,28.8,ha,2024-04-03,2024-07-29,2.867937058676034,t_ha,29.821756178746,109,4,246.90912464866415,mm,419.1259160870686,mm,21.439845563145354,0.3709826192585751,0.5092790216440335,48.554251043336464,29.538441543348043,Sandy,AgroService Ltd,проблема з дренажем,2024-07-06
408,F0119-ALT,FARM06,2024,soya,Soy-V4,29.2,ha,2024-04-03,2024-07-29,2.867937058676034,t_ha,29.821756178746,109,4,246.90912464866415,mm,16.50102031838853,in,21.439845563145354,0.3832175438525155,0.5188509839121251,48.55452573458231,29.538374571565633,Sandy,AgroService Ltd,проблема з дренажем,2024-08-28
409,F0143,FARM11,2024,Wheat,Wheat-V2,62.7,ha,12.03.2024,01.10.2024,94.35982856813702,bu_ac,23.03736373805441,108.7,3,376.5658435760997,mm,370.5768399871886,mm,12.390681392513216,NA,NA,49.60252644950431,31.642213608950378,Chernozem,Pole Plus,зрошення застосовано,2024-08-18
410,F0020,FARM09,2024,Wheat,Wheat-V5,146.8,ac,2024-04-14,2024-08-21,4.126031083986163,t_ha,15.103385385824367,146.9,0,348.0788524495438,mm,577.8672700398602,mm,14.666194134391844,0.7482328897109255,0.8065106387482955,49.69430242420454,33.80321978305187,Chernozem,SunField Co,добре,2024-08-01
411,F0156,FARM11,2024,Corn,Corn-V5,72.1,ha,2024-04-04,2024-08-14,130.88042286868284,bu_ac,24.276944635203108,130.8,3,3.09100966189262,in,359.28360437974334,mm,22.235759356291965,NA,NA,49.31550892784772,30.349800994597377,Loam,AgroService Ltd,зрошення застосовано,2024-06-24
412,F0074,FARM06,2024,WHEAT ,Wheat-V5,47.8,ac,2024-05-07,2024-08-05,108.44297233462488,bu_ac,34.35369890765287,164.5,1,0,mm,678.8982579833828,mm,22.257242793915793,0.7325818699551746,0.8306124781724065,49.83224447855726,29.877353757942096,loamy,SunField Co,зрошення застосовано,2024-05-06
413,F0024,FARM10,2024,Wheat,Wheat-V2,71.8,ha,2024-04-13,2024-07-30,4.762097687460482,t_ha,19.154896181542426,181.3,5,236.88224479556084,mm,588.7861508992501,mm,18.82153136911802,0.5902681951643899,0.6481692405417562,49.74122151983622,28.569316067039036,Loam,  UkrAgroTech ,добре,2024-06-10
414,F0091,FARM06,2024,Corn,Corn-V5,41,ha,2024-04-05,2024-08-04,6.31764811463654,t_ha,29.548939532134682," 100,3 ",6,0,mm,301.5047265449539,mm,15.749498694902286,0.5530606997432187,0.6619766064221039,49.71939282721793,33.7553081309069,Chernozem,GreenCrop,посуха,2024-07-04
415,F0101,FARM07,2024,Sunflower,Sunflower-V2," 17,0",ha,2024-05-16,2024-09-09,3.9986537314485764,t_ha,29.66828211932443,154.4,6,115.60703431023285,NA,24.20197415310435,in,12.208582530496642,0.5586343882838264,0.6089599704137072,48.70140651554707,28.65725658612838,Loam,SunField Co,зрошення застосовано,2024-05-11
416,F0019,FARM11,2024,Wheat,Wheat-V2,60.7,ha,2024-05-10,2024-09-11,5.31180421425961,t_ha,32.17060883902013,156.6,4,0,in,271.8910946161486,mm,17.419262438081205,0.8046307699056342,0.9427056622458622,49.75099767027749,33.50730465129996,Chernozem,  UkrAgroTech ,норма,2024-05-11
417,F0137,FARM10,2024,Soy,Soy-V2,28.9,ha,2024-03-29,2024-08-28,31.521588831691606,bu_ac,30.699186260346323,193.8,0,109.95006404118612,mm,570.6789943389595,mm,22.94006816041656,0.7385136420140043,0.8587625256273895,49.30931271425355,29.305080797411968,Loam,agroservice ltd,норма,2024-06-22
418,F0120,FARM11,2024,Wheat,Wheat-V1,55,ac,2024-05-04,2024-08-25,7.822265973780304,t_ha,20.218908810755238,217.1,4,7.465374815519753,in,11.54344526576025,in,17.087858494138345,0.48380140485242007,0.5652580565307289,49.351761254160664,33.340001792449044,Chernozem,UkrAgroTech,добре,2024-08-20
419,F0166,FARM05,2024,Wheat,Wheat-V3," 7,9",ha,2024-03-22,2024-09-21,51.247786182528266,bu_ac,21.413335915654898,160.7,0,379.64964722050354,mm,389.7174250916578,mm,13.137468068860471,NA,NA,48.712514942226,28.890570213146976,Chernozem,Field Master,перевірити,2024-08-09
420,F0152,FARM03,2024,wheat,Wheat-V3,25.8,ha,2024-05-16,2024-09-18,-0.018978972337208688,t_ha,22.96561143663712,24.2,6,394.4960172404535,mm,581.9952062913217,mm,22.873982571763918,0.679861378762871,0.7430645433487371,49.91272284011962,31.751929140125405,NA,AgroService Ltd,зрошення застосовано,2024-08-06
421,F0096,FARM09,2024,Corn,Corn-V1,109.3,NA,2024-04-25,2024-08-11,6.846270147245377,t_ha,12.447058753343299,110.1,6,0,mm,255.2263648249209,mm,14.147910694591701,0.5367153614293784,0.6628396309446543,48.50511174380127,31.92066737321392,Sandy,Field Master,посуха,2024-09-09
422,F0127,FARM10,2024,wheat,Wheat-V1,262.4,ac,2024-04-11,2024-09-11,55.96304451078066,bu_ac,15.605789514258504,209.4,6,0,mm,601.9041759311222,mm,13.05245520081371,0.7755317467032,0.9095613043289632,48.57490972454473,29.015494271554985,Sandy,UkrAgroTech,норма,2024-06-09
423,F0113,FARM03,2024,Maize,Corn-V4," 82,3",ha,2024-03-24,2024-09-19,NA,bu_ac,26.015472364611924," 94,3 ",3,78.30122853629291,NA,21.06274393667636,in,20.876404938055202,NA,NA,48.954723811713045,28.707863647216932,Loam,  UkrAgroTech ,без примітки,2024-06-06
424,F0071,FARM08,2024,Soy,Soy-V4,85.4,ha,2024-03-31,2024-08-22,24.666022313869437,bu_ac,17.47556423721835,84.3,5,194.37614098424092,mm,226.56443235464394,mm,14.330625753384084,0.7185231015551835,0.8664403647882863,49.031143221907314,31.1860824765414,Sandy,GreenCrop,добре,2024-09-02
425,F0110,FARM07,2024,Corn,Corn-V2,115.2,ha,2024-04-19,2024-10-11,9.866490167565644,t_ha,20.773488281061873,52,1,137.022539076861,mm,20.745985104068087,in,15.931346965022385,0.7112621474312618,0.859565078606829,49.7786507780808,28.85294060078496,Clay,SunField Co,зрошення застосовано,2024-05-02
426,F0082,FARM10,2024,Wheat,Wheat-V4,19.2,ha,2024-03-29,2024-07-29,6.10893265530467,t_ha,32.46651548938826," 12,3 ",4,50.7750705932267,mm,467.5954924430698,mm,14.567363708978519,0.42411260774824766,0.5691227999748663,49.167345152378545,31.0308623474706,Chernozem,  UkrAgroTech ,без примітки,2024-05-25
427,F0114,FARM04,2024,Wheat,Wheat-V5," 28,3",ha,2024-05-16,2024-08-16,3.132714224746451,t_ha,18.424006418557838,119.4,1,0,mm,175.6747178384103,mm,19.000138474162668,0.3555022760061547,0.5,49.533308472967704,31.22206176491082,NA,SunField Co,посуха,2024-09-08
428,F0140,FARM01,2024,Wheat,Wheat-V4,68.1,ha,2024-05-03,2024-07-27,61.268685793816864,bu_ac,8.299098634161055,32.7,5,109.42148944595829,mm,12.093886707388744,in,19.161694906419143,0.3552230154396966,0.5,48.877923005721996,32.68727189538721,Chernozem,GreenCrop,норма,2024-07-07
429,F0065,FARM09,2024,Corn,Corn-V3," 30,5",ha,30.03.2024,29.09.2024,5.706009190296754,NA,34.77548874542117,99.8,6,0,in,481.85180550208315,mm,18.06953860539943,NA,NA,49.889454685844484,32.84471268676734,Loam,GreenCrop,перевірити,2024-08-10
430,F0024,FARM10,2024,Wheat,Wheat-V2,71.8,ha,2024-04-13,2024-07-30,4.762097687460482,t_ha,19.154896181542426,181.3,5,236.88224479556084,mm,23.18055712201772,in,18.82153136911802,0.570237274421379,0.6215825449908152,49.74122151983622,28.569316067039036,loamy,  UkrAgroTech ,добре ,2024-05-10
431,F0111,FARM11,2024,Maize,Corn-V4,64.2,ha,21.03.2024,14.08.2024,128.40692844808365,bu_ac,21.43571813055314,194,6,266.05504255276173,mm,13.403155445396226,in,16.69074723124504,0.7477595668984577,0.8159176016924903,49.45520813353639,31.921285093258604,Loam,sunfield co,норма,2024-06-04
432,F0086,FARM10,2024,Wheat,Wheat-V4,76.6,ha,2024-04-14,2024-08-26,6.102835570462048,NA,29.41356469434686,148.9,6,15.287403981146353,in,10.299380461219698,in,12.95841936999932,0.5231815825914964,0.6056934108724817,49.46506709000236,30.871625154437965,NA,  UkrAgroTech ,посуха,2024-08-12
433,F0112,FARM08,2024,Wheat,Wheat-V3,111.6,NA,2024-05-02,2024-09-28,77.16552237807088,bu_ac,30.761868586065248,73.2,1,140.04889347124845,mm,359.17925545945764,mm,13.28689100407064,0.4989200621144846,0.5624391465447843,49.686820577460345,31.00220091697993,loamy,Pole Plus,добре,2024-07-03
434,F0143,FARM11,2024,Wheat,Wheat-V2,62.7,ha,2024-03-12,2024-10-01,6.350416462635621,t_ha,23.03736373805441,108.7,3,376.5658435760997,mm,370.5768399871886,mm,12.390681392513216,0.6206240852130577,0.6946292519802227,49.60252644950431,31.642213608950378,Chernozem,POLE PLUS,зрошення застосовано,2024-05-09
435,F0026,FARM09,2024,Wheat,Wheat-V3,52.6,ha,2024-04-18,2024-09-23,96.56698977848706,bu_ac,8.268493281910196,156.6,2,0,mm,459.534997434821,mm,18.761905073188245,NA,NA,49.091910933538806,30.28095093904296,Chernozem,Field Master,посуха,2024-05-26
436,F0142,FARM07,2024,Corn,Corn-V1,64.5,ha,2024-05-02,2024-08-01,140.16694820835997,bu_ac,19.25800644629635,177,0,0,mm,435.8041663770564,mm,21.217082746559754,0.4534065058920532,0.5256714020622894,49.31349099417589,33.76999556794111,Chernozem,Pole Plus,зрошення застосовано,2024-07-23
437,F0060,FARM07,2024,Wheat,Wheat-V3,56.7,ha,11.05.2024,25.07.2024,5.564975157147273,t_ha,14.346865569241345,79.2,4,178.00424641463906,mm,371.92779190372676,mm,19.12585721234791,0.6115628006169572,0.7543911234242842,49.61297252285387,32.2830915608597,Chernozem,field master,норма,2024-09-08
438,F0121,FARM11,2024,Maize,Corn-V5,57.5,ha,2024-05-06,2024-08-14,6.0476020304486156,t_ha,19.37474780413322," 216,3 ",4,0,in,512.8700844827108,mm,20.40337445726618,0.5729033602634445,0.71476842854172,48.62279555547237,33.540336509191434,Loam,AgroService Ltd,посуха,2024-05-30
439,F0122,FARM02,2024,Soy,Soy-V5,108.1,ha,2024-04-23,2024-10-06,NA,NA,16.593411370180547,153.1,3,10.442813957388712,in,7.702016772603338,in,21.991829907055944,0.4782721610041335,0.6231086283223704,48.79575587364379,29.908865246605128,Sandy,GreenCrop,добре,2024-09-06
440,F0003,FARM01,2024,Maize,Corn-V5,43.5,ac,02.04.2024,23.08.2024,6.222345068352297,NA,17.268254621885717,170.8,0,257.12129306048155,mm,25.33499691699536,in,20.552715743426234,0.7073042141273618,0.4942631937260739,49.836275325906,28.9835720234802,Chernozem,SunField Co,добре,2024-07-23
441,F0070,FARM09,2024,Corn,Corn-V3,73.6,ha,2024-03-12,2024-09-29,128.21157823263366,bu_ac,13.175150722963735,166.7,5,286.4213622175157,mm,189.69100894173607,mm,18.662272981135175,0.6449339189799502,0.7139895990490913,49.69602859024704,31.125947516278366,Loam,  UkrAgroTech ,без примітки,2024-06-03
442,F0086,FARM10,2024,Wheat,Wheat-V4," 76,6",ha,2024-04-14,2024-08-26,90.68106345411661,bu_ac,29.41356469434686,148.9,6,388.3000611211173,mm,-1.5873839956887918,in,12.95841936999932,0.7618620668305084,0.8393118091393262,49.46506709000236,30.871625154437965,Clay,  UkrAgroTech ,посуха,2024-06-09
443,F0168,FARM08,2024,Soy,Soy-V5,72.3,ha,2024-03-31,2024-09-15,44.72467221318292,bu_ac,27.445725149242207,192.8,4,0,mm,579.0149890701286,mm,17.33591666794382,0.6550094455247745,0.7692960617598146,49.13223352007242,33.89931096423045,Chernozem,Field Master,норма,2024-08-07
444,F0038,FARM12,2024,Corn,Corn-V2,117.4,ha,2024-04-14,2024-09-20,7.03525630524382,t_ha,30.462836305145174," 160,3 ",2,155.70829702774063,mm,202.8187921619974,mm,19.772323749726638,0.6400677684228867,0.7414574187248945,48.53040262050182,28.943944481589366,Sandy,  UkrAgroTech ,без примітки,2024-06-22
445,F0055,FARM06,2024,Corn,Corn-V5,42.2,ha,2024-03-16,2024-09-27,11.697792859515175,t_ha,18.35420406004414,207.4,2,142.89930392988026,mm,369.53695686534047,mm,16.935861185891554,0.41419578788336364,0.5,48.971339052139314,31.83588249845617,Chernozem,Pole Plus,проблема з дренажем,2024-09-02
446,F0061,FARM05,2024,Corn,Corn-V3,60.6,ha,2024-05-13,2024-10-12,NA,bu_ac,19.504111729795113,76.4,6,12.110667611659307,in,298.7596017308533,mm,13.747323927702382,0.6554206501692533,0.7869534462923184,49.882411058881786,31.75244216183573,Chernozem,Field Master,посуха,2024-06-05
447,F0170,FARM06,2024,Corn,Corn-V3,66.6,ac,2024-03-14,2024-07-28,9.820581229869276,t_ha,8.1330595088657,183.1,5,0,mm,357.03690770315006,mm,12.848672702210024,NA,NA,49.51627001135936,30.202405713270885,Sandy,Pole Plus,посуха,2024-09-07
448,F0037,FARM09,2024,Wheat,Wheat-V2," 20,5",ha,2024-04-26,2024-09-23,NA,bu_ac,16.962209057994187,103.9,6,109.6621275646612,mm,18.503390239756996,in,18.768763575470075,0.502101771440357,0.5887046898715198,49.38881930866651,32.95508813529835,Clay,Pole Plus,норма,2024-06-28
449,F0083,FARM07,2024,Corn,Corn-V1," 119,5",ha,20.05.2024,27.07.2024,6.069537280127406,t_ha,20.176201664609835,205.8,2,323.91201201826334,mm,603.208830812946,mm,18.38617093511857,0.6154793489491567,0.6759394780965522,49.92360987884924,30.777254025735893,Sandy,SunField Co,без примітки,2024-06-27
450,F0090,FARM09,2024,Wheat,Wheat-V5,205.4,ac,2024-04-28,2024-08-15,95.8960616226304,bu_ac,17.972606759751216,202.5,5,168.5956076020375,mm,562.6235888223164,mm,21.238950131926686,NA,NA,48.73096422260627,29.940448035718408,Sandy,AgroService Ltd,зрошення застосовано,2024-07-07
451,F0019,FARM11,2024,Wheat,Wheat-V2," 60,7",ha,2024-05-10,2024-09-11,5.31180421425961,t_ha,32.17060883902013,156.6,4,0,mm,10.70437380378538,in,17.419262438081205,0.7686421458143741,0.8354514874285087,49.75099767027749,33.50730465129996,Chernozem,UkrAgroTech,норма,2024-06-19
452,F0130,FARM02,2024,Soy,Soy-V3,47.2,ac,2024-04-11,2024-08-14,55.877802231699164,bu_ac,11.435311701381579,194.6,0,0,in,419.93292538682,mm,20.795396254165098,0.7085621254751459,0.8241655252873897,48.77360281185479,32.58427027723333,Clay,POLE PLUS,зрошення застосовано,2024-09-24
453,F0113,FARM03,2024,Corn,Corn-V4,82.3,NA,2024-03-24,2024-09-19,NA,t_ha,26.015472364611924,94.3,3,78.30122853629291,mm,21.06274393667636,in,20.876404938055202,0.8189938864903524,0.9405089791398495,48.954723811713045,28.707863647216932,Loam,  UkrAgroTech ,без примітки,2024-05-20
454,F0163,FARM10,2024,wheat,Wheat-V5,62.1,ac,2024-04-10,2024-08-31,NA,bu_ac,34.07951688673347," 124,4 ",2,0,mm,152.8782540000975,mm,13.290560345165431,NA,NA,49.66298577970546,29.82237800655235,Loam,GreenCrop ,добре,2024-06-17
455,F0131,FARM09,2024,Corn,Corn-V4,10.8,ha,2024-04-25,2024-08-17,9.480443362612277,NA,12.542420317418873,132.9,2,233.54354484472424,mm,580.5571991484612,mm,19.730936092091724,0.41566883041523395,0.526966244331561,49.37046749598859,29.62757496253727,Loam,Field Master,без примітки,2024-07-27
456,F0151,FARM11,2024,Corn,Corn-V2,70.7,ha,2024-03-13,2024-07-28,6.234272473026067,t_ha,19.714003268862143,42.3,4,183.3354412112385,mm,19.286878856162975,in,20.457409860100597,0.5885941923130303,0.6925612407037988,32.97038999099192,49.43271184646711,Chernozem,agroservice ltd,проблема з дренажем,2024-05-19
457,F0109,FARM03,2024,Soy,Soy-V5,77.9,ha,19.05.2024,26.08.2024,1.7733576798345894,t_ha,23.469693066785112,203.7,6,11.429862580793786,in,235.44656498124823,mm,15.440130766713992,0.7828306694515049,0.9324518488254399,48.628853849126955,28.692569010023494,Chernozem,UkrAgroTech,зрошення застосовано,2024-09-14
458,F0179,FARM11,2024,Wheat,Wheat-V2,83.5,ha,2024-04-12,2024-08-06,3.5220054113306105,t_ha,13.375189827289432,86.4,2,7.767081213015037,in,10.215893235629586,in,14.542118639685214,0.7584671221207827,0.8538567738374695,49.552445307798216,32.97517384169856,Loam,AgroService Ltd,без примітки,2024-09-18
459,F0024,FARM10,2024,WHEAT ,Wheat-V2,71.8,ha,13.04.2024,30.07.2024,4.762097687460482,t_ha,19.154896181542426,181.3,5,236.88224479556084,mm,23.18055712201772,in,18.82153136911802,NA,NA,49.74122151983622,28.569316067039036,Loam,  UkrAgroTech ,добре,2024-07-21
460,F0152,FARM03,2024,Wheat,Wheat-V3,25.8,ha,2024-05-16,2024-09-18,81.73564885553377,bu_ac,22.96561143663712,24.2,6,394.4960172404535,mm,581.9952062913217,mm,22.873982571763918,0.8343893421348184,0.9090650552650913,49.91272284011962,31.751929140125405,NA,agroservice ltd,зрошення застосовано,2024-07-15
461,F0025,FARM05,2024,Wheat,Wheat-V3,40.4,ha,2024-03-27,2024-09-23,7.188766996376216,t_ha,15.889116916572675," 167,3 ",2,0,mm,458.71529437135905,mm,12.780669684987515,0.561567246238701,0.6919104087399319,48.518229485790705,29.87878834747663,Loam,  UkrAgroTech ,без примітки,2024-08-13
462,F0113,FARM03,2024,Corn,Corn-V4,203.3,ac,2024-03-24,2024-09-19,NA,t_ha,26.015472364611924,94.3,3,78.30122853629291,mm,534.9936959915794,mm,20.876404938055202,NA,NA,48.954723811713045,28.707863647216932,Loam,  UkrAgroTech ,без примітки,2024-06-18
463,F0113,FARM03,2024,Corn,Corn-V4,203.3,ac,24.03.2024,19.09.2024,NA,NA,26.015472364611924,94.3,3,3.082725532924918,in,534.9936959915794,mm,20.876404938055202,NA,NA,48.954723811713045,28.707863647216932,Loam,UkrAgroTech,без примітки,2024-09-10
464,F0092,FARM01,2024,soya,Soy-V5,200.9,ac,2024-03-28,2024-08-28,2.611221209866926,t_ha,34.96566034015268,176.1,2,0,mm,-71.73521438473836,mm,18.386603232007474,0.8308671447681263,0.95,49.21578340178123,33.091440620661714,Chernozem,SunField Co,посуха,2024-07-01
465,F0012,FARM08,2024,Wheat,Wheat-V1,59.7,ha,2024-03-29,2024-08-08,56.19418194287776,bu_ac,15.898796650581062,61.5,3,0,in,200.00586214009672,mm,19.253235162701458,0.49082952728495,0.60907757862005385,49.69919395426847,33.494804591340014,CLAY ,AgroService Ltd,без примітки,2024-07-04
466,F0097,FARM02,2024,Corn,Corn-V1,42.7,NA,2024-05-11,2024-08-30,9.64541536103934,t_ha,17.73070918326266,10,0,0,mm,10.692057759394709,in,19.13096229103394,0.40472491111140696,0.500734523567371,49.48942472338444,28.574671022844036,Chernozem,Pole Plus,посуха,2024-07-30
467,F0136,FARM11,2024,Sunflower,Sunflower-V2,17.9,NA,2024-04-01,2024-09-23,59.3209419056381,bu_ac,25.45047884900123,142.4,2,0,in,540.1184814749286,mm,18.960239252075553,0.4792149748187512,0.6218297138344496,48.63458840176416,33.68670769157354,Chernozem,  UkrAgroTech ,без примітки,2024-05-23
468,F0005,FARM11,2024,Sunflower,Sunflower-V1,83.2,NA,2024-05-09,2024-09-24,4.115548731456511,t_ha,19.04513090988621,176.2,0,0,mm,482.5429401244037,mm,14.62618981860578,NA,NA,49.92335815852322,30.392267190224025,Loam,GreenCrop ,норма,2024-06-16
469,F0147,FARM01,2024,Soy,Soy-V2,97,ha,2024-03-14,2024-09-23,1.8107927017845213,t_ha,15.010438249912113,161.9,4,187.22290239529684,mm,232.22202578326687,mm,19.501204959349707,0.47479478260502217,0.5353940895525738,49.186465103103316,32.563832794721705,Clay,AgroService Ltd,проблема з дренажем,2024-08-30
470,F0078,FARM04,2024,Wheat,Wheat-V4,149.5,ac,2024-03-15,2024-09-30,3.7667646219488233,t_ha,9.50673251086846,207.2,4,4.708911343129337,in,416.9765734812245,mm,20.577170668635517,0.6171090512303635,0.6980219079647213,49.716007533497645,31.84393829084095,Loam,field master,проблема з дренажем,2024-07-23
471,F0068,FARM03,2024,Sunflower,Sunflower-V3,80,ha,2024-04-19,2024-08-16,46.36188500413769,bu_ac,14.55948887532577," 117,2 ",1,274.0152341662906,mm,24.56220971442407,in,17.97643334325403,0.7016662112670019,0.8247045265045017,48.91768954402394,29.8566254322161,NA,UkrAgroTech,норма,2024-07-07
472,F0073,FARM12,2024,Sunflower,Sunflower-V4,74.5,NA,2024-05-03,2024-08-21,2.0788094953168184,t_ha,22.164079687325284," 215,4 ",2,0,mm,282.6434444519691,mm,18.583269954426214,0.790447207307443,0.8980167515575885,49.987148067534434,32.84651456982037,NA,sunfield co,зрошення застосовано,2024-06-18
473,F0150,FARM08,2024,Wheat,Wheat-V5,242.6,ac,2024-03-20,2024-08-02,91.4435152602375,bu_ac,13.887586144031957,106.7,0,9.3227089332292,in,398.4629520447925,mm,14.52006634278223,0.7299914516275748,0.8029989746864885,48.95343883008463,33.19040964336554,Clay,GreenCrop,зрошення застосовано,2024-08-20
474,F0095,FARM07,2024,Sunflower,Sunflower-V4,169.9,ac,2024-04-14,2024-09-11,45.50964323142054,bu_ac,19.77480822848156,34.7,0,162.70057179499418,NA,377.9096115846187,mm,22.067487297346815,0.37597547229379413,0.5,49.69332296749577,30.564059956158047,Loam,Field Master,зрошення застосовано,2024-06-08
475,F0038,FARM12,2024,Corn,Corn-V2,290,ac,2024-04-14,2024-09-20,7.03525630524382,t_ha,30.462836305145174,160.3,2,155.70829702774063,mm,7.984991817401474,in,19.772323749726638,0.676286151423119,0.8237054666038602,48.53040262050182,28.943944481589366,Sandy,UkrAgroTech,без примітки,2024-06-17
476,F0151,FARM11,2024,Corn,Corn-V2,70.7,ha,2024-03-13,2024-07-28,6.234272473026067,t_ha,19.714003268862143,42.3,4,183.3354412112385,mm,19.286878856162975,in,20.457409860100597,0.8451057903235778,0.8968193538021296,49.43271184646711,32.97038999099192,NA,agroservice ltd,проблема з дренажем,2024-09-13
477,F0015,FARM12,2024,Soy,Soy-V4,12.5,ha,2024-04-18,2024-10-09,NA,bu_ac,8.886731988750398,111.7,0,105.8902857475914,mm,580.1193816005252,mm,19.334382025059313,0.392902692919597,0.5,48.51713964290591,33.08347146948008,Loam,AgroService Ltd,посуха,2024-05-03
478,F0108,FARM10,2024,Wheat,Wheat-V5,56.1,ha,2024-05-16,2024-08-29,89.36506822666522,bu_ac,26.784220005385578,170.7,4,217.23426579264924,mm,375.4140221979469,mm,19.0904314131476,0.708776260050945,0.8200812444090843,49.120600077540615,29.992807520525066,Chernozem,sunfield co,без примітки,2024-08-17
479,F0173,FARM09,2024,Wheat,Wheat-V5,95,ha,2024-04-01,2024-08-09,78.18914663093649,bu_ac,15.439239660743624,6.1,6,0,mm,491.482155630365,mm,13.824114047456533,NA,NA,49.695780777306766,32.89553318708949,Chernozem,agroservice ltd,перевірити,2024-07-30
480,F0128,FARM09,2024,WHEAT ,Wheat-V5,54.7,ha,2024-04-04,2024-09-01,6.533456557197496,t_ha,32.29299695510417,140.8,1,372.56461539072916,mm,209.36940402025357,NA,18.317926909774542,0.8312378119677305,0.95,48.75750580350449,29.233339671749157,Chernozem,UkrAgroTech,посуха,2024-05-21
481,F0044,FARM02,2024,Soy,Soy-V2,43,ha,2024-04-03,2024-08-16,38.560049563029125,bu_ac,22.17825759900734,66.1,0,15.08198688026723,in,302.6052708388306,mm,15.952172871679068,NA,NA,49.43351887770323,29.190381043586882,Chernozem,field master,перевірити,2024-05-16
482,F0149,FARM05,2024,Soy,Soy-V5,10.9,ha,2024-05-13,2024-10-01,NA,t_ha,29.975142693379894,185.3,6,0,mm,651.6299025621265,mm,13.660696795443073,NA,NA,49.39738446773309,32.664559510047084,chernozem,agroservice ltd,без примітки,2024-09-18
483,F0146,FARM05,2024,Wheat,Wheat-V3,207,ac,25.04.2024,07.10.2024,110.9254263918487,bu_ac,24.580747057218105," 61,6 ",0,13.485381301807783,in,629.2486561578698,mm,22.852584965527058,0.5532857403391972,0.6332234610803426,57.92134010232985,15.787635024171323,Chernozem,UkrAgroTech,добре,2024-09-23
484,F0042,FARM12,2024,Wheat,Wheat-V5,19.6,ha,2024-05-13,2024-08-10,6.732753271469846,t_ha,27.660729489987716,216.7,6,0,mm,19.454050645980193,in,17.910219861660153,0.48536926894448695,0.5602579056518152,48.85987726973416,31.057511995159093,loamy,Pole Plus,норма,2024-08-03
485,F0072,FARM02,2024,Corn,Corn-V1,70.4,ha,20.04.2024,20.08.2024,7.647956224158406,t_ha,27.951986566651613,50.5,6,187.96216417104006,mm,293.4435171075165,mm,17.115997955668718,0.6063626016490161,0.6750761993229389,29.259328951485458,49.868002256372016,Loam,  UkrAgroTech ,без примітки,2024-05-06
486,F0075,FARM05,2024,WHEAT ,Wheat-V4,72.9,ha,2024-04-26,2024-10-09,4.641496212687343,t_ha,27.030563293024898,136.9,6,359.3832022626884,mm,16.157979132354583,in,12.50206284946762,0.38387107932940123,0.5,48.99341193875345,28.67462091157772,Chernozem,  UkrAgroTech ,без примітки,2024-05-13
487,F0066,FARM12,2024,soya,Soy-V5,66.1,ha,10.03.2024,01.08.2024,1.979856226593256,t_ha,31.90986208897084," 160,2 ",5,4.019590444848176,in,533.786695857998,mm,13.175283188698813,NA,NA,49.48291347293416,30.620346061817838,NA,GreenCrop,посуха,2024-08-26
488,F0135,FARM12,2024,Soy,Soy-V3," 233,8",ac,2024-03-20,2024-10-11,2.0301258090185,t_ha,18.322982348734513,53.4,1,178.02001381060109,mm,601.0817830334418,mm,13.386080408701673,0.6973083521239459,0.7986998369684443,48.67350321437791,32.122315931226595,NA,AgroService Ltd,добре,2024-07-06
489,F0028,FARM11,2024,Wheat,Wheat-V4,155.2,ac,2024-05-04,2024-09-28,7.444094479549676,t_ha,22.334980565821752,108.1,2,0,mm,21.63089027694302,in,15.948781565064564,0.5910757465986535,0.7209743942832574,49.552903190766926,30.733149683735334,Chernozem,UkrAgroTech,норма,2024-09-20
490,F0010,FARM11,2024,Maize,Corn-V3,97.5,ha,2024-04-09,2024-09-30,8.576223785756156,t_ha,33.94990235893056,0.8,3,0,mm,358.02558216964826,mm,17.11128444923088,0.8483041122322902,0.9224775610258803,48.529781022499776,28.984314635482153,Chernozem,Field Master,проблема з дренажем,2024-06-22
491,F0172,FARM07,2024,Soy,Soy-V2," 170,3",ac,2024-03-19,2024-08-31,3.0678909642156214,NA,24.415084859821945,212.5,3,372.6175685529597,mm,384.37806216534227,mm,12.69675330631435,0.4597206410486251,0.558808796131052,49.835118879934306,29.703766385059804,NA,AgroService Ltd,перевірити,2024-09-10
492,F0105,FARM08,2024,Corn,Corn-V4,94.7,ha,2024-05-20,2024-09-08,-7.117887892890841,bu_ac,27.99906311929226,200,6,130.15923919156194,mm,402.9175912961364,mm,12.352574530988932,0.45636485822033135,0.5986227674875408,49.33057358032931,32.407537905354985,Sandy,field master,проблема з дренажем ,2024-07-30
493,F0067,FARM04,2024,Corn,Corn-V2,239.9,ac,2024-05-16,2024-10-11,10.343343758257106,NA,34.121938629075885,141.2,5,3.3277431383772984,in,281.36046869913116,mm,20.990501838037744,0.7866293982602656,0.8562131470767781,48.67130609447602,30.94805175618129,chernozem,agroservice ltd,зрошення застосовано,2024-08-27
494,F0008,FARM11,2024,Corn,Corn-V4,85.2,ac,2024-03-26,2024-10-07,11.21328935958445,t_ha,19.426203463226557,65.2,3,0,mm,13.270880585155032,in,15.070234607439488,0.5359449399635196,0.6771184554090723,49.568975106118245,31.202223038999833,Clay,UkrAgroTech,проблема з дренажем,2024-08-10
495,F0160,FARM07,2024,Soy,Soy-V3,91.9,ac,2024-04-03,2024-07-28,2.870343387243338,t_ha,18.93694700789638,147.3,5,0,mm,24.452439167419463,in,16.6361293643713,0.7287132976576686,0.8749317490961402,49.85855520456238,31.976748563845177,Chernozem,Field Master,перевірити,2024-09-28
496,F0098,FARM06,2024,Corn,Corn-V3,94.3,ha,2024-03-14,2024-10-14,157.2628185608288,bu_ac,14.54257819079794,141.9,3,202.75624794885516,mm,642.4455724074505,mm,12.269382697995752,0.4645446120062843,0.5798002652823925,49.70930212263251,30.622921599367636,Chernozem,UkrAgroTech,добре,2024-08-23
497,F0008,FARM11,2024,Corn,Corn-V4,34.5,ha,2024-03-26,2024-10-07,363.1468638659093,bu_ac,19.426203463226557,65.2,3,0,mm,13.270880585155032,in,15.070234607439488,0.5250678998650983,0.6247411341406405,49.568975106118245,31.202223038999833,Clay,UkrAgroTech,проблема з дренажем,2024-06-29
498,F0128,FARM09,2024,Wheat,Wheat-V5,54.7,NA,2024-04-04,2024-09-01,6.533456557197496,t_ha,32.29299695510417,140.8,1 apps,372.56461539072916,NA,209.36940402025357,mm,18.317926909774542,0.4866567454533651,0.5864849271019921,48.75750580350449,29.233339671749157,chernozem,  UkrAgroTech ,посуха,2024-07-26
499,F0154,FARM06,2024,Soy,Soy-V4,15.3,NA,2024-03-31,2024-10-02,3.880203464999795,t_ha,21.664070404833183,108.6,0,287.03245611395687,mm,19.799094026134622,in,17.845397881697863,0.7458717229543254,0.8797499823616817,49.637026182342325,31.349870851341638,Sandy,AgroService Ltd,добре,2024-07-14
500,F0118,FARM04,2024,wheat,Wheat-V2,89.2,NA,2024-05-15,2024-09-01,NA,t_ha,9.177096034400165,160.8,1,344.1367691732012,mm,538.0492500844412,mm,19.467462910572067,0.36029426686000077,0.508043857384473,48.702890742109624,33.28011959618004,Chernozem,Pole Plus,проблема з дренажем,2024-09-06
501,F0129,FARM02,2024,Sunflower,Sunflower-V5,24.1,ac,05.05.2024,10.09.2024,3.6075285420287404,t_ha,21.95108951162547,24.3,6,362.88919892394915,mm,216.50692605180666,mm,20.830986829241738,0.5174699424766004,0.5992583924671635,49.636939675061036,28.520252504077742,Chernozem,SunField Co,посуха,2024-07-11
502,F0036,FARM06,2024,Sunflower,Sunflower-V5,252.5,ac,2024-04-21,2024-08-07,34.831458406130736,bu_ac,10.878711528144777,97.2,5,0,mm,357.3639764334075,NA,13.82031901855953,0.3529625904280692,0.5,49.745543451902456,32.28799643377261,NA,UkrAgroTech,добре,2024-08-29
503,F0032,FARM01,2024,wheat,Wheat-V2,42.3,ha,2024-05-03,2024-08-14,7.017467534868047,t_ha,33.50682721869089,66.1,0,5.324145936678479,in,646.1757565150037,NA,18.733013882068917,0.5064060290111229,0.5883274933323264,49.57713327798201,32.340360407900064,Loam,Field Master,добре,2024-07-08
504,F0060,FARM07,2024,Wheat,Wheat-V3," 140,1",ac,2024-05-11,2024-07-25,5.564975157147273,NA,14.346865569241345,79.2,4,7.008041197426735,in,371.92779190372676,mm,19.12585721234791,0.5315578121459111,0.6378549893386661,49.61297252285387,32.2830915608597,NA,Field Master,норма,2024-08-15
505,F0127,FARM10,2024,Wheat,Wheat-V1,106.2,ha,2024-04-11,2024-09-11,3.7663128955755383,t_ha,15.605789514258504,209.4,6,0,mm,601.9041759311222,mm,13.05245520081371,NA,NA,48.57490972454473,29.015494271554985,Sandy,UkrAgroTech,норма,2024-08-15
506,F0015,FARM12,2024,Soy,Soy-V4,12.5,NA,2024-04-18,2024-10-09,NA,bu_ac,8.886731988750398,111.7,0,105.8902857475914,mm,22.839345732304142,in,19.334382025059313,0.8307504827622324,0.95,48.51713964290591,33.08347146948008,Loam,agroservice ltd,посуха,2024-05-08
507,F0055,FARM06,2024,Corn,Corn-V5,42.2,ha,2024-03-16,2024-09-27,11.697792859515175,t_ha,18.35420406004414,207.4,2,142.89930392988026,mm,369.53695686534047,mm,16.935861185891554,0.8463165776571259,0.95,48.971339052139314,31.83588249845617,Chernozem,Pole Plus,проблема з дренажем,2024-09-25
508,F0119-ALT,FARM06,2024,Soy,Soy-V4,28.9,NA,2024-04-03,2024-07-29,2.867937058676034,t_ha,29.821756178746,109,4,246.90912464866415,mm,419.1259160870686,mm,21.439845563145354,0.5572896192548796,0.613212057808414,48.55447638701196,29.538127717771893,Sandy,agroservice ltd,проблема з дренажем,2024-07-30
509,F0074,FARM06,2024,Wheat,Wheat-V5,47.8,ac,07.05.2024,05.08.2024,108.44297233462488,bu_ac,34.35369890765287,164.5,1,0,mm,678.8982579833828,mm,22.257242793915793,NA,NA,49.83224447855726,29.877353757942096,Loam,SunField Co,зрошення застосовано,2024-05-03
510,F0130,FARM02,2024,soya,Soy-V3,19.1,ha,2024-04-11,2024-08-14,3.7605760901933536,t_ha,11.435311701381579,194.6,0,0,NA,419.93292538682,mm,20.795396254165098,0.6583921247161925,0.7167760902782901,48.77360281185479,32.58427027723333,Clay,POLE PLUS,зрошення застосовано,2024-05-12
511,F0036,FARM06,2024,Sunflower,Sunflower-V5,252.5,ac,2024-04-21,2024-08-07,34.831458406130736,bu_ac,10.878711528144777,97.2,5,0,mm,357.3639764334075,mm,13.82031901855953,0.46412106023635713,0.5470097781158983,49.745543451902456,32.28799643377261,chernozem,UkrAgroTech,добре,2024-09-17
512,F0161,FARM03,2024,Wheat,Wheat-V2," 107,8",ac,2024-04-24,2024-09-18,7.183228362817317,NA,19.30367785040289,114.6,2,0,mm,693.4982943348587,mm,22.691886255517602,0.3556949239224195,0.5,48.78854147093929,31.042263055078223,Sandy,GreenCrop,добре,2024-06-25
513,F0057,FARM05,2024,Soy,Soy-V2,69,ha,2024-03-26,2024-10-14,24.714814388313584,bu_ac,32.87230269191787,91.5,1,13.005833411460934,in,586.8106604553759,mm,20.688620487460867,0.41909796863328663,0.5,48.68904715656815,28.613999391891063,Sandy,Pole Plus,посуха,2024-06-28
514,F0002,FARM02,2024,wheat,Wheat-V1," 171,4",ac,2024-03-23,2024-09-02,71.41663165995506,bu_ac,26.463998208288103,100.9,3,0,NA,5.972830679058648,in,16.566699263639748,0.7956461535301059,0.8937369124265387,49.5349362976132,33.65781548029557,CLAY ,AgroService Ltd,норма,2024-08-17
515,F0075,FARM05,2024,Wheat,Wheat-V4,72.9,ha,26.04.2024,09.10.2024,4.641496212687343,t_ha,27.030563293024898,136.9,6,359.3832022626884,mm,410.4126699618064,mm,12.50206284946762,0.656403137743473,0.7332287254510447,48.99341193875345,28.67462091157772,Chernozem,UkrAgroTech,без примітки,2024-05-22
516,F0036-ALT,FARM06,2024,Sunflower,Sunflower-V5,103,ha,2024-08-07,2024-04-21,34.831458406130736,bu_ac,10.878711528144777,97.2,5,0,in,14.069447891079037,in,13.82031901855953,0.5269612869247794,0.6668317964999004,49.74535415827604,32.28802217323603,Chernozem,UkrAgroTech,добре,2024-08-20
517,F0137,FARM10,2024,Soy,Soy-V2,28.9,ha,2024-03-29,2024-08-28,31.521588831691606,bu_ac,30.699186260346323,193.8,0,109.95006404118612,mm,570.6789943389595,NA,22.94006816041656,0.7333048555534333,0.7871938145020977,49.30931271425355,29.305080797411968,NA,AgroService Ltd,норма,2024-06-17
518,F0112,FARM08,2024,WHEAT ,Wheat-V3,111.6,ha,02.05.2024,28.09.2024,77.16552237807088,bu_ac,30.761868586065248,73.2,1,140.04889347124845,NA,359.17925545945764,NA,13.28689100407064,0.5266309802187606,0.6692932926816866,49.686820577460345,31.00220091697993,Loam,POLE PLUS,добре,2024-09-15
519,F0174,FARM04,2024,Corn,Corn-V1,6.5,ha,2024-03-18,2024-10-07,169.33016143857864,bu_ac,33.40831537498161,218.8,2,186.893791181501,NA,282.4498112197034,mm,16.436864268500358,0.532651549577713,0.6372220440069213,49.6052515952331,32.44228378771851,Sandy,Field Master,норма,2024-06-22
520,F0161,FARM03,2024,Wheat,Wheat-V2,43.6,ha,2024-04-24,2024-09-18,34.32155591621995,NA,19.30367785040289,114.6,2,0,in,693.4982943348587,mm,22.691886255517602,0.5576756019378081,0.6111973010003566,48.78854147093929,31.042263055078223,Sandy,GreenCrop,добре,2024-08-04
521,F0027,FARM11,2024,WHEAT ,Wheat-V1,33,ac,2024-04-11,2024-08-25,71.04003579144049,bu_ac,29.219453471014276,92.5,2,0,NA,244.36179915210232,mm,16.26963267661631,0.616157605801709,0.692626157286577,49.28818153585587,28.92035883822758,Chernozem,AgroService Ltd,без примітки,2024-05-01
522,F0127,FARM10,2024,Wheat,Wheat-V1," 262,4",ac,2024-04-11,2024-09-11,55.96304451078066,bu_ac,15.605789514258504,209.4,6,0,mm,601.9041759311222,mm,13.05245520081371,0.7143881884636357,0.8632665329845621,48.57490972454473,29.015494271554985,Sandy,UkrAgroTech,норма,2024-08-29
523,F0055,FARM06,2024,Corn,Corn-V5,42.2,ha,2024-03-16,2024-09-27,11.697792859515175,NA,18.35420406004414,207.4,2,142.89930392988026,mm,14.548699089186634,in,16.935861185891554,0.49153606723994014,0.5806672499980777,48.971339052139314,31.83588249845617,Chernozem,Pole Plus,проблема з дренажем,2024-06-13
524,F0165,FARM02,2024,Wheat,Wheat-V1,10.9,ha,2024-04-05,2024-08-07,85.67400552044563,bu_ac,15.70379905984737,86.7,2,263.34470976144075,mm,13.099782844440734,in,15.95848182309419,0.6004663354484364,0.7066108210245147,49.17852524817828,33.677258818270175,Loam,Field Master,проблема з дренажем,2024-05-21
525,F0159,FARM05,2024,Soy,Soy-V3,33.4,ha,2024-04-01,2024-09-27,39.950117948333585,bu_ac,31.782064005499706,135.1,5,8.884599092728129,in,670.4425037140027,mm,15.658486388856545,0.750693466886878,0.8424308181740343,49.43161847706465,33.26612068808126,Clay,AgroService Ltd,перевірити,2024-05-26
526,F0028,FARM11,2024,Wheat,Wheat-V4,62.8,ha,2024-05-04,2024-09-28,7.444094479549676,t_ha,22.334980565821752,108.1,2,0,mm,21.63089027694302,in,15.948781565064564,NA,NA,49.552903190766926,30.733149683735334,Chernozem,  UkrAgroTech ,норма,2024-06-20
527,F0035,FARM04,2024,Wheat,Wheat-V5," 27,0",NA,08.05.2024,06.08.2024,7.644562444882467,t_ha,27.39398499787785,11.3,5,0,mm,189.1412785393186,mm,15.657513679238036,0.7758876704843715,0.9093170972075313,49.715923784371,31.13657863499597,Chernozem,Field Master,посуха,2024-05-27
528,F0046,FARM12,2024,Corn,Corn-V3,84.5,ha,2024-03-19,2024-07-30,179.36097738662272,bu_ac,17.755124284187332,197.3,3,0,mm,526.8125344184227,mm,12.310517691774294,NA,NA,49.06077132399287,30.46170370443072,Sandy,Field Master,посуха,2024-05-29
529,F0070,FARM09,2024,Corn,Corn-V3,73.6,ha,2024-03-12,2024-09-29,128.21157823263366,bu_ac,13.175150722963735,166.7,5,286.4213622175157,mm,189.69100894173607,NA,18.662272981135175,NA,NA,49.69602859024704,31.125947516278366,Loam,  UkrAgroTech ,без примітки,2024-08-09
530,F0152,FARM03,2024,WHEAT ,Wheat-V3,25.8,ha,2024-05-16,2024-09-18,81.73564885553377,bu_ac,22.96561143663712,24.2,6,394.4960172404535,mm,581.9952062913217,NA,22.873982571763918,0.446189679345116,0.5482562926132232,49.91272284011962,31.751929140125405,Clay,agroservice ltd,зрошення застосовано,2024-09-23
531,F0119,FARM06,2024,Soy,Soy-V4,71.5,ac,03.04.2024,29.07.2024,2.867937058676034,t_ha,29.821756178746,109,4,246.90912464866415,mm,419.1259160870686,mm,21.439845563145354,NA,NA,48.55449884758005,29.538418500605506,Sandy,AgroService Ltd,проблема з дренажем,2024-07-31
532,F0058,FARM01,2024,WHEAT ,Wheat-V5,9.4,ha,2024-04-14,2024-10-08,76.78585919934875,bu_ac,27.77602813160047,35.3,5,0,mm,661.4985143765807,mm,12.695475316839293,0.5603553145425394,0.7029571535065771,49.18076005902374,30.89629959314363,chernozem,Field Master,проблема з дренажем ,2024-09-08
533,F0157,FARM08,2024,Wheat,Wheat-V1,107.3,ha,14.05.2024,13.09.2024,NA,bu_ac,33.100179970031604,174,6,0,mm,20.37999295358231,in,20.84256383473985,0.5534202222712338,0.61839257921092206,49.663739359313624,30.301349016147668,chernozem,Pole Plus,перевірити,2024-08-20
534,F0079,FARM10,2024,Soy,Soy-V2," 66,0",ha,2024-04-19,2024-07-25,NA,bu_ac,11.0691018528305,171,6,389.61235565366223,mm,175.81010466674343,mm,17.81048515252769,0.40931961245369164,0.5259740867419168,48.73916009413311,33.228937569202856,Sandy,AgroService Ltd,посуха,2024-07-15
535,F0076,FARM03,2024,Soy,Soy-V4,260.3,ac,2024-03-30,2024-08-13,33.88673694663159,bu_ac,50.377474394161254,139.3,4,130.34406080842018,mm,24.550742273563593,in,18.85033021075651,NA,NA,49.265796064311175,32.96725059500616,Chernozem,agroservice ltd,добре,2024-06-15
536,F0116,FARM04,2024,Soy,Soy-V5,43.6,ha,2024-09-12,2024-03-26,NA,bu_ac,15.610496307024732,190.6,4,9.841141181880623,in,566.568944172468,mm,19.374237705254927,0.48687277736607937,0.5514479767763987,49.61296878497536,33.785506481076126,Chernozem,SunField Co,зрошення застосовано,2024-05-13
537,F0005,FARM11,2024,Sunflower,Sunflower-V1,83.2,ha,2024-05-09,2024-09-24,72.20260932379844,bu_ac,19.04513090988621,176.2,0,0,mm,18.99775354820487,in,14.62618981860578,0.7831390598090365,0.9226725661195814,49.92335815852322,30.392267190224025,NA,GreenCrop,норма,2024-06-01
538,F0045,FARM04,2024,Soy,Soy-V5,65.6,ac,2024-03-14,2024-09-05,NA,bu_ac,33.817639887332916,3.1,4,6.613812684796487,in,209.26512194564566,mm,22.452876013005152,0.8278798278421163,0.9219759472412988,48.63255987493694,29.782886407746936,Chernozem,SunField Co,без примітки,2024-06-24
539,F0079,FARM10,2024,soya,Soy-V2,66,ha,2024-04-19,2024-07-25,NA,t_ha,11.0691018528305,171,6,389.61235565366223,mm,175.81010466674343,mm,17.81048515252769,0.5484953535720706,0.6681857398245483,48.73916009413311,33.228937569202856,Sandy,agroservice ltd,посуха,2024-05-11
540,F0057,FARM05,2024,Soy,Soy-V2,69,ha,26.03.2024,14.10.2024,24.714814388313584,bu_ac,32.87230269191787,91.5,1,330.3481686511077,NA,23.102781907691966,in,20.688620487460867,0.5134354667039588,0.6273649699287489,48.68904715656815,28.613999391891063,Sandy,Pole Plus,посуха,2024-08-10
541,F0077,FARM04,2024,Wheat,Wheat-V4,41.1,ha,2024-09-05,2024-03-30,100.38523558377777,bu_ac,30.263744741445407,109.5,5,243.18909210851416,mm,176.70616175746545,mm,17.99898967705667,0.8113371766172349,0.8680105827748775,49.33041619112436,30.646195764256642,Chernozem,AgroService Ltd,норма,2024-09-27
542,F0035,FARM04,2024,wheat,Wheat-V5,66.8,ac,2024-05-08,2024-08-06,7.644562444882467,t_ha,27.39398499787785,11.3,5,0,mm,189.1412785393186,mm,15.657513679238036,NA,NA,49.715923784371,31.13657863499597,Chernozem,Field Master,посуха,2024-08-04
543,F0067,FARM04,2024,Corn,Corn-V2,97.1,ha,16.05.2024,11.10.2024,28.683760315179825,t_ha,34.121938629075885,141.2,5,3.3277431383772984,in,281.36046869913116,mm,20.990501838037744,0.6089456075802445,0.7575838766992091,48.67130609447602,30.94805175618129,Chernozem,agroservice ltd,зрошення застосовано,2024-06-22
544,F0002,FARM02,2024,Wheat,Wheat-V1,69.4,ha,2024-03-23,2024-09-02,4.806339310714975,t_ha,26.463998208288103,100.9,3,0,mm,5.972830679058648,in,16.566699263639748,0.4632556463126093,0.5670854242052883,49.5349362976132,33.65781548029557,Clay,AgroService Ltd,норма,2024-07-28
545,F0150,FARM08,2024,Wheat,Wheat-V5,98.2,ha,2024-03-20,2024-08-02,6.154148577013984,NA,13.887586144031957,106.7,0,236.79680690402165,mm,398.4629520447925,NA,14.52006634278223,0.7536376487929374,0.8053962930571288,48.95343883008463,33.19040964336554,NA,GreenCrop,зрошення застосовано,2024-06-22
546,F0024-ALT,FARM10,2024,Wheat,Wheat-V2,71.5,ha,2024-04-13,2024-07-30,70.75925241397448,bu_ac,19.154896181542426,181.3,5,236.88224479556084,mm,588.7861508992501,mm,18.82153136911802,0.4655241620726883,0.5466474473709241,49.741235356100134,28.569206078309755,NA,UkrAgroTech,добре,2024-05-30
547,F0077,FARM04,2024,Wheat,Wheat-V4,41.1,ha,2024-03-30,2024-09-05,6.755926354788244,t_ha,30.263744741445407,109.5,5,9.574373705059614,in,176.70616175746545,mm,17.99898967705667,0.8432262568036094,0.9444298146059736,49.33041619112436,30.646195764256642,Chernozem,agroservice ltd,норма,2024-07-17
548,F0143,FARM11,2024,Wheat,Wheat-V2,155,ac,2024-03-12,2024-10-01,6.350416462635621,t_ha,23.03736373805441,108.7,3,376.5658435760997,mm,370.5768399871886,mm,12.390681392513216,0.43633322932291774,0.5557588767027483,49.60252644950431,31.642213608950378,chernozem,Pole Plus,зрошення застосовано,2024-07-20
549,F0119-ALT,FARM06,2024,Soy,Soy-V4,28.9,ha,2024-04-03,2024-07-29,2.867937058676034,t_ha,29.821756178746,109,4,246.90912464866415,mm,419.1259160870686,mm,21.439845563145354,0.7453079864149913,0.8807242017006501,48.55448998778365,29.53865883622817,Sandy,agroservice ltd,проблема з дренажем,2024-07-10
550,F0065,FARM09,2024,Corn,Corn-V3,30.5,ha,2024-03-30,2024-09-29,90.86001895376998,bu_ac,34.77548874542117,99.8,6,0,mm,481.85180550208315,mm,18.06953860539943,0.6437191051896661,0.7442416903562843,49.889454685844484,32.84471268676734,Loam,GreenCrop,перевірити,2024-09-06
551,F0052,FARM04,2024,Wheat,Wheat-V5,262.9,ac,2024-04-15,2024-09-15,4.9587876938749105,t_ha,15.2466960020829,129.8,6,0,mm,175.7571724941954,mm,17.107824750011787,0.3830074767116457,0.5,49.35262847162364,31.40098313575378,Loam,Field Master,перевірити,2024-06-25
552,F0135,FARM12,2024,soya,Soy-V3,94.6,ha,2024-03-20,2024-10-11,30.16531662731798,bu_ac,18.322982348734513,53.4,1,7.008661961047287,in,601.0817830334418,NA,13.386080408701673,0.6641724816523492,0.7633089785464108,48.67350321437791,32.122315931226595,Loam,AgroService Ltd,добре,2024-06-07
553,F0136,FARM11,2024,Sun-flower,Sunflower-V2,17.9,ha,2024-04-01,2024-09-23,3.381293688621372,t_ha,25.45047884900123,142.4,2,0,mm,540.1184814749286,mm,18.960239252075553,0.48106093346141277,0.5616473388392478,48.63458840176416,33.68670769157354,Chernozem,  UkrAgroTech ,без примітки,2024-06-10
554,F0141,FARM11,2024,wheat,Wheat-V5,219.5,ac,2024-04-15,2024-08-09,6.451058183563873,t_ha,28.36499449168332,36.1,5,0,mm,390.52997566759586,mm,21.810954986838624,NA,NA,49.1347486006557,33.06861239753198,Clay,GreenCrop,перевірити ,2024-05-17
555,F0093,FARM12,2024,Wheat,Wheat-V3,15.9,ha,2024-05-14,2024-07-27,88.012651903596307,bu_ac,12.945244940463454,72.1,4,0,in,632.7473153942265,mm,13.9202224528417,0.5482188283000141,0.6290136825758964,48.67061713130213,30.807204102511985,loamy,AgroService Ltd,норма,2024-06-17
556,F0105,FARM08,2024,Corn,Corn-V4,94.7,ha,2024-05-20,2024-09-08,88.10882459195913,bu_ac,27.99906311929226,200,6,130.15923919156194,mm,402.9175912961364,mm,12.352574530988932,0.582830349705182,0.7239235842367634,49.33057358032931,32.407537905354985,NA,Field Master,проблема з дренажем,2024-05-01
557,F0044,FARM02,2024,Soy,Soy-V2,106.1,ac,03.04.2024,16.08.2024,38.560049563029125,bu_ac,22.17825759900734,66.1,0,383.08246675878763,mm,11.913593340111442,in,15.952172871679068,0.49078818610869346,0.5461272378684953,49.43351887770323,29.190381043586882,Chernozem,Field Master,перевірити,2024-06-17
558,F0174,FARM04,2024,Corn,Corn-V1,6.5,ha,2024-03-18,2024-10-07,10.633934138342738,t_ha,33.40831537498161,218.8,2,186.893791181501,mm,11.12007130786234,in,16.436864268500358,0.3623761197319254,0.5,32.44228378771851,49.6052515952331,Sandy,Field Master,норма,2024-08-06
559,F0166,FARM05,2024,WHEAT ,Wheat-V3,19.5,ac,2024-03-22,2024-09-21,3.4489760100841522,NA,21.413335915654898,160.7,0,379.64964722050354,mm,389.7174250916578,mm,13.137468068860471,0.5204812992829829,0.5813544213306159,48.712514942226,28.890570213146976,Chernozem,Field Master,перевірити,2024-06-28
560,F0018,FARM05,2024,Wheat,Wheat-V1," 29,9",ha,2024-05-20,2024-10-03,5.230952668469399,t_ha,28.708287546411157,60.7,4,-31.22865494317375,mm,159.66044400120154,mm,18.360134464222938,0.7800164864398539,0.87663125779945394,49.05453972245147,30.744031787103975,chernozem,agroservice ltd,добре,2024-05-01
561,F0144,FARM07,2024,Soy,Soy-V2,63.3,ha,2024-05-13,2024-09-19,3.05125982593745,t_ha,13.919538143323734,5.9,0,5.047460858926441,in,643.9867452252656,mm,22.30574955465272,0.7586865016724914,0.8206863395636901,49.29231072146259,31.272586572988892,NA,Pole Plus,проблема з дренажем,2024-07-13
562,F0155,FARM12,2024,Wheat,Wheat-V4,55.7,ha,2024-05-07,2024-08-08,94.81897627115582,bu_ac,9.874784131767228,83.4,5,0,mm,422.0934542710893,NA,19.4212010120973,0.49343378657940773,0.5612959910416976,49.641987479628064,32.22231671045022,Clay,  UkrAgroTech ,норма,2024-09-20
563,F0050,FARM01,2024,soya,Soy-V3,94.2,ha,2024-04-17,2024-10-06,1.6846730092074722,t_ha,25.5337087335065,136,0,301.3413671753369,mm,16.22267581447299,in,12.098440325818956,0.5452874325215816,0.6107420423766597,49.787299213327934,28.58746999834711,Sandy,UkrAgroTech,посуха,2024-09-02
564,F0070,FARM09,2024,Corn,Corn-V3,73.6,ha,2024-03-12,2024-09-29,8.051687113009393,t_ha,13.175150722963735,166.7,5,286.4213622175157,NA,189.69100894173607,mm,18.662272981135175,0.38678844589740036,0.5219265165738761,49.69602859024704,31.125947516278366,Loam,UkrAgroTech,без примітки,2024-08-07
565,F0050,FARM01,2024,Soy,Soy-V3,-3.2,ha,2024-04-17,2024-10-06,1.6846730092074722,t_ha,25.5337087335065,136,0,11.863833353359722,in,412.05596568761393,mm,12.098440325818956,0.6128650112310424,0.6944158680737018,49.787299213327934,28.58746999834711,Sandy,UkrAgroTech,посуха,2024-07-20
566,F0031,FARM05,2024,Soy,Soy-V3,109.5,NA,2024-04-03,2024-07-30,2.228302590432577,t_ha,26.67496727243997,135.5,3,0,in,26.27583389036636,in,19.135653902310878,0.7465269817272201,0.8140096524031832,49.35609250772931,33.76655535801966,Chernozem,UkrAgroTech,зрошення застосовано,2024-08-10
567,F0066,FARM12,2024,soya,Soy-V5," 66,1",ha,2024-03-10,2024-08-01,29.418368894402022,bu_ac,31.90986208897084,160.2,5,102.09759729914367,mm,533.786695857998,mm,13.175283188698813,0.5691556437173858,0.7063656212994829,49.48291347293416,30.620346061817838,Loam,GreenCrop,посуха,2024-07-01
568,F0095,FARM07,2024,Sunflower,Sunflower-V4,68.8,ha,2024-04-14,2024-09-11,2.5940496641909707,t_ha,19.77480822848156,34.7,0,162.70057179499418,NA,377.9096115846187,mm,22.067487297346815,0.5306061716051772,0.5975925543811172,49.69332296749577,30.564059956158047,Loam,Field Master,зрошення застосовано ,2024-09-20
569,F0013,FARM07,2024,soya,Soy-V4,75.1,ac,2024-03-24,2024-07-31,1.5638884480576962,t_ha,18.23589786584489,99,3,0,mm,268.4657947975211,mm,15.249980145599693,0.5155606473563239,0.39031069092685355,48.841545167677566,33.74680080015305,Loam,UkrAgroTech,перевірити,2024-05-16
570,F0149,FARM05,2024,Soy,Soy-V5,10.9,ha,2024-05-13,2024-10-01,NA,t_ha,29.975142693379894,185.3,6,0,NA,25.65472057331207,in,13.660696795443073,0.4932178342947736,0.599635353591293,49.39738446773309,32.664559510047084,Chernozem,AgroService Ltd,без примітки,2024-08-11
571,F0011,FARM09,2024,Soy,Soy-V2,12.1,ha,2024-03-21,2024-09-10,1.7823932317551225,t_ha,15.288367704488337,168.7,6,0,mm,556.8665997125208,mm,19.363613890949637,NA,NA,49.25161404642835,32.07060271275882,Sandy,AgroService Ltd,проблема з дренажем,2024-06-05
572,F0015,FARM12,2024,Soy,Soy-V4,12.5,NA,2024-04-18,2024-10-09,NA,bu_ac,8.886731988750398,111.7,0,105.8902857475914,mm,22.839345732304142,in,19.334382025059313,0.5070422181393951,0.6250189553946256,48.51713964290591,33.08347146948008,Loam,agroservice ltd,посуха,2024-07-08
573,F0105,FARM08,2024,Corn,Corn-V4,94.7,ha,20.05.2024,08.09.2024,88.10882459195913,bu_ac,27.99906311929226,200,6,130.15923919156194,NA,402.9175912961364,mm,12.352574530988932,0.7322435113834217,0.8516866105841473,49.33057358032931,32.407537905354985,Sandy,Field Master,проблема з дренажем,2024-09-20
574,F0115,FARM06,2024,wheat,Wheat-V2,-1.9,ac,2024-05-11,2024-09-26,46.48653695215907,bu_ac,34.41846174537204,180.4,2,15.474824317342302,in,183.60017689410597,mm,21.49193315464072,NA,NA,49.75043270652369,29.703541767967867,Loam,AgroService Ltd,без примітки,2024-06-29
575,F0139,FARM09,2024,Sunflower,Sunflower-V1,84.2,ac,2024-03-28,2024-08-10,41.125534061881666,bu_ac,31.159379738382995,107.4,4,0,mm,639.4701154436916,mm,14.39041486592032,0.5659360762219876,0.4492348029604181,49.24877617804427,29.160470813853202,Loam,  UkrAgroTech ,зрошення застосовано,2024-07-31
576,F0116,FARM04,2024,Soy,Soy-V5,107.6,ac,2024-03-26,2024-09-12,NA,t_ha,15.610496307024732,190.6,4,249.96498601976782,mm,566.568944172468,mm,19.374237705254927,0.5231770653277635,0.6457410597940907,49.61296878497536,33.785506481076126,Chernozem,SunField Co,зрошення застосовано,2024-09-07
577,F0020,FARM09,2024,WHEAT ,Wheat-V5,59.4,NA,14.04.2024,21.08.2024,4.126031083986163,t_ha,15.103385385824367,146.9,0,348.0788524495438,NA,577.8672700398602,mm,14.666194134391844,0.7353600163711235,0.8110941094579175,49.69430242420454,33.80321978305187,chernozem,SunField Co,добре,2024-09-29
578,F0105,FARM08,2024,Corn,Corn-V4,94.7,ha,2024-05-20,2024-09-08,5.533234184375033,NA,27.99906311929226,200,6,130.15923919156194,mm,402.9175912961364,mm,12.352574530988932,0.38395633213222025,0.5307084450498223,49.33057358032931,32.407537905354985,Sandy,Field Master,проблема з дренажем,2024-07-04
579,F0124,FARM09,2024,Wheat,Wheat-V4,57.3,ha,05.05.2024,21.08.2024,118.34130090015096,bu_ac,17.756143552949652,36.6,5,0,NA,527.1573942154646,mm,12.57254916569218,0.7836542093660682,0.915888688690029,48.58700871274853,29.276934476479425,Chernozem,AgroService Ltd,без примітки,2024-07-13
580,F0126,FARM09,2024,Wheat,Wheat-V5,6.6,ha,2024-05-16,2024-09-12,96.43702020171204,bu_ac,34.60148771526292,107.3,1,226.57641526311636,mm,329.87683715764433,mm,22.9114323889371,NA,NA,48.60969832455506,31.912795842677824,Loam,Field Master,посуха,2024-07-20
581,F0163,FARM10,2024,Wheat,Wheat-V5,25.1,NA,10.04.2024,31.08.2024,NA,t_ha,34.07951688673347,124.4,2,0,mm,6.018828897641635,in,13.290560345165431,NA,NA,49.66298577970546,29.82237800655235,Loam,GreenCrop ,добре,2024-06-24
582,F0072,FARM02,2024,Corn,Corn-V1,174,ac,2024-04-20,2024-08-20,121.78274242290456,bu_ac,27.951986566651613,50.5,6,187.96216417104006,mm,11.552894374311675,in,17.115997955668718,0.6880301544675603,0.7636682123877108,49.868002256372016,29.259328951485458,loamy,UkrAgroTech,без примітки,2024-09-17
583,F0124,FARM09,2024,Wheat,Wheat-V4,57.3,ha,2024-05-05,2024-08-21,118.34130090015096,bu_ac,17.756143552949652,36.6,5,0,NA,527.1573942154646,NA,12.57254916569218,0.6128460428677499,0.6659552257042378,48.58700871274853,29.276934476479425,Chernozem,AgroService Ltd,без примітки,2024-07-23
584,F0120,FARM11,2024,Wheat,Wheat-V1,22.3,ha,2024-05-04,2024-08-25,7.822265973780304,t_ha,20.218908810755238,217.1,4,7.465374815519753,in,293.20350975031033,NA,17.087858494138345,0.526576898433268,0.587202368164435,49.351761254160664,33.340001792449044,Chernozem,  UkrAgroTech ,добре ,2024-05-09
585,F0119-ALT,FARM06,2024,soya,Soy-V4,28.9,ha,2024-04-03,2024-07-29,42.61422078270482,bu_ac,29.821756178746,109,4,9.720831679081266,in,419.1259160870686,mm,21.439845563145354,0.5132705038646236,0.656727560958825,48.55432118370025,29.53865841196752,Sandy,AgroService Ltd,проблема з дренажем,2024-06-28
586,F0108,FARM10,2024,Wheat,Wheat-V5,56.1,ha,2024-05-16,2024-08-29,89.36506822666522,bu_ac,26.784220005385578," 170,7 ",4,217.23426579264924,mm,375.4140221979469,mm,19.0904314131476,0.44837863547727463,0.5829297120915726,49.120600077540615,29.992807520525066,chernozem,SunField Co,без примітки,2024-09-06
587,F0024,FARM10,2024,Wheat,Wheat-V2,71.8,NA,2024-04-13,2024-07-30,-0.031984491273760796,t_ha,19.154896181542426,181.3,5,236.88224479556084,mm,588.7861508992501,mm,18.82153136911802,0.7708737041335553,0.846155196451582,49.74122151983622,28.569316067039036,Loam,UkrAgroTech,добре,2024-08-23
588,F0027,FARM11,2024,Wheat,Wheat-V1,13.4,ha,11.04.2024,25.08.2024,71.04003579144049,bu_ac,29.219453471014276,92.5,2,0,mm,9.620543273704817,in,16.26963267661631,0.7117803532397374,0.8041436162311584,49.28818153585587,28.92035883822758,Chernozem,AgroService Ltd,без примітки,2024-07-26
589,F0109,FARM03,2024,Soy,Soy-V5,77.9,ha,19.05.2024,26.08.2024,26.3500398192361,bu_ac,23.469693066785112,203.7,6,11.429862580793786,in,235.44656498124823,mm,15.440130766713992,0.5949997063959017,0.6786638519959524,48.628853849126955,28.692569010023494,Chernozem,UkrAgroTech,зрошення застосовано,2024-06-25
590,F0055,FARM06,2024,Corn,Corn-V5," 42,2",ha,2024-03-16,2024-09-27,11.697792859515175,t_ha,18.35420406004414," 207,4 ",2,5.6259568476330815,in,369.53695686534047,mm,16.935861185891554,0.7554733311058953,0.8610782001400366,48.971339052139314,31.83588249845617,Chernozem,POLE PLUS,проблема з дренажем,2024-06-24
591,F0158,FARM02,2024,Corn,Corn-V2,58.9,ac,2024-03-17,2024-08-14,9.860857026651502,t_ha,23.752378524281085," 190,0 ",1,60.17084104241803,mm,24.6372614922112,in,18.140505565097556,0.5334130702773109,0.677501862659119,48.561455279117915,30.658290432276207,Loam,UkrAgroTech,норма,2024-08-10
592,F0146,FARM05,2024,wheat,Wheat-V3,83.8,ha,25.04.2024,07.10.2024,7.465281196171418,t_ha,24.580747057218105,61.6,0,342.52868506591767,mm,629.2486561578698,mm,22.852584965527058,0.6087697396520525,0.7271124430233612,49.09781078606704,29.394144636219835,Chernozem,UkrAgroTech,добре,2024-08-31
593,F0034,FARM08,2024,Corn,Corn-V5," 68,7",ha,2024-05-04,2024-08-09,10.725200979970396,t_ha,33.02079915814102,195.2,0,13.692518476191468,in,11.132021427271873,in,16.33513083262369,0.5973297392716631,0.6497781219659373,32.477248424302786,48.962404261286835,Loam,  UkrAgroTech ,норма,2024-09-18
594,F0131,FARM09,2024,Corn,Corn-V4,10.8,ha,2024-04-25,2024-08-17,9.480443362612277,t_ha,12.542420317418873,132.9,2,9.194627749792293,in,580.5571991484612,mm,19.730936092091724,0.38442940954118965,0.5,49.37046749598859,29.62757496253727,NA,Field Master,без примітки,2024-09-28
595,F0022,FARM01,2024,Wheat,Wheat-V1,237.4,ac,2024-05-11,2024-07-27,7.701745363418013,t_ha,32.46988805709407,115,5,229.44771986221895,mm,361.0545711242594,mm,18.95466727297753,0.6583114562323317,0.798952245269902,48.67405671058409,31.407883253819776,Chernozem,  UkrAgroTech ,норма,2024-09-04
596,F0042-ALT,FARM12,2024,Wheat,Wheat-V5,19.7,ha,2024-05-13,2024-08-10,6.732753271469846,t_ha,27.660729489987716,216.7,6,0,mm,494.1328864078969,mm,17.910219861660153,NA,NA,48.859719045200244,31.057737253051393,Loam,Pole Plus,норма,2024-07-19
597,F0154,FARM06,2024,Soy,Soy-V4,15.3,ha,2024-03-31,2024-10-02,3.880203464999795,t_ha,21.664070404833183,108.6,0,287.03245611395687,mm,502.89698826381937,mm,17.845397881697863,0.8405338567914441,0.95,49.637026182342325,31.349870851341638,NA,AgroService Ltd,добре,2024-07-22
598,F0010,FARM11,2024,Corn,Corn-V3,97.5,ha,2024-04-09,2024-09-30,136.56407302159485,bu_ac,33.94990235893056,0.8,3,0,mm,358.02558216964826,mm,17.11128444923088,NA,NA,48.529781022499776,28.984314635482153,Chernozem,Field Master,проблема з дренажем,2024-06-21
599,F0159,FARM05,2024,Soy,Soy-V3,82.4,ac,2024-04-01,2024-09-27,2.6886429379228503,NA,31.782064005499706,135.1,5,225.66881695529446,mm,670.4425037140027,mm,15.658486388856545,0.6606249695410952,0.771105750882998,49.43161847706465,33.26612068808126,Clay,agroservice ltd,перевірити,2024-07-31
600,F0058,FARM01,2024,Wheat,Wheat-V5,9.4,ha,2024-04-14,2024-10-08,5.16768832411617,t_ha,27.77602813160047,35.3,5,0,mm,661.4985143765807,NA,12.695475316839293,0.37827992511447517,0.5,49.18076005902374,30.89629959314363,Chernozem,Field Master,проблема з дренажем,2024-09-02
601,F0123,FARM08,2024,WHEAT ,Wheat-V3,100.1,ha,2024-04-06,2024-08-17,57.53589068562966,bu_ac,30.95647318707779,14.3,6,14.031278558889419,in,23.93524829292758,in,15.641979494132102,0.39691951000131664,0.5417353577446192,49.77811908343388,30.24446113924496,Clay,SunField Co,норма ,2024-05-25
602,F0171,FARM03,2024,Corn,Corn-V4,118.8,ha,2024-04-10,2024-10-08,NA,t_ha,17.791147832758725,215.3,6,261.87887659762055,mm,515.4188661254011,mm,22.187703826930374,0.5406620947411284,0.6361110321944579,49.1256769034192,32.45889498128044,loamy,UkrAgroTech,зрошення застосовано,2024-08-30
603,F0053,FARM03,2024,Sunflower,Sunflower-V2,40.6,ha,2024-03-10,2024-10-04,73.654814149057,bu_ac,9.441359386779368,160,0,386.9585713953711,mm,24.093511883319746,in,15.914453758625314,0.5831632336135953,0.6366021880414336,49.336399753715845,32.756670795050916,Chernozem,agroservice ltd,посуха,2024-06-05
604,F0138,FARM03,2024,wheat,Wheat-V1,47.9,ha,2024-03-13,2024-09-26,104.55022890530361,bu_ac,15.604115300346166,110.5,6,10.826776823483584,in,25.132842429759584,in,20.817127760965377,0.5971169563941657,0.669318287842907,49.08998581484007,29.543514587605838,Clay,SunField Co,перевірити,2024-05-08
605,F0082,FARM10,2024,wheat,Wheat-V4,47.4,ac,2024-03-29,2024-07-29,90.77165906842006,bu_ac,32.46651548938826,12.3,4,1.99901852729239,in,18.409271356026373,in,2.4327147745061666,0.5109377767890692,0.6033252019667997,49.167345152378545,31.0308623474706,Chernozem,UkrAgroTech,без примітки,2024-09-02
606,F0081,FARM11,2024,Soy,Soy-V3,102.2,ha,21.03.2024,03.09.2024,NA,bu_ac,31.022788552334532," 54,4 ",5,99.40350014949217,mm,593.7410652521066,mm,21.848467608215287,0.5962832785677165,0.7024126040749251,49.64354762136284,33.545173297272534,chernozem,Field Master,добре,2024-05-11
607,F0061,FARM05,2024,Corn,Corn-V3,60.6,NA,2024-05-13,2024-10-12,NA,t_ha,19.504111729795113,76.4,6,12.110667611659307,in,298.7596017308533,mm,13.747323927702382,NA,NA,49.882411058881786,31.75244216183573,Chernozem,Field Master,посуха,2024-06-21
608,F0078,FARM04,2024,wheat,Wheat-V4,149.5,ac,15.03.2024,30.09.2024,55.96975664114151,bu_ac,9.50673251086846,207.2,4,119.60634811548516,mm,416.9765734812245,mm,20.577170668635517,0.6422300590435043,0.7320090723223984,49.716007533497645,31.84393829084095,Loam,Field Master,проблема з дренажем,2024-08-01
609,F0031,FARM05,2024,Soy,Soy-V3,109.5,ha,2024-04-03,2024-07-30,2.228302590432577,t_ha,26.67496727243997," 135,5 ",3,0,NA,667.4061808153056,mm,19.135653902310878,0.514851987734437,0.576253523491323,49.35609250772931,33.76655535801966,Chernozem,UkrAgroTech,зрошення застосовано,2024-07-09
610,F0080,FARM04,2024,Soy,Soy-V5,25.2,ha,2024-05-08,2024-09-03,518.787854183659,bu_ac,28.996699631214142,47.2,2,0,mm,326.4474817784503,mm,19.707293085753918,0.5352903738617897,0.6214771741768345,49.301019012641625,29.616434515206144,Loam,AgroService Ltd,норма,2024-05-08
611,F0124,FARM09,2024,Wheat,Wheat-V4,141.6,ac,2024-05-05,2024-08-21,7.964369550580159,t_ha,17.756143552949652,36.6,5,0,mm,527.1573942154646,mm,45.30852750875056,0.6076709645800292,0.687001423840411,48.58700871274853,29.276934476479425,Chernozem,agroservice ltd,без примітки,2024-05-07
612,F0104,FARM05,2024,Corn,Corn-V5,119,ha,2024-04-25,2024-09-03,8.51801749994047,t_ha,23.50176070490852,169.8,2,0,in,670.861302386038,mm,17.50824711495079,NA,NA,49.98386206947407,32.580725477786274,Sandy,Field Master,посуха,2024-07-08
613,F0138,FARM03,2024,Wheat,Wheat-V1,47.9,ha,2024-03-13,2024-09-26,7.036230405326933,NA,15.604115300346166," 110,5 ",6,275.000131316483,mm,638.3741977158934,mm,20.817127760965377,0.39168125183787195,0.5,49.08998581484007,29.543514587605838,Clay,sunfield co,перевірити,2024-07-11
614,F0174,FARM04,2024,Corn,Corn-V1,6.5,ha,2024-03-18,2024-10-07,10.633934138342738,t_ha,33.40831537498161,218.8,2,186.893791181501,mm,282.4498112197034,mm,16.436864268500358,0.7618863564217463,0.824909613491036,32.44228378771851,49.6052515952331,Sandy,Field Master,норма,2024-07-24
615,F0005,FARM11,2024,Sun-flower,Sunflower-V1,83.2,ha,09.05.2024,24.09.2024,4.115548731456511,t_ha,19.04513090988621,176.2,0,0,NA,482.5429401244037,mm,14.62618981860578,0.6497111905133351,0.7112655344884843,49.92335815852322,30.392267190224025,Loam,GreenCrop,норма ,2024-09-14
616,F0121,FARM11,2024,Corn,Corn-V5,57.5,ha,2024-05-06,2024-08-14,96.29939538930917,bu_ac,19.37474780413322,216.3,4,0,mm,512.8700844827108,mm,20.40337445726618,0.6846034470014274,0.8247572070453315,48.62279555547237,33.540336509191434,Loam,agroservice ltd,посуха,2024-09-30
617,F0037,FARM09,2024,Wheat,Wheat-V2,20.5,NA,2024-04-26,2024-09-23,NA,bu_ac,16.962209057994187,103.9,6,4.317406597033906,in,469.98611208982766,NA,18.768763575470075,0.47074332463089374,0.5209794647293166,49.38881930866651,32.95508813529835,Clay,Pole Plus,норма,2024-08-23
618,F0091,FARM06,2024,Corn,Corn-V5,41,ha,2024-04-05,2024-08-04,100.5994922712825,bu_ac,29.548939532134682,100.3,6,0,in,301.5047265449539,NA,15.749498694902286,0.7967418256681412,0.9092744199093431,49.71939282721793,33.7553081309069,Chernozem,GreenCrop,посуха ,2024-05-24
619,F0133,FARM07,2024,Wheat,Wheat-V5,112,ha,19.04.2024,13.10.2024,108.10352590995085,bu_ac,29.271521711023524,17.2,6,272.31019923929125,mm,515.0625397334807,mm,16.89900145982392,0.7613963569980114,0.8787770103663206,49.65165245913761,32.19512559332512,Chernozem,POLE PLUS,проблема з дренажем ,2024-06-07
620,F0080,FARM04,2024,soya,Soy-V5,25.2,NA,2024-05-08,2024-09-03,31.04790242044269,bu_ac,28.996699631214142,47.2,2,0,in,326.4474817784503,mm,19.707293085753918,0.7922213677316904,0.898706216015853,49.301019012641625,29.616434515206144,Loam,AgroService Ltd,норма,2024-07-11
621,F0103,FARM04,2024,Corn,Corn-V1," 111,3",ha,2024-05-01,2024-08-28,5.178210637765005,t_ha,24.153885109815747,8.9,3,92.88499933900312,NA,535.5808192514814,mm,18.506399986101314,NA,NA,49.557062817221045,28.921630821413828,Chernozem,field master,перевірити,2024-07-26
622,F0056,FARM11,2024,Corn,Corn-V1,251.9,ac,2024-04-04,2024-09-18,89.85056468822467,bu_ac,25.900315821403638,32.2,0,257.2361152037047,mm,203.32660430576652,mm,15.078384353080764,0.737108314782381,0.8147671318612992,48.981845473898574,32.978933228631504,Loam,SunField Co,зрошення застосовано,2024-09-05
623,F0118,FARM04,2024,Wheat,Wheat-V2,220.3,ac,2024-05-15,2024-09-01,NA,t_ha,9.177096034400165," 160,8 ",1,344.1367691732012,mm,538.0492500844412,mm,19.467462910572067,0.5517665996681899,0.6527527568396181,48.702890742109624,33.28011959618004,Chernozem,Pole Plus,проблема з дренажем,2024-07-28
624,F0028,FARM11,2024,Wheat,Wheat-V4,62.8,ha,2024-05-04,2024-09-28,7.444094479549676,t_ha,22.334980565821752,108.1,2,0,mm,21.63089027694302,in,15.948781565064564,0.40135931586846707,0.5073718722909688,49.552903190766926,30.733149683735334,Chernozem,UkrAgroTech,норма,2024-07-26
625,F0139,FARM09,2024,Sunflower,Sunflower-V1,34.1,ha,2024-03-28,2024-08-10,41.125534061881666,bu_ac,31.159379738382995,107.4,4,0,in,639.4701154436916,mm,14.39041486592032,0.6349886349868029,0.7690451096976176,49.24877617804427,29.160470813853202,NA,UkrAgroTech,зрошення застосовано,2024-07-30
626,F0099,FARM12,2024,Soy,Soy-V2,24,ac,2024-04-16,2024-07-30,NA,bu_ac,28.330677752150223,74.2,1,7.95531528222734,in,501.1654658475891,mm,12.653627194929868,0.7016735070152208,0.7921560849295929,49.988244747210764,33.796182937197386,Loam,GreenCrop,без примітки,2024-08-11
627,F0133,FARM07,2024,Wheat,Wheat-V5,112,ha,2024-04-19,2024-10-13,7.275367293739691,t_ha,29.271521711023524,17.2,6,10.72087398579887,in,515.0625397334807,mm,16.89900145982392,0.7214994192123413,0.8221753045450896,49.65165245913761,32.19512559332512,Chernozem,Pole Plus,проблема з дренажем,2024-07-28
628,F0099,FARM12,2024,Soy,Soy-V2,9.7,ha,2024-04-16,2024-07-30,NA,NA,28.330677752150223," 74,2 ",1,202.06500816857442,mm,19.73092385226729,in,12.653627194929868,0.5204618716612458,0.6604072496760636,49.988244747210764,33.796182937197386,Loam,GreenCrop,без примітки,2024-07-24
629,F0150,FARM08,2024,Wheat,Wheat-V5,242.6,ac,2024-03-20,2024-08-02,6.154148577013984,t_ha,13.887586144031957,106.7,0,236.79680690402165,NA,398.4629520447925,mm,14.52006634278223,0.40463061854243276,0.5,48.95343883008463,33.19040964336554,CLAY ,GreenCrop,зрошення застосовано ,2024-07-22
630,F0178,FARM04,2024,Soy,Soy-V4,234.6,ac,2024-05-13,2024-09-29,3.3467323697404936,t_ha,17.27106159972027,191.2,0,172.24945093039423,mm,217.30307484976947,mm,21.25247910292819,0.8084037491586059,0.9197976978030056,49.10760136450315,29.508594120971395,Chernozem,AgroService Ltd,добре,2024-07-01
631,F0050,FARM01,2024,Soy,Soy-V3,94.2,ha,2024-04-17,2024-10-06,25.032288398327967,bu_ac,25.5337087335065,136,0,301.3413671753369,mm,16.22267581447299,in,12.098440325818956,0.7249024560675025,0.794709698855877,49.787299213327934,28.58746999834711,Sandy,UkrAgroTech,посуха,2024-08-23
632,F0061,FARM05,2024,Corn,Corn-V3,149.8,ac,13.05.2024,12.10.2024,NA,bu_ac,19.504111729795113,76.4,6,307.6109573361464,mm,298.7596017308533,mm,13.747323927702382,0.740281370957382,0.823467463441193,49.882411058881786,31.75244216183573,Chernozem,Field Master,посуха,2024-08-15
633,F0129,FARM02,2024,Sunflower,Sunflower-V5,24.1,ac,2024-05-05,2024-09-10,63.28997442155685,bu_ac,21.95108951162547,24.3,6,14.28697633558855,in,216.50692605180666,NA,20.830986829241738,0.4644856326282024,0.5474142669700086,49.636939675061036,28.520252504077742,Chernozem,SunField Co,посуха,2024-06-20
634,F0004,FARM04,2024,Soy,Soy-V3," 220,7",ac,14.05.2024,24.09.2024,53.956962550712134,bu_ac,24.181020002113655,167.7,5,2.764050106748968,in,274.96327471453696,NA,13.058448714902624,0.4217115021543577,0.5098002249840646,49.49969187557697,33.00418895693403,Loam,field master,добре,2024-08-14
635,F0140,FARM01,2024,Wheat,Wheat-V4," 68,1",ha,2024-05-03,2024-07-27,4.123382553923875,t_ha,8.299098634161055," 32,7 ",5,109.42148944595829,mm,307.1847223676741,mm,19.161694906419143,0.5512864031130448,0.6192607695236801,48.877923005721996,32.68727189538721,Chernozem,GreenCrop,норма,2024-09-21
636,F0173,FARM09,2024,wheat,Wheat-V5,95,NA,2024-04-01,2024-08-09,34.598200649023056,t_ha,15.439239660743624,6.1,6,0,mm,491.482155630365,mm,13.824114047456533,0.7694688710849732,0.8447761991992593,49.695780777306766,32.89553318708949,Chernozem,AgroService Ltd,перевірити,2024-05-23
637,F0056,FARM11,2024,Corn,Corn-V1,101.9,ha,2024-04-04,2024-09-18,5.642615462420508,t_ha,25.900315821403638,32.2,0,257.2361152037047,mm,203.32660430576652,NA,15.078384353080764,0.7937756934203207,0.8822872768389061,48.981845473898574,32.978933228631504,Loam,SunField Co,зрошення застосовано,2024-08-09
638,F0169,FARM10,2024,Corn,Corn-V5,89.4,ha,2024-04-15,2024-09-30,7.659786943346262,t_ha,15.85373682784848,143.7,5,0,in,17.93991142057073,in,12.820798456668854,0.618748085363768,0.7475032103713601,48.6472723670844,29.63152911456302,Chernozem,UkrAgroTech,перевірити,2024-08-03
639,F0165,FARM02,2024,wheat,Wheat-V1,26.8,ac,2024-04-05,2024-08-07,5.765860571525991,t_ha,15.70379905984737,86.7,2,263.34470976144075,mm,332.7344842487946,mm,15.95848182309419,NA,NA,49.17852524817828,33.677258818270175,Loam,Field Master,проблема з дренажем,2024-07-18
640,F0055,FARM06,2024,Corn,Corn-V5,104.2,ac,2024-03-16,2024-09-27,11.697792859515175,t_ha,18.35420406004414,207.4,2,142.89930392988026,mm,369.53695686534047,mm,16.935861185891554,NA,NA,48.971339052139314,31.83588249845617,Chernozem,Pole Plus,проблема з дренажем,2024-08-21
641,F0176,FARM04,2024,Soy,Soy-V1,53.6,ha,2024-03-10,2024-08-09,37.55439535567999,bu_ac,26.231627743924037,160.7,1,0,mm,300.3035211120732,mm,48.48575451481156,0.5536300015170127,0.6676568854833022,48.95107018770231,30.064787929418497,NA,SunField Co,проблема з дренажем,2024-07-19
642,F0080,FARM04,2024,soya,Soy-V5,25.2,ha,2024-05-08,2024-09-03,31.04790242044269,bu_ac,28.996699631214142,47.2,2,0,mm,326.4474817784503,NA,19.707293085753918,NA,NA,49.301019012641625,29.616434515206144,Loam,agroservice ltd,норма,2024-07-27
643,F0106,FARM08,2024,Sunflower,Sunflower-V3," 229,4",ac,2024-05-06,2024-09-14,4.163936704513617,t_ha,18.101373933721334,99.2,4,0,mm,230.38893289631233,mm,15.441293412819505,0.39234623501542953,0.5331993700237945,48.802430170864334,32.021926630538424,Sandy,UkrAgroTech,зрошення застосовано,2024-05-02
644,F0060,FARM07,2024,Wheat,Wheat-V3,56.7,ha,2024-05-11,2024-07-25,82.6890810868837,bu_ac,14.346865569241345,79.2,4,178.00424641463906,mm,14.642826452902629,in,19.12585721234791,0.4040157032664865,0.523391741886735,49.61297252285387,32.2830915608597,chernozem,field master,норма,2024-05-28
645,F0167,FARM03,2024,Corn,Corn-V5,102.1,ha,2024-05-02,2024-07-30,112.3956364548356,bu_ac,11.81019512237981,144.5,6,160.02602101070806,mm,488.30839942675084,mm,19.44469421240501,0.7749330896418541,0.8744917423231526,49.84401415537344,30.079877171544826,Sandy,GreenCrop,зрошення застосовано,2024-05-10
646,F0130,FARM02,2024,Soy,Soy-V3,47.2,ac,2024-04-11,2024-08-14,55.877802231699164,bu_ac,11.435311701381579,194.6,0,0,mm,16.53279233806378,in,20.795396254165098,0.516454293183051,0.5821496048709377,48.77360281185479,32.58427027723333,CLAY ,Pole Plus,зрошення застосовано,2024-09-19
647,F0111,FARM11,2024,Corn,Corn-V4,64.2,ha,2024-03-21,2024-08-14,8.063955106539652,t_ha,21.43571813055314,194,6,266.05504255276173,mm,340.4401483130641,mm,16.69074723124504,0.5599995525786653,0.6921311977552249,49.45520813353639,31.921285093258604,Loam,SunField Co,норма,2024-08-09
648,F0117,FARM10,2024,Wheat,Wheat-V2,77.8,NA,2024-04-13,2024-07-25,7.688482908532023,t_ha,22.67579868552275,107.8,5,0,in,654.7593226656318,mm,22.50023498479277,0.7291422428330406,0.7933471205411479,48.51653294270579,31.982219828517643,Loam,Field Master,норма,2024-09-12
649,F0122,FARM02,2024,Soy,Soy-V5,108.1,ha,2024-10-06,2024-04-23,NA,NA,16.593411370180547,153.1,3,10.442813957388712,in,195.63122602412477,mm,21.991829907055944,0.5284614644711837,0.6233143218560144,48.79575587364379,29.908865246605128,Sandy,GreenCrop,добре,2024-06-05
650,F0091,FARM06,2024,Corn,Corn-V5," 101,4",ac,2024-04-05,2024-08-04,6.31764811463654,t_ha,29.548939532134682," 100,3 ",6,0,mm,301.5047265449539,NA,15.749498694902286,NA,NA,49.71939282721793,33.7553081309069,NA,GreenCrop,посуха,2024-07-22
651,F0028,FARM11,2024,WHEAT ,Wheat-V4,155.2,ac,2024-05-04,2024-09-28,110.61061633803382,bu_ac,22.334980565821752,108.1,2,0,in,549.4246130343527,mm,15.948781565064564,NA,NA,49.552903190766926,30.733149683735334,Chernozem,UkrAgroTech,норма,2024-06-30
652,F0135,FARM12,2024,soya,Soy-V3," 94,6",ha,2024-03-20,2024-10-11,30.16531662731798,bu_ac,18.322982348734513,53.4,1,178.02001381060109,mm,601.0817830334418,mm,13.386080408701673,0.3849682623054832,0.5,48.67350321437791,32.122315931226595,Loam,agroservice ltd,добре,2024-07-01
653,F0080,FARM04,2024,Soy,Soy-V5,25.2,ha,2024-05-08,2024-09-03,31.04790242044269,bu_ac,28.996699631214142,47.2,2,0,mm,326.4474817784503,mm,19.707293085753918,0.7315627763979137,0.8631767648272216,49.301019012641625,29.616434515206144,Loam,AgroService Ltd,норма,2024-06-18
654,F0090,FARM09,2024,wheat,Wheat-V5,83.1,ha,2024-04-28,2024-08-15,6.453804947203025,t_ha,17.972606759751216,202.5,5,6.63762234653691,in,22.150534993004584,in,21.238950131926686,NA,NA,48.73096422260627,29.940448035718408,Sandy,agroservice ltd,зрошення застосовано,2024-05-24
655,F0039,FARM12,2024,Corn,Corn-V4,15,ha,05.05.2024,31.08.2024,99.0193210591141,bu_ac,34.9502484719269,198.9,3,280.52658766973764,mm,227.0042717922479,mm,22.99271099618636,NA,NA,49.59117011536565,31.874453241174578,Chernozem,sunfield co,посуха,2024-09-09
656,F0132,FARM08,2024,Corn,Corn-V4,40.8,ha,2024-04-24,2024-08-23,9.017840614076704,t_ha,28.56416151765734,74.4,2,0,in,24.245481766709016,in,22.62135248654522,0.6821618285262957,0.780743784387596,48.861345076068766,30.590337796685287,chernozem,  UkrAgroTech ,перевірити,2024-05-05
657,F0036,FARM06,2024,Sunflower,Sunflower-V5,102.2,ha,2024-08-07,2024-04-21,34.831458406130736,bu_ac,10.878711528144777,97.2,5,0,in,14.069447891079037,in,13.82031901855953,0.5269612869247794,0.6668317964999004,49.745543451902456,32.28799643377261,Chernozem,UkrAgroTech,добре,2024-08-20
658,F0098,FARM06,2024,Corn,Corn-V3,94.3,ha,2024-03-14,2024-10-14,157.2628185608288,bu_ac,14.54257819079794,141.9,3,202.75624794885516,mm,25.293132771946873,in,12.269382697995752,0.435673636989668,0.5449559749104083,49.70930212263251,30.622921599367636,Chernozem,UkrAgroTech,добре,2024-08-29
659,F0034,FARM08,2024,Corn,Corn-V5,68.7,ha,2024-05-04,2024-08-09,170.78345509507,bu_ac,33.02079915814102,195.2,0,347.7899692952633,mm,282.7533442527056,mm,16.33513083262369,0.8488268865272403,0.913824905268848,48.962404261286835,32.477248424302786,Loam,UkrAgroTech,норма,2024-05-15
660,F0037,FARM09,2024,Wheat,Wheat-V2," 20,5",ha,2024-04-26,2024-09-23,NA,t_ha,16.962209057994187,103.9,6,109.6621275646612,NA,469.98611208982766,mm,18.768763575470075,0.7661231822799891,0.8339201821712777,49.38881930866651,32.95508813529835,Clay,Pole Plus,норма,2024-09-25
661,F0024,FARM10,2024,Wheat,Wheat-V2,71.8,ha,2024-04-13,2024-07-30,4.762097687460482,t_ha,19.154896181542426," 181,3 ",5,236.88224479556084,mm,588.7861508992501,mm,18.82153136911802,0.5165579321561381,0.6323789696209132,49.74122151983622,28.569316067039036,Loam,UkrAgroTech,добре,2024-09-25
662,F0033,FARM08,2024,Sunflower,Sunflower-V5," 15,3",ha,2024-05-08,2024-08-04,3.725355938030407,NA,20.60274729784578,109.3,4,0,mm,286.51455589570105,mm,17.779656806960702,0.7956710853846743,0.9431612104177475,49.8927680000295,33.46568400714826,Chernozem,SunField Co,без примітки,2024-07-17
663,F0066,FARM12,2024,Soy,Soy-V5,66.1,ha,2024-03-10,2024-08-01,29.418368894402022,bu_ac,31.90986208897084,160.2,5,102.09759729914367,NA,533.786695857998,mm,13.175283188698813,NA,NA,49.48291347293416,30.620346061817838,Loam,GreenCrop ,посуха,2024-06-19
664,F0149,FARM05,2024,Soy,Soy-V5,10.9,ha,2024-05-13,2024-10-01,NA,t_ha,29.975142693379894,185.3,6,0,mm,651.6299025621265,mm,13.660696795443073,0.7200883749406785,0.7869428470730782,32.664559510047084,49.39738446773309,chernozem,agroservice ltd,без примітки,2024-09-12
665,F0003,FARM01,2024,Corn,Corn-V5,17.6,ha,2024-04-02,2024-08-23,99.08192784000474,bu_ac,17.268254621885717,170.8,0 apps,257.12129306048155,mm,643.5089216916822,mm,20.552715743426234,0.39195298987906424,0.5,49.836275325906,28.9835720234802,chernozem,sunfield co,добре,2024-08-20
666,F0061,FARM05,2024,Corn,Corn-V3,149.8,ac,2024-05-13,2024-10-12,NA,t_ha,19.504111729795113,76.4,6,307.6109573361464,mm,298.7596017308533,mm,13.747323927702382,0.6343575115548447,0.7265924636973068,49.882411058881786,31.75244216183573,Chernozem,Field Master,посуха,2024-09-03
667,F0075,FARM05,2024,Wheat,Wheat-V4," 72,9",ha,2024-04-26,2024-10-09,68.9672542747005,bu_ac,27.030563293024898," 136,9 ",6,14.148944970971986,in,16.157979132354583,in,12.50206284946762,NA,NA,48.99341193875345,28.67462091157772,Chernozem,UkrAgroTech,без примітки,2024-07-18
668,F0100,FARM02,2024,wheat,Wheat-V4,28.2,ha,2024-04-07,2024-08-03,6.526762946275994,t_ha,24.416961741866544,161.5,4,0,mm,15.775083048602816,in,16.123877361416817,0.5060701262205839,0.5893537573749199,49.06267173125828,30.588034155547156,Chernozem,Field Master,добре,2024-09-26
669,F0138,FARM03,2024,Wheat,Wheat-V1,47.9,NA,2024-03-13,2024-09-26,104.55022890530361,bu_ac,15.604115300346166,110.5,6,275.000131316483,mm,25.132842429759584,in,20.817127760965377,0.8459438940277323,0.95,49.08998581484007,29.543514587605838,CLAY ,SunField Co,перевірити,2024-07-24
670,F0164,FARM03,2024,Corn,Corn-V4,85.1,ha,2024-04-30,2024-10-11,NA,t_ha,33.77032370865345,215.2,0,73.30882124369964,mm,592.9097151616588,mm,15.549476432148367,NA,NA,49.914415598589464,30.158200040886644,Clay,UkrAgroTech,зрошення застосовано,2024-08-09
671,F0054,FARM12,2024,Wheat,Wheat-V1,99.5,ha,2024-03-31,2024-09-12,NA,t_ha,11.279644238296896,202.8,4,278.0198715161532,mm,26.135173705993147,in,15.356105137616396,NA,NA,49.56398012921121,33.36538589074836,Loam,POLE PLUS,норма,2024-06-20
672,F0128,FARM09,2024,Wheat,Wheat-V5,135,ac,04.04.2024,01.09.2024,97.07959223176071,bu_ac,32.29299695510417,140.8,1,372.56461539072916,mm,8.242889922057227,in,18.317926909774542,0.7080724007915705,0.8344888706458733,48.75750580350449,29.233339671749157,Chernozem,  UkrAgroTech ,посуха,2024-08-07
673,F0148,FARM11,2024,Wheat,Wheat-V5,80.2,ha,04.04.2024,25.07.2024,7.482028145575896,t_ha,14.90191361727193,187.3,4,87.48800673056394,mm,640.044241445139,NA,16.551106797298416,0.38067842335440216,0.5,49.724740576219745,28.782116849329324,Chernozem,UkrAgroTech,норма,2024-09-13
674,F0133,FARM07,2024,Wheat,Wheat-V5,276.8,ac,2024-04-19,2024-10-13,108.10352590995085,bu_ac,29.271521711023524,17.2,6,272.31019923929125,mm,20.278052745412626,in,16.89900145982392,0.8425104507710784,0.9050743472762406,49.65165245913761,32.19512559332512,Chernozem,Pole Plus,проблема з дренажем,2024-08-21
675,F0066,FARM12,2024,soya,Soy-V5,163.3,ac,10.03.2024,01.08.2024,1.979856226593256,NA,31.90986208897084," 160,2 ",5,102.09759729914367,mm,533.786695857998,mm,13.175283188698813,0.843693946977146,0.95,49.48291347293416,30.620346061817838,Loam,GreenCrop,посуха ,2024-07-09
676,F0156,FARM11,2024,Corn,Corn-V5,178.2,ac,04.04.2024,14.08.2024,8.219290556153283,t_ha,24.276944635203108," 130,8 ",3,78.51164541207254,mm,14.145023794478085,in,22.235759356291965,0.8399742713896557,0.9207920247688889,49.31550892784772,30.349800994597377,Loam,AgroService Ltd,зрошення застосовано,2024-05-12
677,F0119,FARM06,2024,Soy,Soy-V4,71.5,ac,2024-04-03,2024-07-29,2.867937058676034,t_ha,29.821756178746,109,4,9.720831679081266,in,419.1259160870686,NA,21.439845563145354,NA,NA,48.55449884758005,29.538418500605506,Sandy,agroservice ltd,проблема з дренажем,2024-08-25
678,F0010,FARM11,2024,Maize,Corn-V3,240.8,ac,2024-04-09,2024-09-30,136.56407302159485,bu_ac,33.94990235893056,0.8,3,0,mm,358.02558216964826,mm,17.11128444923088,0.41943171215243635,0.5,48.529781022499776,28.984314635482153,chernozem,Field Master,проблема з дренажем,2024-08-13
679,F0057,FARM05,2024,Soy,Soy-V2,69,ha,2024-03-26,2024-10-14,1.6633070083335042,t_ha,32.87230269191787,91.5,1,330.3481686511077,mm,23.102781907691966,in,20.688620487460867,0.3713495766511187,0.5149269769201055,48.68904715656815,28.613999391891063,Sandy,Pole Plus,посуха,2024-07-04
680,F0096,FARM09,2024,Corn,Corn-V1,270.2,ac,2024-04-25,2024-08-11,6.846270147245377,t_ha,12.447058753343299," 110,1 ",6,0,mm,255.2263648249209,mm,14.147910694591701,NA,NA,48.50511174380127,31.92066737321392,Sandy,Field Master,посуха,2024-09-20
681,F0042-ALT,FARM12,2024,Wheat,Wheat-V5,19.6,ha,13.05.2024,10.08.2024,6.732753271469846,t_ha,27.660729489987716,216.7,6,0,mm,19.454050645980193,in,17.910219861660153,0.6818510957760736,0.79805445112288,48.859850507103836,31.057795902755487,NA,Pole Plus,норма,2024-06-21
682,F0030,FARM07,2024,wheat,Wheat-V3,50,ha,2024-04-25,2024-08-07,5.588218572782353,t_ha,32.997949754819274,150.9,3,303.60774827422574,mm,470.2351025072858,mm,17.842249265871942,NA,NA,49.66297258011485,33.915239915442186,NA,agroservice ltd,без примітки,2024-05-11
683,F0014,FARM01,2024,Sunflower,Sunflower-V5,247.9,ac,2024-05-07,2024-08-31,36.27562293488728,bu_ac,33.71312448033132,134.9,0,320.32549518626183,mm,501.0063139721751,mm,14.761905671097338,NA,NA,49.2867364769727,29.94537253516866,Chernozem,GreenCrop,норма,2024-09-30
684,F0129,FARM02,2024,Sunflower,Sunflower-V5,9.8,ha,2024-05-05,2024-09-10,3.6075285420287404,t_ha,21.95108951162547,24.3,6,14.28697633558855,in,8.52389472644908,in,20.830986829241738,0.4952177522005513,0.6161159352166578,49.636939675061036,28.520252504077742,Chernozem,SunField Co,посуха,2024-06-22
685,F0140,FARM01,2024,Wheat,Wheat-V4,168.2,ac,2024-05-03,2024-07-27,61.268685793816864,bu_ac,8.299098634161055,32.7,5,109.42148944595829,mm,12.093886707388744,in,19.161694906419143,0.6197771398816257,0.6985068614594638,48.877923005721996,32.68727189538721,Chernozem,GreenCrop,норма,2024-06-23
686,F0132,FARM08,2024,Maize,Corn-V4,100.7,ac,2024-04-24,2024-08-23,9.017840614076704,t_ha,28.56416151765734,74.4,2,0,in,615.835236874409,mm,22.62135248654522,NA,NA,48.861345076068766,30.590337796685287,Chernozem,  UkrAgroTech ,перевірити,2024-05-26
687,F0104,FARM05,2024,Corn,Corn-V5,294,ac,2024-04-25,2024-09-03,8.51801749994047,t_ha,23.50176070490852,169.8,2,0,mm,670.861302386038,mm,17.50824711495079,0.5758463252801448,0.6903956384630874,49.98386206947407,32.580725477786274,Sandy,Field Master,посуха,2024-06-05
688,F0093,FARM12,2024,Wheat,Wheat-V3,15.9,ha,2024-05-14,2024-07-27,88.012651903596307,bu_ac,12.945244940463454,72.1,4,0,in,632.7473153942265,NA,13.9202224528417,0.5528242395026609,0.680339348129928,48.67061713130213,30.807204102511985,Loam,AgroService Ltd,норма,2024-07-10
689,F0095,FARM07,2024,Sunflower,Sunflower-V4,68.8,ha,2024-04-14,2024-09-11,2.5940496641909707,NA,19.77480822848156,34.7,0,162.70057179499418,mm,14.878331164748769,in,22.067487297346815,0.4049002282787114,0.5070520348614082,49.69332296749577,30.564059956158047,Loam,field master,зрошення застосовано,2024-08-11
690,F0103,FARM04,2024,Corn,Corn-V1,111.3,ha,01.05.2024,28.08.2024,5.178210637765005,NA,24.153885109815747,8.9,3,92.88499933900312,mm,535.5808192514814,mm,18.506399986101314,0.4943751584738493,0.5930262239649892,49.557062817221045,28.921630821413828,Chernozem,Field Master,перевірити,2024-05-05
691,F0017,FARM11,2024,Wheat,Wheat-V3,69.9,ac,2024-05-07,2024-09-08,NA,t_ha,23.96355865523219,218.7,5,296.03390557458624,mm,248.1187612283975,mm,14.853540858486667,0.4062503250548616,0.5173688160721213,49.38711796706217,33.68186379124084,Chernozem,GreenCrop,перевірити,2024-06-17
692,F0173,FARM09,2024,wheat,Wheat-V5," 95,0",ha,2024-04-01,2024-08-09,5.262129568262026,t_ha,15.439239660743624," 6,1 ",6,0,in,19.349691166549803,in,13.824114047456533,0.749249687208794,0.8165970385074616,49.695780777306766,32.89553318708949,Chernozem,AgroService Ltd,перевірити,2024-07-15
693,F0131,FARM09,2024,Corn,Corn-V4,26.7,ac,2024-04-25,2024-08-17,9.480443362612277,t_ha,12.542420317418873,132.9,2,233.54354484472424,mm,580.5571991484612,mm,19.730936092091724,NA,NA,49.37046749598859,29.62757496253727,Loam,Field Master,без примітки,2024-08-15
694,F0158,FARM02,2024,Corn,Corn-V2,23.8,ha,2024-03-17,2024-08-14,157.02001634795386,bu_ac,23.752378524281085,190,1,60.17084104241803,mm,24.6372614922112,in,42.622055059764534,0.8497964444337412,0.9062325099017471,48.561455279117915,30.658290432276207,Loam,UkrAgroTech,норма,2024-08-25
695,F0081,FARM11,2024,Soy,Soy-V3," 102,2",ha,2024-03-21,2024-09-03,NA,bu_ac,31.022788552334532,54.4,5,99.40350014949217,mm,593.7410652521066,mm,21.848467608215287,0.5405548681970685,0.6656775071518495,49.64354762136284,33.545173297272534,chernozem,Field Master,добре ,2024-08-25
696,F0043,FARM10,2024,Maize,Corn-V3,17.6,ac,2024-04-12,2024-08-03,170.62135273219937,bu_ac,53.01749176904559,212.9,4,0,in,21.03191335166724,in,22.92213953495957,0.51471675783395765,0.5904094472760334,48.81349743588688,28.924607792825906,Chernozem,  UkrAgroTech ,добре,2024-08-16
697,F0021,FARM09,2024,Maize,Corn-V5,21.3,ha,2024-04-15,2024-08-13,117.42269444934858,bu_ac,17.89746408117935,57,6,0,mm,679.3555625830777,mm,20.370814201654866,0.4646411752561107,0.6060009259264916,48.94283583210548,33.610315172569365,NA,Field Master,перевірити,2024-07-31
698,F0154,FARM06,2024,Soy,Soy-V4,37.9,ac,31.03.2024,02.10.2024,3.880203464999795,t_ha,21.664070404833183,108.6,0,11.300490398187279,in,502.89698826381937,mm,17.845397881697863,0.6039182857144624,0.7053093245020136,49.637026182342325,31.349870851341638,Sandy,AgroService Ltd,добре,2024-09-15
699,F0168,FARM08,2024,Soy,Soy-V5,72.3,ha,2024-03-31,2024-09-15,44.72467221318292,bu_ac,27.445725149242207,192.8,4,0,mm,579.0149890701286,mm,17.33591666794382,0.4771376622607931,0.5741129264468326,49.13223352007242,33.89931096423045,Chernozem,Field Master,норма,2024-09-25
700,F0130,FARM02,2024,Soy,Soy-V3,47.2,ac,2024-04-11,2024-08-14,3.7605760901933536,t_ha,11.435311701381579,194.6,0,0,in,419.93292538682,mm,20.795396254165098,0.7477013879921287,0.8489798916503787,48.77360281185479,32.58427027723333,Clay,Pole Plus,зрошення застосовано,2024-06-19
701,F0024-ALT,FARM10,2024,Wheat,Wheat-V2,72.3,ha,2024-04-13,2024-07-30,4.762097687460482,t_ha,19.154896181542426,181.3,5,236.88224479556084,mm,23.18055712201772,in,18.82153136911802,0.570237274421379,0.6215825449908152,49.74139354649945,28.569028849403935,loamy,  UkrAgroTech ,добре ,2024-05-10
702,F0018,FARM05,2024,Wheat,Wheat-V1,29.9,ha,2024-05-20,2024-10-03,5.230952668469399,t_ha,28.708287546411157,60.7,4,11.637009056028361,in,159.66044400120154,mm,18.360134464222938,0.8277288294862956,0.95,49.05453972245147,30.744031787103975,Chernozem,agroservice ltd,добре,2024-09-09
703,F0054,FARM12,2024,Wheat,Wheat-V1,99.5,ha,2024-03-31,2024-09-12,NA,NA,11.279644238296896,202.8,4,278.0198715161532,mm,663.8334121322259,NA,15.356105137616396,0.6966778801986947,0.5609760654391721,49.56398012921121,33.36538589074836,loamy,Pole Plus,норма,2024-05-15
704,F0074,FARM06,2024,Wheat,Wheat-V5,19.3,ha,2024-05-07,2024-08-05,7.298212038120255,t_ha,34.35369890765287,164.5,1,0,in,678.8982579833828,mm,22.257242793915793,0.5232027536490932,0.6568152939900755,49.83224447855726,29.877353757942096,Loam,SunField Co,зрошення застосовано,2024-07-28
705,F0025,FARM05,2024,Wheat,Wheat-V3," 40,4",ha,2024-03-27,2024-09-23,106.8167458599735,bu_ac,15.889116916572675,167.3,2,0,in,458.71529437135905,mm,12.780669684987515,0.365076583949849,0.5,48.518229485790705,29.87878834747663,Loam,  UkrAgroTech ,без примітки,2024-05-16
706,F0111,FARM11,2024,Corn,Corn-V4,158.5,ac,2024-03-21,2024-08-14,8.063955106539652,t_ha,21.43571813055314,194,6,266.05504255276173,mm,340.4401483130641,mm,16.69074723124504,NA,NA,49.45520813353639,31.921285093258604,Loam,sunfield co,норма,2024-05-17
707,F0122,FARM02,2024,Soy,Soy-V5,267.1,ac,2024-04-23,2024-10-06,NA,t_ha,16.593411370180547,153.1,3,10.442813957388712,in,195.63122602412477,mm,21.991829907055944,0.782570636854507,0.9096155375242233,48.79575587364379,29.908865246605128,Sandy,GreenCrop,добре,2024-07-10
708,F0132,FARM08,2024,Corn,Corn-V4,40.8,ha,2024-04-24,2024-08-23,9.017840614076704,NA,28.56416151765734,74.4,2,0,NA,615.835236874409,mm,22.62135248654522,0.5740724443690851,0.6937373654684051,48.861345076068766,30.590337796685287,Chernozem,  UkrAgroTech ,перевірити,2024-05-11
709,F0002,FARM02,2024,WHEAT ,Wheat-V1,69.4,ha,2024-03-23,2024-09-02,4.806339310714975,t_ha,26.463998208288103,100.9,3,0,in,5.972830679058648,in,16.566699263639748,0.4886709882644936,0.5419681847793981,49.5349362976132,33.65781548029557,Clay,AgroService Ltd,норма,2024-08-07
710,F0073,FARM12,2024,Sunflower,Sunflower-V4,184,ac,2024-05-03,2024-08-21,36.47034202310208,bu_ac,22.164079687325284,215.4,2,0,mm,282.6434444519691,mm,18.583269954426214,NA,NA,49.987148067534434,32.84651456982037,Chernozem,sunfield co,зрошення застосовано,2024-06-29
711,F0024,FARM10,2024,Wheat,Wheat-V2,71.8,NA,13.04.2024,30.07.2024,4.762097687460482,t_ha,19.154896181542426,181.3,5,236.88224479556084,mm,588.7861508992501,mm,18.82153136911802,NA,NA,49.74122151983622,28.569316067039036,Loam,  UkrAgroTech ,добре,2024-06-16
712,F0105,FARM08,2024,Corn,Corn-V4,234.1,ac,2024-05-20,2024-09-08,88.10882459195913,bu_ac,27.99906311929226,200,6,130.15923919156194,NA,402.9175912961364,mm,12.352574530988932,0.6114196714712307,0.7587358258198946,49.33057358032931,32.407537905354985,Sandy,Field Master,проблема з дренажем,2024-09-11
713,F0061,FARM05,2024,Corn,Corn-V3,60.6,NA,13.05.2024,12.10.2024,NA,t_ha,19.504111729795113,76.4,6,307.6109573361464,NA,298.7596017308533,mm,13.747323927702382,0.38268922003917394,0.5,49.882411058881786,31.75244216183573,Chernozem,Field Master,посуха ,2024-07-22
714,F0134,FARM09,2024,Wheat,Wheat-V5,59.7,ha,2024-04-09,2024-10-13,49.4309666360359,bu_ac,34.670905199833214,91.7,6,383.4495003335178,mm,654.5788513729349,mm,13.358298656065017,0.7775153471389785,0.8503866328625008,49.787192783018114,32.46455617097672,Chernozem,Field Master,норма,2024-07-08
715,F0063,FARM02,2024,Corn,Corn-V2,27.1,ha,10.03.2024,21.09.2024,5.591409159824252,NA,13.186535700690001,201.6,1,12.336449456533169,in,438.1866673473269,mm,21.33092327415943,0.5999669005628675,0.7152890677098185,49.96069988476997,31.866894032699058,Loam,Pole Plus,зрошення застосовано,2024-08-22
716,F0127,FARM10,2024,wheat,Wheat-V1,106.2,ha,2024-04-11,2024-09-11,3.7663128955755383,t_ha,15.605789514258504,209.4,6,0,mm,601.9041759311222,mm,13.05245520081371,0.5400043445639312,0.6305177240399643,48.57490972454473,29.015494271554985,Sandy,  UkrAgroTech ,норма,2024-05-03
717,F0145,FARM03,2024,Corn,Corn-V4,26.1,ha,2024-04-12,2024-07-29,NA,t_ha,10.871985610341653," 95,5 ",1,319.4416265701875,mm,252.08336173091084,NA,15.344214049633592,0.8133812522515654,0.8919168517924845,49.34811512997281,33.22835833417112,Loam,GreenCrop,перевірити,2024-06-23
718,F0125,FARM08,2024,Sunflower,Sunflower-V5,79.6,ha,2024-03-13,2024-09-15,2.351323817577213,t_ha,23.46846050582826,100.1,1,0,mm,698.2129440642893,mm,14.377716789254919,0.721438211412169,0.7886800799518824,49.84655638606195,31.991085846658333,Chernozem,field master,без примітки,2024-08-02
719,F0051,FARM12,2024,Corn,Corn-V3,84.4,ha,2024-04-09,2024-09-25,7.271700873738155,t_ha,23.58738955296576,48.5,6,61.23316171579063,mm,283.2469788379967,mm,21.54012934677303,0.7545950528234243,0.8624633096391334,48.692686037635426,32.44254565196391,Loam,UkrAgroTech,добре,2024-09-06
720,F0067,FARM04,2024,Corn,Corn-V2,97.1,ha,16.05.2024,11.10.2024,10.343343758257106,NA,34.121938629075885,141.2,5,84.52467571478337,mm,11.077183807052409,in,20.990501838037744,0.41734571163542566,0.5649429897312075,48.67130609447602,30.94805175618129,NA,AgroService Ltd,зрошення застосовано,2024-06-17
721,F0174,FARM04,2024,Corn,Corn-V1,6.5,ha,2024-03-18,2024-10-07,10.633934138342738,t_ha,33.40831537498161,218.8,2,186.893791181501,mm,282.4498112197034,mm,16.436864268500358,0.589367913804017,0.7274302218807861,49.6052515952331,32.44228378771851,NA,field master,норма,2024-05-21
722,F0036,FARM06,2024,Sunflower,Sunflower-V5,252.5,ac,2024-04-21,2024-08-07,1.985393129149452,NA,10.878711528144777,97.2,5,0,mm,357.3639764334075,mm,13.82031901855953,0.5561594787519425,0.6638164118863642,49.745543451902456,32.28799643377261,Chernozem,UkrAgroTech,добре,2024-08-11
723,F0070,FARM09,2024,Corn,Corn-V3,73.6,ha,2024-03-12,2024-09-29,128.21157823263366,bu_ac,13.175150722963735,166.7,5,286.4213622175157,mm,189.69100894173607,mm,18.662272981135175,0.6723194300662726,0.7918615227099508,49.69602859024704,31.125947516278366,Loam,UkrAgroTech,без примітки,2024-08-14
724,F0021,FARM09,2024,Corn,Corn-V5,52.7,ac,2024-04-15,2024-08-13,7.374145211419091,t_ha,17.89746408117935,57,6,0,in,679.3555625830777,mm,20.370814201654866,0.720728435809724,0.8310454466613009,48.94283583210548,33.610315172569365,Loam,Field Master,перевірити,2024-07-19
725,F0157,FARM08,2024,Wheat,Wheat-V1," 107,3",ha,2024-05-14,2024-09-13,NA,bu_ac,33.100179970031604,174,6,0,mm,517.6518210209906,mm,20.84256383473985,0.4923865089891478,0.6396458241855725,49.663739359313624,30.301349016147668,Chernozem,Pole Plus,перевірити,2024-09-15
726,F0076,FARM03,2024,Soy,Soy-V4,105.3,ha,2024-03-30,2024-08-13,33.88673694663159,bu_ac,28.390503726433963,139.3,4,130.34406080842018,mm,623.5888537485152,mm,18.85033021075651,0.40697525246068833,0.5270534702809527,49.265796064311175,32.96725059500616,Chernozem,agroservice ltd,добре,2024-05-28
727,F0121,FARM11,2024,Maize,Corn-V5,57.5,NA,2024-05-06,2024-08-14,6.0476020304486156,t_ha,19.37474780413322,216.3,4,0,mm,512.8700844827108,mm,20.40337445726618,0.8157228282885626,0.9133931822376326,48.62279555547237,33.540336509191434,Loam,AgroService Ltd,посуха,2024-08-06
728,F0074,FARM06,2024,Wheat,Wheat-V5,47.8,ac,2024-05-07,2024-08-05,7.298212038120255,t_ha,34.35369890765287,164.5,1,0,in,678.8982579833828,mm,22.257242793915793,0.5537434664089232,0.6062944403849542,49.83224447855726,29.877353757942096,Loam,sunfield co,зрошення застосовано,2024-09-29
729,F0029,FARM10,2024,Sunflower,Sunflower-V4,52.1,ha,2024-05-19,2024-08-22,72.08043330250993,bu_ac,30.790966553613544,163.3,2,0,mm,363.9988965704106,mm,16.463625044329092,0.45059211147017775,0.5632431883364916,48.92368549982598,33.29896603370318,Chernozem,  UkrAgroTech ,проблема з дренажем,2024-06-20
730,F0048,FARM10,2024,Wheat,Wheat-V1," 17,6",ac,2024-04-22,2024-07-28,6.191566556924954,t_ha,26.46387166250497,4.1,0,15.150090039700387,in,180.19466057885438,mm,16.956649717874825,NA,NA,49.01796225197799,28.747218930426985,NA,GreenCrop,без примітки,2024-06-02
731,F0061,FARM05,2024,Corn,Corn-V3,149.8,ac,2024-05-13,2024-10-12,NA,bu_ac,19.504111729795113,76.4,6,12.110667611659307,in,298.7596017308533,mm,13.747323927702382,0.4459016844863072,0.5666980724548921,49.882411058881786,31.75244216183573,Chernozem,Field Master,посуха,2024-05-22
732,F0102,FARM03,2024,Sunflower,Sunflower-V5,31.7,ha,2024-04-12,2024-08-05,59.47494050610418,bu_ac,29.590100933797657,193.2,1,131.70432868646458,mm,22.08614961004002,in,17.695493798470125,0.7485367687419057,0.8048208718420937,49.40506355357589,30.06993606412178,NA,POLE PLUS,зрошення застосовано,2024-09-17
733,F0146,FARM05,2024,Wheat,Wheat-V3,207,ac,2024-04-25,2024-10-07,335.75314087419594,bu_ac,24.580747057218105,61.6,0,342.52868506591767,mm,629.2486561578698,NA,22.852584965527058,0.37232075203210113,0.5,49.09781078606704,29.394144636219835,Chernozem,UkrAgroTech,добре,2024-06-26
734,F0048,FARM10,2024,Wheat,Wheat-V1,7.1,ha,2024-04-22,2024-07-28,91.999503074665,bu_ac,26.46387166250497," 4,1 ",0,384.81228700838983,NA,180.19466057885438,mm,16.956649717874825,0.737498483993113,0.8089421090204268,49.01796225197799,28.747218930426985,Chernozem,GreenCrop,без примітки,2024-06-01
735,F0087,FARM10,2024,Wheat,Wheat-V2," 100,7",ha,2024-04-09,2024-08-24,97.166536573769,bu_ac,13.952209253329784,42.8,4,3.8295167193044066,in,18.608419839696094,in,19.736648411257192,0.7235895955469459,0.7836398243904114,49.616789512768854,28.80246420747787,Sandy,GreenCrop,без примітки,2024-07-29
736,F0069,FARM05,2024,Soy,Soy-V1,24.9,ac,2024-03-19,2024-08-03,1.615064037963748,t_ha,31.1472301739268," 162,3 ",4,234.41104751545936,mm,457.8039458836429,mm,21.600855943048373,0.3691614592913538,0.5146532726939768,48.76715906085679,33.17149420317682,Chernozem,SunField Co,добре,2024-08-29
737,F0127,FARM10,2024,WHEAT ,Wheat-V1,106.2,ha,2024-04-11,2024-09-11,3.7663128955755383,t_ha,15.605789514258504,209.4,6,0,in,601.9041759311222,mm,13.05245520081371,0.7428142603253945,0.8687406799290329,57.91167966555804,16.939606667729095,Sandy,  UkrAgroTech ,норма,2024-05-06
738,F0112,FARM08,2024,WHEAT ,Wheat-V3,111.6,ha,2024-05-02,2024-09-28,5.19323965604417,t_ha,30.761868586065248,73.2,1,140.04889347124845,mm,14.140915569269987,in,13.28689100407064,NA,NA,49.686820577460345,31.00220091697993,Loam,POLE PLUS,добре,2024-06-18
739,F0059,FARM09,2024,Soy,Soy-V3,162.2,ac,2024-04-02,2024-08-18,2.1812831840943545,t_ha,29.135752563364804,107.5,4,184.67664164490998,mm,556.7708818241954,NA,14.91598909208551,0.5019010892370716,0.6033793171634897,49.76617471058527,30.517252327460795,NA,field master,проблема з дренажем,2024-07-10
740,F0180,FARM08,2024,WHEAT ,Wheat-V3,25,ha,2024-05-07,2024-08-16,50.14667158426072,bu_ac,30.018077263608575,190,5,286.59209376201034,NA,171.45894406130537,mm,12.293255709810182,0.4440160249592736,0.5333314235089347,30.47084330999898,48.80569585595978,loamy,Pole Plus,добре,2024-08-30
741,F0089,FARM05,2024,Soy,Soy-V5,106.9,ha,2024-04-20,2024-10-08,2.176768392440863,t_ha,29.383761854842305,201.4,4,0,mm,394.36354429926723,mm,22.438791879685596,0.695620728097856,0.8070811515441164,49.69715944585903,32.28150970572978,chernozem,sunfield co,зрошення застосовано,2024-05-31
742,F0036-ALT,FARM06,2024,Sunflower,Sunflower-V5,251.2,ac,2024-04-21,2024-08-07,1.985393129149452,NA,10.878711528144777,97.2,5,0,mm,357.3639764334075,mm,13.82031901855953,NA,NA,49.74531924684313,32.28776799084274,Chernozem,  UkrAgroTech ,добре,2024-05-15
743,F0129,FARM02,2024,Sunflower,Sunflower-V5,24.1,ac,2024-05-05,2024-09-10,3.6075285420287404,t_ha,21.95108951162547," 24,3 ",6,14.28697633558855,in,216.50692605180666,mm,20.830986829241738,0.4176319604972377,0.5238892277237027,49.636939675061036,28.520252504077742,Chernozem,SunField Co,посуха,2024-09-02
744,F0035,FARM04,2024,Wheat,Wheat-V5,66.8,ac,2024-05-08,2024-08-06,7.644562444882467,t_ha,27.39398499787785,11.3,5,0,mm,7.446507029107032,in,15.657513679238036,NA,NA,49.715923784371,31.13657863499597,Chernozem,Field Master,посуха,2024-08-06
745,F0027,FARM11,2024,Wheat,Wheat-V1,33,ac,2024-04-11,2024-08-25,4.780994408763945,t_ha,29.219453471014276,92.5,2,0,mm,244.36179915210232,mm,16.26963267661631,0.5719041492789984,0.6704623674042522,49.28818153585587,28.92035883822758,Chernozem,agroservice ltd,без примітки,2024-08-07
746,F0024-ALT,FARM10,2024,Wheat,Wheat-V2,71.7,ha,2024-04-13,2024-07-30,4.762097687460482,t_ha,19.154896181542426,181.3,5,236.88224479556084,mm,588.7861508992501,mm,18.82153136911802,0.5902681951643899,0.6481692405417562,49.74137927223276,28.569394262610704,Loam,  UkrAgroTech ,добре,2024-06-10
747,F0002,FARM02,2024,Wheat,Wheat-V1,69.4,ha,23.03.2024,02.09.2024,4.806339310714975,t_ha,26.463998208288103,100.9,3,0,mm,5.972830679058648,in,16.566699263639748,NA,NA,49.5349362976132,33.65781548029557,NA,AgroService Ltd,норма,2024-05-20
748,F0085,FARM01,2024,Maize,Corn-V5,43.1,ha,2024-03-22,2024-09-10,5.885165813146159,t_ha,20.907615615054965,148.5,2,3.2141526421260704,in,153.01108391722664,mm,19.693877591053024,0.5374228483065963,0.6399940374772995,49.037773122534155,33.29814495395497,Chernozem,GreenCrop,добре ,2024-07-06
749,F0028,FARM11,2024,wheat,Wheat-V4,155.2,ac,2024-05-04,2024-09-28,7.444094479549676,t_ha,22.334980565821752,108.1,2 apps,0,mm,21.63089027694302,in,15.948781565064564,0.36409122045151887,0.5,49.552903190766926,30.733149683735334,Chernozem,UkrAgroTech,норма,2024-05-25
750,F0001,FARM12,2024,Soy,Soy-V2,101.3,ha,2024-03-19,2024-09-12,29.868085529270513,bu_ac,17.93795979418792,154.9,3,0,mm,590.9014337114058,mm,13.458090962609276,0.6323570814216509,0.7705982027109712,49.4540542535414,30.06492411188316,Chernozem,UkrAgroTech,перевірити,2024-07-28
751,F0042-ALT,FARM12,2024,Wheat,Wheat-V5,19.8,ha,2024-05-13,2024-08-10,100.04091042302892,bu_ac,27.660729489987716,216.7,6,0,mm,494.1328864078969,mm,17.910219861660153,1.0557090653595516,0.5918853143230081,48.85973021272835,31.057517476080967,loamy,Pole Plus,норма,2024-08-20
752,F0100,FARM02,2024,Wheat,Wheat-V4,28.2,ha,2024-04-07,2024-08-03,96.98013293129263,bu_ac,24.416961741866544,161.5,4,0,mm,400.6871094345115,mm,16.123877361416817,NA,NA,49.06267173125828,30.588034155547156,chernozem,Field Master,добре,2024-05-01
753,F0030,FARM07,2024,Wheat,Wheat-V3,123.7,ac,2024-04-25,2024-08-07,83.03445130434402,bu_ac,32.997949754819274,150.9,3,11.953060955678179,in,470.2351025072858,mm,17.842249265871942,0.5697900210740044,0.6787491283845156,49.66297258011485,33.915239915442186,Chernozem,agroservice ltd,без примітки,2024-08-31
754,F0088,FARM07,2024,Soy,Soy-V2,26.6,ha,12.04.2024,31.08.2024,1.7248178847366944,t_ha,8.521769009064883,180.7,0,0,mm,391.4415149600245,mm,13.934012849349529,0.3713540708646178,0.5,49.17844793230435,28.758923526777423,CLAY ,  UkrAgroTech ,норма,2024-07-17
755,F0106,FARM08,2024,Sunflower,Sunflower-V3,92.9,ha,2024-05-06,2024-09-14,4.163936704513617,t_ha,18.101373933721334,99.2,4,0,mm,230.38893289631233,mm,15.441293412819505,0.7424107644706964,0.821076164371334,48.802430170864334,32.021926630538424,NA,  UkrAgroTech ,зрошення застосовано,2024-05-26
756,F0010,FARM11,2024,Corn,Corn-V3,97.5,ha,2024-04-09,2024-09-30,136.56407302159485,bu_ac,33.94990235893056,0.8,3,0,NA,358.02558216964826,mm,17.11128444923088,0.7143705279100686,0.7870882822666317,48.529781022499776,28.984314635482153,Chernozem,Field Master,проблема з дренажем,2024-05-25
757,F0069,FARM05,2024,Soy,Soy-V1,10.1,ha,2024-03-19,2024-08-03,1.615064037963748,t_ha,31.1472301739268,162.3,4,9.228781398246433,in,457.8039458836429,mm,21.600855943048373,0.8289763424778357,0.9310021226527169,48.76715906085679,33.17149420317682,Chernozem,sunfield co,добре,2024-09-27
758,F0136,FARM11,2024,Sunflower,Sunflower-V2,17.9,ha,2024-04-01,2024-09-23,3.381293688621372,t_ha,25.45047884900123,142.4,2,0,mm,21.264507144682227,in,18.960239252075553,0.48692546263337133,0.5673612898914143,48.63458840176416,33.68670769157354,Chernozem,  UkrAgroTech ,без примітки,2024-06-12
759,F0076,FARM03,2024,Soy,Soy-V4,105.3,ha,2024-03-30,2024-08-13,2.2805773965083063,t_ha,28.390503726433963,139.3,4,130.34406080842018,mm,623.5888537485152,mm,18.85033021075651,0.7325161342974752,0.8361952123232186,49.265796064311175,32.96725059500616,Chernozem,agroservice ltd,добре,2024-07-10
760,F0038,FARM12,2024,Corn,Corn-V2,290,ac,14.04.2024,20.09.2024,7.03525630524382,t_ha,30.462836305145174,160.3,2,6.130247914477978,in,202.8187921619974,mm,19.772323749726638,0.43171509695239363,0.5594402012415229,48.53040262050182,28.943944481589366,Sandy,UkrAgroTech,без примітки,2024-05-08
761,F0097,FARM02,2024,Corn,Corn-V1,42.7,ha,2024-05-11,2024-08-30,9.64541536103934,NA,17.73070918326266,10,0,0,mm,10.692057759394709,in,19.13096229103394,0.3548617903375998,0.5,49.48942472338444,28.574671022844036,Chernozem,Pole Plus,посуха,2024-06-19
762,F0029,FARM10,2024,Sunflower,Sunflower-V4,52.1,ha,2024-05-19,2024-08-22,72.08043330250993,bu_ac,30.790966553613544,163.3,2,0,mm,363.9988965704106,mm,16.463625044329092,0.5554305422352627,0.6475619628559798,48.92368549982598,33.29896603370318,Chernozem,UkrAgroTech,проблема з дренажем,2024-09-02
763,F0042,FARM12,2024,Wheat,Wheat-V5,19.6,ha,13.05.2024,10.08.2024,6.732753271469846,t_ha,27.660729489987716,216.7,6,0,mm,19.454050645980193,in,17.910219861660153,0.6818510957760736,0.79805445112288,48.85987726973416,31.057511995159093,NA,Pole Plus,норма,2024-06-21
764,F0081,FARM11,2024,Soy,Soy-V3,252.6,ac,2024-03-21,2024-09-03,NA,bu_ac,31.022788552334532,54.4,5,99.40350014949217,mm,593.7410652521066,mm,21.848467608215287,0.47247366504743693,0.5304878200404346,49.64354762136284,33.545173297272534,Chernozem,Field Master,добре,2024-08-28
765,F0040,FARM03,2024,Corn,Corn-V3," 271,2",ac,02.05.2024,14.09.2024,5.620718193938956,t_ha,12.81843763566576,194.1,6,0,mm,609.1534127132036,mm,13.06016567046754,0.38318230528384445,0.5,49.231048672345004,30.595062955955044,Sandy,UkrAgroTech,добре,2024-06-21
766,F0039,FARM12,2024,Corn,Corn-V4,15,ha,2024-05-05,2024-08-31,6.218413362512365,t_ha,34.9502484719269,198.9,3,280.52658766973764,mm,227.0042717922479,mm,22.99271099618636,0.4024651672458276,0.5405350684188306,49.59117011536565,31.874453241174578,chernozem,SunField Co,посуха,2024-05-10
767,F0075,FARM05,2024,Wheat,Wheat-V4,72.9,NA,2024-04-26,2024-10-09,4.641496212687343,t_ha,27.030563293024898,136.9,6,359.3832022626884,mm,410.4126699618064,mm,12.50206284946762,NA,NA,48.99341193875345,28.67462091157772,Chernozem,  UkrAgroTech ,без примітки,2024-05-21
768,F0006,FARM11,2024,Sunflower,Sunflower-V3,8.2,ha,2024-03-30,2024-08-19,2.8886611659312624,NA,24.448023564182222,80.7,1,0,NA,643.3132129139267,mm,19.931904879398644,NA,NA,48.550681429362854,33.47886777517619,Chernozem,UkrAgroTech,перевірити ,2024-09-12
769,F0014,FARM01,2024,Sun-flower,Sunflower-V5,100.3,ha,2024-05-07,2024-08-31,36.27562293488728,bu_ac,33.71312448033132,134.9,0,320.32549518626183,NA,501.0063139721751,mm,14.761905671097338,0.6068009176757186,0.6819477213313803,49.2867364769727,29.94537253516866,Chernozem,GreenCrop ,норма,2024-08-19
770,F0035,FARM04,2024,Wheat,Wheat-V5,27,ha,2024-05-08,2024-08-06,113.58933796259238,bu_ac,27.39398499787785,11.3,5,0,in,189.1412785393186,NA,15.657513679238036,0.6586534615140408,0.7715816768119111,49.715923784371,31.13657863499597,Chernozem,field master,посуха,2024-07-16
771,F0147,FARM01,2024,Soy,Soy-V2,239.6,ac,2024-03-14,2024-09-23,1.8107927017845213,t_ha,15.010438249912113,161.9,4,187.22290239529684,mm,232.22202578326687,mm,19.501204959349707,0.7699434618931263,0.8736889567226171,49.186465103103316,32.563832794721705,Clay,agroservice ltd,проблема з дренажем,2024-05-07
772,F0145,FARM03,2024,Corn,Corn-V4,26.1,NA,2024-04-12,2024-07-29,NA,t_ha,10.871985610341653,95.5,1,12.576441990952265,in,252.08336173091084,mm,15.344214049633592,0.40170955741778014,0.5,49.34811512997281,33.22835833417112,Loam,GreenCrop,перевірити,2024-06-28
773,F0026,FARM09,2024,Wheat,Wheat-V3," 52,6",ha,2024-04-18,2024-09-23,6.498958412092179,t_ha,49.141791632864624,156.6,2,0,in,459.534997434821,mm,18.761905073188245,0.466685057641007,0.5402764189289883,49.091910933538806,30.28095093904296,Chernozem,Field Master,посуха,2024-05-09
774,F0051,FARM12,2024,Corn,Corn-V3,84.4,ha,2024-04-09,2024-09-25,7.271700873738155,t_ha,23.58738955296576,48.5,6,2.4107543982594737,in,11.15145585976365,in,21.54012934677303,0.8111119392793625,0.9104140351526439,48.692686037635426,32.44254565196391,Loam,UkrAgroTech,добре,2024-07-22
775,F0093,FARM12,2024,Wheat,Wheat-V3,15.9,ha,2024-05-14,2024-07-27,5.923251473112032,t_ha,12.945244940463454,72.1,4,0,mm,632.7473153942265,mm,13.9202224528417,0.398915542778559,0.5161303212633356,48.67061713130213,30.807204102511985,Loam,AgroService Ltd,норма,2024-05-03
776,F0141,FARM11,2024,WHEAT ,Wheat-V5,88.8,ha,2024-04-15,2024-08-09,6.451058183563873,NA,28.36499449168332,36.1,5,0,mm,15.375195892425035,in,21.810954986838624,0.824285583011806,0.9368817385984585,49.1347486006557,33.06861239753198,CLAY ,GreenCrop,перевірити,2024-09-17
777,F0161,FARM03,2024,Wheat,Wheat-V2,107.8,ac,2024-04-24,2024-09-18,7.183228362817317,NA,19.30367785040289,114.6,2,0,mm,27.303082454128294,in,22.691886255517602,NA,NA,48.78854147093929,31.042263055078223,Sandy,GreenCrop,добре,2024-09-12
778,F0036-ALT,FARM06,2024,Sunflower,Sunflower-V5,102.7,ha,2024-04-21,2024-08-07,1.985393129149452,t_ha,10.878711528144777,97.2,5,0,mm,14.069447891079037,in,13.82031901855953,0.6621883025160059,0.7641828988213092,49.74583544162982,32.28822274518353,Chernozem,UkrAgroTech,добре,2024-06-24
779,F0016,FARM11,2024,Soy,Soy-V2,111.7,ac,27.04.2024,13.09.2024,NA,t_ha,21.399339329684153,217.6,2,396.9857170712203,mm,620.5024522962049,mm,12.320830673677847,0.7782226914074272,0.8511890761787072,49.810932067984254,31.087154991895893,Loam,  UkrAgroTech ,норма,2024-06-16
780,F0076,FARM03,2024,Soy,Soy-V4,105.3,ha,30.03.2024,13.08.2024,2.2805773965083063,t_ha,28.390503726433963,139.3,4,130.34406080842018,mm,623.5888537485152,mm,18.85033021075651,0.7853728115092963,0.8745859617600217,49.265796064311175,32.96725059500616,NA,AgroService Ltd,добре,2024-06-04
781,F0077,FARM04,2024,Wheat,Wheat-V4,101.7,ac,2024-03-30,2024-09-05,6.755926354788244,t_ha,30.263744741445407,109.5,5,243.18909210851416,mm,176.70616175746545,mm,17.99898967705667,0.4735894646961242,0.5876918653259053,49.33041619112436,30.646195764256642,NA,agroservice ltd,норма,2024-06-17
782,F0028,FARM11,2024,Wheat,Wheat-V4,62.8,ha,2024-05-04,2024-09-28,7.444094479549676,t_ha,22.334980565821752,108.1,2,0,mm,21.63089027694302,in,15.948781565064564,0.40135931586846707,0.5073718722909688,49.552903190766926,30.733149683735334,Chernozem,UkrAgroTech,норма,2024-07-26
783,F0033,FARM08,2024,Sunflower,Sunflower-V5,15.3,ha,2024-05-08,2024-08-04,65.3571217198317,bu_ac,20.60274729784578,109.3,4,0,mm,286.51455589570105,mm,17.779656806960702,0.4128407289041206,0.5163204287411645,49.8927680000295,33.46568400714826,Chernozem,SunField Co,без примітки,2024-09-22
784,F0042,FARM12,2024,Wheat,Wheat-V5,19.6,NA,2024-05-13,2024-08-10,6.732753271469846,NA,27.660729489987716,216.7,6,0,mm,494.1328864078969,mm,17.910219861660153,NA,NA,48.85987726973416,31.057511995159093,NA,Pole Plus,норма,2024-07-18
785,F0008,FARM11,2024,Corn,Corn-V4,34.5,ha,2024-03-26,2024-10-07,11.21328935958445,t_ha,19.426203463226557,65.2,3,0,mm,337.0803668629378,mm,15.070234607439488,0.5482284209225327,0.6411087745334952,49.568975106118245,31.202223038999833,Clay,UkrAgroTech,проблема з дренажем,2024-09-15
786,F0058,FARM01,2024,Wheat,Wheat-V5,9.4,ha,2024-04-14,2024-10-08,76.78585919934875,bu_ac,27.77602813160047,35.3,5,0,mm,661.4985143765807,mm,12.695475316839293,0.4089540941873565,0.5519856336992234,49.18076005902374,30.89629959314363,Chernozem,field master,проблема з дренажем,2024-07-04
787,F0051,FARM12,2024,Corn,Corn-V3,84.4,ha,2024-04-09,2024-09-25,7.271700873738155,t_ha,23.58738955296576,48.5,6,2.4107543982594737,in,11.15145585976365,in,21.54012934677303,0.8111119392793625,0.9104140351526439,48.692686037635426,32.44254565196391,Loam,UkrAgroTech,добре,2024-07-22
788,F0143,FARM11,2024,Wheat,Wheat-V2,62.7,ha,2024-03-12,2024-10-01,6.350416462635621,t_ha,23.03736373805441,108.7,3,376.5658435760997,mm,370.5768399871886,mm,12.390681392513216,0.44006854041945187,0.5417568142758682,49.60252644950431,31.642213608950378,Chernozem,POLE PLUS,зрошення застосовано,2024-09-20
789,F0133,FARM07,2024,Wheat,Wheat-V5,112,ha,2024-04-19,2024-10-13,7.275367293739691,t_ha,29.271521711023524,17.2,6,10.72087398579887,in,515.0625397334807,mm,16.89900145982392,0.6972756246337667,0.833347500837408,49.65165245913761,32.19512559332512,Chernozem,Pole Plus,проблема з дренажем,2024-09-19
790,F0160,FARM07,2024,Soy,Soy-V3,37.2,ha,03.04.2024,28.07.2024,2.870343387243338,t_ha,18.93694700789638,147.3,5,0,in,24.452439167419463,in,16.6361293643713,0.4808883501915261,0.6270573007175699,49.85855520456238,31.976748563845177,Chernozem,field master,перевірити,2024-06-11
791,F0162,FARM02,2024,Soy,Soy-V5,23,NA,2024-03-31,2024-07-30,43.67089654764584,bu_ac,12.916325388010591,218.6,6,382.3411257471889,mm,374.05488450312987,mm,2.2191348313353956,0.40182654713280497,0.5267513318685815,49.75033556248946,29.383213261691388,Sandy,AgroService Ltd,зрошення застосовано,2024-06-16
792,F0177,FARM03,2024,Corn,Corn-V1,274,ac,2024-04-07,2024-10-03,8.078189989551902,t_ha,28.964811307145283,66.4,0,264.2593931988813,mm,403.17249627551064,mm,22.795573237119243,0.35625859422143547,0.5,48.66231949161179,30.205634789424018,Loam,agroservice ltd,посуха,2024-06-09
793,F0040,FARM03,2024,Maize,Corn-V3,109.7,ha,2024-05-02,2024-09-14,89.50188206909166,bu_ac,12.81843763566576,194.1,6,0,mm,609.1534127132036,mm,13.06016567046754,0.3627251046942547,0.5,49.231048672345004,30.595062955955044,Sandy,  UkrAgroTech ,добре,2024-08-28
794,F0074,FARM06,2024,Wheat,Wheat-V5,19.3,ha,2024-05-07,2024-08-05,7.298212038120255,t_ha,34.35369890765287,164.5,1,0,mm,678.8982579833828,mm,22.257242793915793,0.6349015803076327,0.7438074624631553,49.83224447855726,29.877353757942096,Loam,sunfield co,зрошення застосовано,2024-06-12
795,F0013,FARM07,2024,Soy,Soy-V4,30.4,ha,2024-03-24,2024-07-31,1.5638884480576962,NA,18.23589786584489,99,3,0,mm,10.569519480217366,in,15.249980145599693,0.6834185209823772,0.7405770541867241,48.841545167677566,33.74680080015305,NA,UkrAgroTech,перевірити,2024-05-09
796,F0025,FARM05,2024,Wheat,Wheat-V3,99.8,ac,2024-03-27,2024-09-23,7.188766996376216,t_ha,15.889116916572675,167.3,2,0,mm,458.71529437135905,mm,12.780669684987515,0.3805443947436288,0.5,48.518229485790705,29.87878834747663,Loam,UkrAgroTech,без примітки,2024-08-19
797,F0179,FARM11,2024,WHEAT ,Wheat-V2,83.5,ha,12.04.2024,06.08.2024,3.5220054113306105,t_ha,13.375189827289432,86.4,2,197.28386281058192,mm,259.4836881849915,mm,14.542118639685214,0.7033692181808874,0.8143874548142775,49.552445307798216,32.97517384169856,Loam,AgroService Ltd,без примітки,2024-06-19
798,F0145,FARM03,2024,Corn,Corn-V4,26.1,ha,2024-04-12,2024-07-29,NA,bu_ac,10.871985610341653,95.5,1,12.576441990952265,in,9.92454180042956,in,15.344214049633592,0.61422133250162,0.6768650497775525,49.34811512997281,33.22835833417112,Loam,GreenCrop,перевірити,2024-08-21
799,F0008,FARM11,2024,Corn,Corn-V4,34.5,ha,2024-03-26,2024-10-07,11.21328935958445,t_ha,19.426203463226557,65.2,3,0,mm,337.0803668629378,mm,15.070234607439488,0.5482284209225327,0.6411087745334952,49.568975106118245,31.202223038999833,Clay,UkrAgroTech,проблема з дренажем,2024-09-15
800,F0096,FARM09,2024,Corn,Corn-V1,109.3,ha,2024-04-25,2024-08-11,6.846270147245377,t_ha,12.447058753343299,110.1,6,0,mm,255.2263648249209,mm,14.147910694591701,NA,NA,48.50511174380127,31.92066737321392,Sandy,Field Master,посуха,2024-07-18
801,F0075,FARM05,2024,Wheat,Wheat-V4,72.9,ha,2024-04-26,2024-10-09,4.641496212687343,t_ha,27.030563293024898," 136,9 ",6,14.148944970971986,in,410.4126699618064,mm,12.50206284946762,NA,NA,48.99341193875345,28.67462091157772,Chernozem,  UkrAgroTech ,без примітки,2024-08-18
802,F0060,FARM07,2024,wheat,Wheat-V3,56.7,ha,2024-05-11,2024-07-25,82.6890810868837,bu_ac,14.346865569241345,79.2,4,7.008041197426735,in,371.92779190372676,mm,19.12585721234791,0.6692459106212482,0.7637263517826796,49.61297252285387,32.2830915608597,Chernozem,field master,норма,2024-05-15
803,F0025,FARM05,2024,Wheat,Wheat-V3," 40,4",ha,2024-03-27,2024-09-23,106.8167458599735,bu_ac,15.889116916572675,167.3,2,0,mm,458.71529437135905,mm,12.780669684987515,0.3736025428166613,0.5,48.518229485790705,29.87878834747663,Loam,UkrAgroTech,без примітки,2024-07-07
804,F0090,FARM09,2024,wheat,Wheat-V5,83.1,ha,2024-04-28,2024-08-15,95.8960616226304,bu_ac,17.972606759751216,202.5,5,168.5956076020375,mm,562.6235888223164,mm,21.238950131926686,0.6253498229430988,0.7624213240575045,48.73096422260627,29.940448035718408,Sandy,AgroService Ltd,зрошення застосовано,2024-06-19
805,F0147,FARM01,2024,Soy,Soy-V2,97,ha,2024-03-14,2024-09-23,26.906280858611016,bu_ac,15.010438249912113,161.9,4,187.22290239529684,mm,232.22202578326687,mm,19.501204959349707,0.5098883140832186,0.6267704139463603,49.186465103103316,32.563832794721705,Clay,agroservice ltd,проблема з дренажем,2024-07-31
806,F0084,FARM08,2024,soya,Soy-V4,33.8,NA,2024-03-29,2024-10-02,2.389848417136818,t_ha,33.855568261118606,32.6,5,4.620746370243627,in,205.25239204289392,mm,20.816378625808284,0.41363475997932253,0.5041145170340314,49.115645309073386,31.39496738188202,chernozem,sunfield co,посуха ,2024-06-15
807,F0055,FARM06,2024,Corn,Corn-V5,42.2,ha,2024-03-16,2024-09-27,11.697792859515175,t_ha,18.35420406004414,207.4,2,5.6259568476330815,in,369.53695686534047,mm,16.935861185891554,0.7789406675379723,0.90202821707353,48.971339052139314,31.83588249845617,Chernozem,Pole Plus,проблема з дренажем,2024-07-05
808,F0160,FARM07,2024,Soy,Soy-V3," 37,2",ha,2024-04-03,2024-07-28,2.870343387243338,t_ha,18.93694700789638,147.3,5,0,in,24.452439167419463,in,16.6361293643713,0.5795801953878253,0.664833285450004,49.85855520456238,31.976748563845177,Chernozem,Field Master,перевірити,2024-06-16
809,F0009,FARM04,2024,Corn,Corn-V2,14.2,ha,2024-03-22,2024-09-21,11.774661874165758,t_ha,12.932549148332328,102.4,5,0,mm,245.38206818979234,mm,21.16372923878953,0.4264099606312811,0.5451116488547996,49.20708387859026,33.922112769877074,Chernozem,POLE PLUS,норма,2024-05-01
810,F0007,FARM02,2024,Corn,Corn-V3,55.8,ha,2024-05-10,2024-10-12,9.336246751481667,t_ha,23.95917408587411,70.1,5,177.66979649895802,mm,588.0648773279972,mm,15.72732785064727,0.7767182453768328,0.8570646374952048,49.740570404905824,28.654298932748848,Sandy,Field Master,зрошення застосовано,2024-08-01
811,F0009,FARM04,2024,Maize,Corn-V2," 14,2",ha,2024-03-22,2024-09-21,11.774661874165758,t_ha,12.932549148332328,102.4,5,0,mm,245.38206818979234,mm,21.16372923878953,NA,NA,49.20708387859026,33.922112769877074,NA,POLE PLUS,норма,2024-08-26
812,F0037,FARM09,2024,Wheat,Wheat-V2,20.5,ha,2024-04-26,2024-09-23,NA,bu_ac,16.962209057994187,103.9,6,4.317406597033906,in,469.98611208982766,mm,18.768763575470075,0.6276233472395688,0.7025394914904609,49.38881930866651,32.95508813529835,Clay,Pole Plus,норма,2024-08-24
813,F0141,FARM11,2024,Wheat,Wheat-V5,88.8,ha,2024-04-15,2024-08-09,6.451058183563873,t_ha,28.36499449168332,36.1,5,0,mm,390.52997566759586,mm,21.810954986838624,0.5160500258440152,0.6199271245859563,49.1347486006557,33.06861239753198,Clay,GreenCrop ,перевірити,2024-07-16
814,F0066,FARM12,2024,Soy,Soy-V5,66.1,ha,2024-03-10,2024-08-01,1.979856226593256,t_ha,31.90986208897084,160.2,5,4.019590444848176,in,21.015224246377876,in,13.175283188698813,0.8198015657486394,0.8794355008285493,49.48291347293416,30.620346061817838,Loam,GreenCrop ,посуха,2024-05-18
815,F0084,FARM08,2024,Soy,Soy-V4,33.8,ha,2024-03-29,2024-10-02,2.389848417136818,t_ha,33.855568261118606,32.6,5,117.36695780418813,mm,8.080802836334406,in,20.816378625808284,0.7228817589581013,0.8344841727288439,49.115645309073386,31.39496738188202,Chernozem,SunField Co,посуха,2024-08-14
816,F0108,FARM10,2024,WHEAT ,Wheat-V5,56.1,ha,2024-05-16,2024-08-29,6.014269091654569,t_ha,26.784220005385578," 170,7 ",4,217.23426579264924,mm,375.4140221979469,mm,19.0904314131476,0.8320303603773936,0.9216175125679001,49.120600077540615,29.992807520525066,Chernozem,sunfield co,без примітки,2024-07-02
817,F0070,FARM09,2024,Corn,Corn-V3,181.8,ac,2024-03-12,2024-09-29,8.051687113009393,t_ha,13.175150722963735," 166,7 ",5,286.4213622175157,mm,7.468149958336066,in,18.662272981135175,0.8336271927924827,0.9101756013697013,49.69602859024704,31.125947516278366,loamy,UkrAgroTech,без примітки,2024-08-08
818,F0003,FARM01,2024,Corn,Corn-V5,17.6,ha,2024-04-02,2024-08-23,6.222345068352297,NA,17.268254621885717,170.8,0,257.12129306048155,mm,643.5089216916822,NA,20.552715743426234,0.6535707715898752,0.7646254653809592,49.836275325906,28.9835720234802,chernozem,SunField Co,добре,2024-05-18
819,F0167,FARM03,2024,Corn,Corn-V5,102.1,ha,2024-05-02,2024-07-30,7.0584459693636745,t_ha,11.81019512237981,144.5,6,160.02602101070806,mm,488.30839942675084,NA,19.44469421240501,NA,NA,49.84401415537344,30.079877171544826,Sandy,GreenCrop,зрошення застосовано,2024-08-29
820,F0144,FARM07,2024,soya,Soy-V2,156.5,ac,2024-05-13,2024-09-19,3.05125982593745,t_ha,13.919538143323734," 5,9 ",0,128.2055058167316,mm,643.9867452252656,mm,22.30574955465272,NA,NA,49.29231072146259,31.272586572988892,Loam,Pole Plus,проблема з дренажем,2024-08-14
821,F0114,FARM04,2024,Wheat,Wheat-V5,28.3,ha,2024-05-16,2024-08-16,46.54850259652973,bu_ac,18.424006418557838,119.4,1,0,mm,175.6747178384103,mm,19.000138474162668,0.369831161131151,0.5,49.533308472967704,31.22206176491082,Clay,SunField Co,посуха,2024-09-06
822,F0026,FARM09,2024,wheat,Wheat-V3,52.6,NA,2024-04-18,2024-09-23,96.56698977848706,bu_ac,8.268493281910196,156.6,2,0,in,459.534997434821,mm,18.761905073188245,0.6588779639219865,0.7195844584610313,49.091910933538806,30.28095093904296,Chernozem,Field Master,посуха,2024-08-31
823,F0084,FARM08,2024,Soy,Soy-V4," 33,8",ha,2024-03-29,2024-10-02,35.510377669194924,bu_ac,33.855568261118606,32.6,5,117.36695780418813,NA,205.25239204289392,mm,20.816378625808284,0.41233268324285743,0.5,49.115645309073386,31.39496738188202,chernozem,SunField Co,посуха,2024-06-17
824,F0024,FARM10,2024,Wheat,Wheat-V2,71.8,ha,2024-04-13,2024-07-30,70.75925241397448,bu_ac,19.154896181542426,181.3,5,236.88224479556084,mm,588.7861508992501,mm,18.82153136911802,0.4655241620726883,0.5466474473709241,49.74122151983622,28.569316067039036,NA,UkrAgroTech,добре,2024-05-30
825,F0025,FARM05,2024,Wheat,Wheat-V3," 40,4",ha,2024-03-27,2024-09-23,106.8167458599735,bu_ac,15.889116916572675,167.3,2,0,mm,458.71529437135905,mm,12.780669684987515,0.3736025428166613,0.5,48.518229485790705,29.87878834747663,Loam,UkrAgroTech,без примітки,2024-07-07
826,F0093,FARM12,2024,Wheat,Wheat-V3,15.9,ha,2024-05-14,2024-07-27,5.923251473112032,t_ha,12.945244940463454,72.1,4,0,in,632.7473153942265,mm,13.9202224528417,0.502054684353061,0.5653833524091169,48.67061713130213,30.807204102511985,Loam,AgroService Ltd,норма,2024-09-10
827,F0119-ALT,FARM06,2024,Soy,Soy-V4,70.8,ac,03.04.2024,29.07.2024,2.867937058676034,t_ha,29.821756178746,109,4,246.90912464866415,mm,419.1259160870686,mm,21.439845563145354,NA,NA,48.55431938708527,29.538319249912817,Sandy,AgroService Ltd,проблема з дренажем,2024-07-31
828,F0169,FARM10,2024,Maize,Corn-V5,221,ac,2024-04-15,2024-09-30,121.97112967111883,bu_ac,15.85373682784848,143.7,5,0,mm,455.67375008249655,NA,12.820798456668854,0.7320765714626759,0.7869140710448846,48.6472723670844,29.63152911456302,Chernozem,UkrAgroTech,перевірити ,2024-09-09
829,F0127,FARM10,2024,Wheat,Wheat-V1,262.4,ac,11.04.2024,11.09.2024,3.7663128955755383,t_ha,15.605789514258504,209.4,6,0,in,601.9041759311222,mm,13.05245520081371,0.7901507168076932,0.9361349706072359,48.57490972454473,29.015494271554985,Sandy,UkrAgroTech,норма,2024-06-08
830,F0075,FARM05,2024,wheat,Wheat-V4,72.9,ha,2024-04-26,2024-10-09,4.641496212687343,t_ha,27.030563293024898,136.9,6,359.3832022626884,mm,410.4126699618064,mm,12.50206284946762,0.3541545777348801,0.5,48.99341193875345,28.67462091157772,Chernozem,  UkrAgroTech ,без примітки,2024-07-16
831,F0071,FARM08,2024,Soy,Soy-V4,85.4,ha,2024-03-31,2024-08-22,1.6600233017234132,t_ha,17.47556423721835,84.3,5,194.37614098424092,mm,8.919859541521415,in,14.330625753384084,0.8009116262197494,0.8547326155938207,49.031143221907314,31.1860824765414,Sandy,GreenCrop ,добре,2024-08-01
832,F0018,FARM05,2024,Wheat,Wheat-V1,74,ac,2024-05-20,2024-10-03,5.230952668469399,NA,28.708287546411157,60.7,4,295.58003002312034,mm,6.285844252015809,in,18.360134464222938,0.6461598350666463,0.794805951602757,49.05453972245147,30.744031787103975,Chernozem,agroservice ltd,добре,2024-09-30
833,F0107,FARM08,2024,Corn,Corn-V3,167.7,ac,2024-04-02,2024-08-21,7.6183836637064815,NA,25.764335512649268,156.7,5,128.58381224796176,mm,290.2303160633892,mm,12.319094770820811,0.639209408685565,0.7878186718327924,49.41644257587334,33.41691162278829,Chernozem,UkrAgroTech,перевірити,2024-07-05
834,F0083,FARM07,2024,Maize,Corn-V1,119.5,ha,20.05.2024,27.07.2024,6.069537280127406,t_ha,20.176201664609835,205.8,2,323.91201201826334,mm,23.748379165864016,in,18.38617093511857,0.7026061915326863,0.8225956005509942,49.92360987884924,30.777254025735893,Sandy,SunField Co,без примітки,2024-05-13
835,F0119,FARM06,2024,soya,Soy-V4,29,ha,2024-04-03,2024-07-29,2.867937058676034,t_ha,29.821756178746,109,4,246.90912464866415,mm,16.50102031838853,in,21.439845563145354,0.3832175438525155,0.5188509839121251,48.55449884758005,29.538418500605506,Sandy,AgroService Ltd,проблема з дренажем,2024-08-28
836,F0078,FARM04,2024,Wheat,Wheat-V4,149.5,ac,2024-03-15,2024-09-30,55.96975664114151,bu_ac,9.50673251086846,207.2,4,119.60634811548516,mm,416.9765734812245,mm,20.577170668635517,0.4875683817313984,0.5552897837013006,49.716007533497645,31.84393829084095,Loam,Field Master,проблема з дренажем,2024-07-22
837,F0117,FARM10,2024,Wheat,Wheat-V2,192.2,ac,2024-04-13,2024-07-25,7.688482908532023,t_ha,22.67579868552275,107.8,5,0,mm,25.777926089198104,in,22.50023498479277,0.4097880808636546,0.5312655735295265,48.51653294270579,31.982219828517643,Loam,field master,норма,2024-09-26
838,F0180,FARM08,2024,wheat,Wheat-V3,61.7,ac,2024-05-07,2024-08-16,50.14667158426072,bu_ac,30.018077263608575," 190,0 ",5,286.59209376201034,NA,171.45894406130537,mm,12.293255709810182,0.5675096403807401,0.6313723074737936,48.80569585595978,30.47084330999898,Loam,POLE PLUS,добре,2024-07-03
839,F0046,FARM12,2024,Maize,Corn-V3,84.5,ha,2024-03-19,2024-07-30,179.36097738662272,bu_ac,17.755124284187332,197.3,3,0,in,526.8125344184227,mm,12.310517691774294,0.5502223723102361,0.605642601987347,49.06077132399287,30.46170370443072,Sandy,Field Master,посуха,2024-05-03
840,F0153,FARM04,2024,Soy,Soy-V2,40.2,ha,2024-05-04,2024-10-13,3.7785891802050173,NA,9.40988503023982,216.3,5,5.669904847108708,in,516.24335416127,mm,16.376285347389057,0.58141406243667,0.7178362023551017,49.09074176510796,33.68834777986352,NA,AgroService Ltd,добре,2024-06-16
841,F0072,FARM02,2024,Corn,Corn-V1,174,ac,2024-04-20,2024-08-20,121.78274242290456,bu_ac,27.951986566651613,50.5,6,187.96216417104006,NA,11.552894374311675,in,17.115997955668718,0.37214089699555186,0.5,49.868002256372016,29.259328951485458,Loam,  UkrAgroTech ,без примітки,2024-08-07
842,F0112,FARM08,2024,WHEAT ,Wheat-V3,111.6,ha,2024-05-02,2024-09-28,77.16552237807088,bu_ac,30.761868586065248,73.2,1,5.5137359634349785,in,359.17925545945764,mm,13.28689100407064,0.6888703381642699,0.7503769809613005,49.686820577460345,31.00220091697993,Loam,Pole Plus,добре,2024-08-22
843,F0141,FARM11,2024,Wheat,Wheat-V5," 88,8",ha,2024-04-15,2024-08-09,6.451058183563873,t_ha,28.36499449168332,36.1,5,0,mm,15.375195892425035,in,21.810954986838624,0.649491956597194,0.7387939696200192,49.1347486006557,33.06861239753198,Clay,GreenCrop ,перевірити,2024-05-31
844,F0087,FARM10,2024,wheat,Wheat-V2,248.9,ac,2024-04-09,2024-08-24,6.539307911414653,t_ha,13.952209253329784,42.8,4,97.26972467033193,mm,472.65386392828077,NA,19.736648411257192,0.7497982023283839,0.8171290614875033,49.616789512768854,28.80246420747787,Sandy,GreenCrop ,без примітки,2024-08-31
845,F0047,FARM08,2024,Wheat,Wheat-V2,99.9,NA,2024-05-02,2024-07-29,7.8927314195316285,t_ha,11.249815611867234,67.6,4,0,mm,648.8531290087849,mm,13.743909978074953,NA,NA,48.61786320869578,30.977074689005036,Chernozem,field master,добре,2024-08-28
846,F0043,FARM10,2024,Corn,Corn-V3,17.6,ac,2024-08-03,2024-04-12,170.62135273219937,bu_ac,11.51242827414535,212.9,4,0,in,534.2105991323479,mm,22.92213953495957,0.6818083580816164,0.7432544701499865,48.81349743588688,28.924607792825906,Chernozem,  UkrAgroTech ,добре,2024-09-13
847,F0055,FARM06,2024,Corn,Corn-V5,104.2,ac,2024-03-16,2024-09-27,186.27058693495505,bu_ac,18.35420406004414,207.4,2,5.6259568476330815,in,14.548699089186634,in,16.935861185891554,0.622777950274758,0.7127992590190843,48.971339052139314,31.83588249845617,Chernozem,Pole Plus,проблема з дренажем,2024-07-12
848,F0094,FARM04,2024,Sunflower,Sunflower-V1," 78,7",ha,2024-04-18,2024-10-07,51.40357155009712,bu_ac,18.565608207834885,177.9,4,368.35784160066396,mm,24.3545095436275,in,13.807362733175978,0.38777548123616723,0.5366731621790677,49.23248761920212,29.0682082680529,Chernozem,field master,проблема з дренажем,2024-08-29
849,F0039,FARM12,2024,Corn,Corn-V4,37.1,ac,2024-05-05,2024-08-31,99.0193210591141,bu_ac,34.9502484719269,198.9,3,280.52658766973764,mm,227.0042717922479,mm,22.99271099618636,0.3585726816905662,0.5,31.874453241174578,49.59117011536565,Chernozem,sunfield co,посуха,2024-06-09
850,F0163,FARM10,2024,Wheat,Wheat-V5,25.1,ha,2024-04-10,2024-08-31,NA,bu_ac,34.07951688673347,124.4,2,0,mm,152.8782540000975,mm,13.290560345165431,0.7775642079301178,0.9137384952511638,49.66298577970546,29.82237800655235,loamy,GreenCrop,добре,2024-09-23
851,F0090,FARM09,2024,Wheat,Wheat-V5,205.4,ac,2024-04-28,2024-08-15,6.453804947203025,t_ha,17.972606759751216,202.5,5,168.5956076020375,mm,562.6235888223164,NA,21.238950131926686,0.4511226653354242,0.588741485774517,48.73096422260627,29.940448035718408,Sandy,AgroService Ltd,зрошення застосовано ,2024-08-12
852,F0176,FARM04,2024,Soy,Soy-V1,132.3,ac,2024-03-10,2024-08-09,37.55439535567999,bu_ac,26.231627743924037,160.7,1,0,in,300.3035211120732,mm,18.564889275468886,0.3888886750442907,0.5045284457039088,48.95107018770231,30.064787929418497,NA,SunField Co,проблема з дренажем,2024-08-14
853,F0160,FARM07,2024,Soy,Soy-V3,91.9,ac,2024-04-03,2024-07-28,2.870343387243338,t_ha,18.93694700789638,147.3,5,0,mm,621.0919548524544,mm,16.6361293643713,NA,NA,49.85855520456238,31.976748563845177,Chernozem,field master,перевірити,2024-08-03
854,F0067,FARM04,2024,Corn,Corn-V2," 97,1",ha,2024-05-16,2024-10-11,10.343343758257106,t_ha,34.121938629075885,141.2,5,84.52467571478337,mm,281.36046869913116,NA,20.990501838037744,NA,NA,48.67130609447602,30.94805175618129,chernozem,AgroService Ltd,зрошення застосовано ,2024-08-29
855,F0096,FARM09,2024,Corn,Corn-V1,270.2,ac,2024-04-25,2024-08-11,6.846270147245377,t_ha,12.447058753343299," 110,1 ",6,0,in,255.2263648249209,mm,14.147910694591701,0.8188929402036592,0.9063868350815028,48.50511174380127,31.92066737321392,Sandy,Field Master,посуха,2024-05-25
856,F0175,FARM06,2024,WHEAT ,Wheat-V2,31.4,ac,2024-05-04,2024-10-10,7.75705360295251,t_ha,28.24534971592948,77.6,3,0,mm,392.56868278607726,mm,18.48305880976841,NA,NA,49.68776870567584,32.85975864349492,Clay,agroservice ltd,без примітки,2024-08-02
857,F0067,FARM04,2024,Corn,Corn-V2,97.1,ha,2024-05-16,2024-10-11,10.343343758257106,NA,34.121938629075885," 141,2 ",5,84.52467571478337,mm,281.36046869913116,mm,20.990501838037744,0.4758766927057877,0.6057901578489691,48.67130609447602,30.94805175618129,Chernozem,AgroService Ltd,зрошення застосовано,2024-05-29
858,F0073,FARM12,2024,Sunflower,Sunflower-V4,74.5,ha,2024-05-03,2024-08-21,36.47034202310208,bu_ac,22.164079687325284,215.4,2,0,mm,282.6434444519691,mm,18.583269954426214,0.4542888610390946,0.551111394027248,49.987148067534434,32.84651456982037,Chernozem,SunField Co,зрошення застосовано,2024-07-29
859,F0041,FARM06,2024,Sun-flower,Sunflower-V5," 62,1",ac,2024-04-08,2024-10-05,43.070590547531054,bu_ac,24.47740547079593,149.1,1,0,NA,590.5649965978228,mm,16.42417799611576,0.7745571313658729,0.8557727233739569,49.27202126573399,29.58394480904611,Loam,sunfield co,зрошення застосовано,2024-05-27
860,F0069,FARM05,2024,Soy,Soy-V1,24.9,ac,2024-03-19,2024-08-03,1.615064037963748,t_ha,31.1472301739268,162.3,4 apps,234.41104751545936,NA,457.8039458836429,mm,21.600855943048373,0.7056891438784078,0.7837397958384826,48.76715906085679,33.17149420317682,NA,SunField Co,добре,2024-09-06
861,F0109,FARM03,2024,Soy,Soy-V5,77.9,ha,2024-05-19,2024-08-26,1.7733576798345894,t_ha,23.469693066785112,203.7,6,11.429862580793786,in,235.44656498124823,mm,15.440130766713992,0.7792622909415513,0.921872160001658,48.628853849126955,28.692569010023494,Chernozem,  UkrAgroTech ,зрошення застосовано,2024-07-16
862,F0162,FARM02,2024,Soy,Soy-V5,23,ha,2024-03-31,2024-07-30,2.939051337656565,t_ha,12.916325388010591,218.6,6,382.3411257471889,mm,374.05488450312987,mm,18.141030692961067,0.7510928450152278,0.82739255165215575,49.75033556248946,29.383213261691388,Sandy,agroservice ltd,зрошення застосовано,2024-05-28
863,F0155,FARM12,2024,Wheat,Wheat-V4,55.7,ha,2024-05-07,2024-08-08,94.81897627115582,bu_ac,9.874784131767228,83.4,5,0,mm,422.0934542710893,mm,-1.1606692459899932,0.5829922852804884,0.7102081476943567,49.641987479628064,32.22231671045022,Clay,  UkrAgroTech ,норма,2024-07-01
864,F0009,FARM04,2024,Corn,Corn-V2,35,ac,2024-03-22,2024-09-21,11.774661874165758,t_ha,12.932549148332328,102.4,5,0,mm,245.38206818979234,mm,21.16372923878953,0.45870435822289435,0.5666170221986249,49.20708387859026,33.922112769877074,Chernozem,POLE PLUS,норма,2024-05-13
865,F0007,FARM02,2024,Corn,Corn-V3,137.9,ac,2024-05-10,2024-10-12,148.66634954588642,bu_ac,23.95917408587411,70.1,5,177.66979649895802,mm,588.0648773279972,mm,15.72732785064727,0.81358275169041006,0.9130533683812245,49.740570404905824,28.654298932748848,NA,field master,зрошення застосовано,2024-07-17
866,F0128,FARM09,2024,Wheat,Wheat-V5,54.7,ha,2024-04-04,2024-09-01,6.533456557197496,t_ha,32.29299695510417,140.8,1,372.56461539072916,mm,8.242889922057227,in,18.317926909774542,0.645441412134096,0.7000741956522688,48.75750580350449,29.233339671749157,Chernozem,  UkrAgroTech ,посуха,2024-08-18
867,F0102,FARM03,2024,Sunflower,Sunflower-V5,31.7,ha,2024-04-12,2024-08-05,3.3900716088479386,t_ha,29.590100933797657," 193,2 ",1,131.70432868646458,mm,22.08614961004002,in,17.695493798470125,0.7071144340094179,0.8486784414621069,49.40506355357589,30.06993606412178,Sandy,Pole Plus,зрошення застосовано,2024-05-30
868,F0101,FARM07,2024,Sun-flower,Sunflower-V2,17,ha,2024-05-16,2024-09-09,3.9986537314485764,t_ha,29.66828211932443,154.4,6,115.60703431023285,mm,24.20197415310435,in,12.208582530496642,0.5495819874573499,0.6426724031567573,48.70140651554707,28.65725658612838,Loam,SunField Co,зрошення застосовано,2024-09-28
869,F0053,FARM03,2024,Sunflower,Sunflower-V2,100.3,ac,2024-03-10,2024-10-04,4.1983244064962495,NA,9.441359386779368,160,0,386.9585713953711,mm,611.9752018363215,NA,15.914453758625314,0.581170822517015,0.6691885001957416,49.336399753715845,32.756670795050916,Chernozem,AgroService Ltd,посуха,2024-09-29
870,F0158,FARM02,2024,Maize,Corn-V2,23.8,ha,2024-03-17,2024-08-14,157.02001634795386,bu_ac,23.752378524281085,190,1,60.17084104241803,mm,24.6372614922112,in,18.140505565097556,0.7269974267343059,0.7803806628333404,48.561455279117915,30.658290432276207,Loam,UkrAgroTech,норма,2024-07-06
871,F0058,FARM01,2024,wheat,Wheat-V5,-2.4,ha,2024-04-14,2024-10-08,76.78585919934875,bu_ac,27.77602813160047,35.3,5,0,mm,661.4985143765807,mm,12.695475316839293,0.7934880877379328,0.8608570974087343,60.31289129750803,15.579500370658934,Chernozem,Field Master,проблема з дренажем,2024-08-25
872,F0020,FARM09,2024,WHEAT ,Wheat-V5,59.4,ha,2024-04-14,2024-08-21,61.30803988092367,bu_ac,15.103385385824367,146.9,0,13.703891828722197,in,577.8672700398602,mm,14.666194134391844,NA,NA,49.69430242420454,33.80321978305187,Chernozem,SunField Co,добре,2024-05-22
873,F0071,FARM08,2024,Soy,Soy-V4,211.1,ac,2024-03-31,2024-08-22,24.666022313869437,bu_ac,17.47556423721835," 84,3 ",5,194.37614098424092,mm,226.56443235464394,mm,14.330625753384084,0.8198586123995483,0.95,49.031143221907314,31.1860824765414,Sandy,GreenCrop ,добре,2024-07-23
874,F0047,FARM08,2024,Wheat,Wheat-V2,246.9,ac,02.05.2024,29.07.2024,7.8927314195316285,NA,11.249815611867234,67.6,4,0,mm,648.8531290087849,mm,13.743909978074953,NA,NA,48.61786320869578,30.977074689005036,NA,field master,добре,2024-07-19
875,F0142,FARM07,2024,Corn,Corn-V1,64.5,ha,2024-05-02,2024-08-01,8.802484347485006,t_ha,19.25800644629635,177,0,0,mm,435.8041663770564,mm,21.217082746559754,0.8113605021731928,0.9280638822121545,49.31349099417589,33.76999556794111,NA,Pole Plus,зрошення застосовано,2024-05-28
876,F0070,FARM09,2024,Corn,Corn-V3,181.8,ac,12.03.2024,29.09.2024,8.051687113009393,t_ha,13.175150722963735,166.7,5,11.27643158336676,in,189.69100894173607,mm,18.662272981135175,NA,NA,49.69602859024704,31.125947516278366,loamy,  UkrAgroTech ,без примітки,2024-06-25
877,F0029,FARM10,2024,Sunflower,Sunflower-V4,52.1,ha,2024-05-19,2024-08-22,72.08043330250993,bu_ac,30.790966553613544," 163,3 ",2,0,NA,363.9988965704106,mm,16.463625044329092,0.6509721589041874,0.7773723487509414,48.92368549982598,33.29896603370318,Chernozem,  UkrAgroTech ,проблема з дренажем,2024-07-16
878,F0084,FARM08,2024,Soy,Soy-V4,33.8,ha,2024-03-29,2024-10-02,35.510377669194924,bu_ac,33.855568261118606,32.6,5,117.36695780418813,mm,8.080802836334406,in,20.816378625808284,0.5869422171032056,0.6581939479336142,49.115645309073386,31.39496738188202,Chernozem,SunField Co,посуха,2024-05-03
879,F0142,FARM07,2024,Corn,Corn-V1," 64,5",ha,2024-05-02,2024-08-01,140.16694820835997,bu_ac,19.25800644629635,177,0,0,in,435.8041663770564,mm,21.217082746559754,0.7044862847775221,0.7605597770307213,49.31349099417589,33.76999556794111,chernozem,Pole Plus,зрошення застосовано,2024-09-15
880,F0023,FARM10,2024,Wheat,Wheat-V3,57.6,ha,2024-04-23,2024-09-02,3.061734013725072,t_ha,17.170026327483356,51.3,3,0,mm,409.4043309567496,NA,14.805122779682279,0.5505987192969769,0.6085748899029567,49.21183699728316,29.74882334249979,Chernozem,POLE PLUS,добре,2024-08-20
881,F0028,FARM11,2024,WHEAT ,Wheat-V4,62.8,ha,2024-05-04,2024-09-28,7.444094479549676,NA,22.334980565821752,108.1,2,0,in,549.4246130343527,mm,15.948781565064564,0.7861371180275455,0.8977947693550958,49.552903190766926,30.733149683735334,Chernozem,UkrAgroTech,норма,2024-07-28
882,F0153,FARM04,2024,Soy,Soy-V2,99.3,ac,2024-05-04,2024-10-13,3.7785891802050173,t_ha,9.40988503023982,216.3,5,144.01558311656117,mm,516.24335416127,mm,16.376285347389057,0.5717527329921722,0.6476019738940522,49.09074176510796,33.68834777986352,Clay,agroservice ltd,добре,2024-07-17
883,F0154,FARM06,2024,Soy,Soy-V4,37.9,ac,2024-03-31,2024-10-02,3.880203464999795,t_ha,21.664070404833183,108.6,0,287.03245611395687,mm,502.89698826381937,mm,17.845397881697863,0.6780388045823201,0.730602840310894,49.637026182342325,31.349870851341638,Sandy,agroservice ltd,добре ,2024-05-08
884,F0052,FARM04,2024,WHEAT ,Wheat-V5,106.4,ha,2024-04-15,2024-09-15,73.68183794762126,bu_ac,15.2466960020829,129.8,6,0,NA,6.919573720243914,in,17.107824750011787,0.6578898269450292,0.7654190285131335,49.35262847162364,31.40098313575378,loamy,Field Master,перевірити,2024-06-07
885,F0167,FARM03,2024,Corn,Corn-V5,102.1,ha,2024-05-02,2024-07-30,112.3956364548356,bu_ac,11.81019512237981," 144,5 ",6,160.02602101070806,mm,19.22474013491145,in,19.44469421240501,0.6420463605551049,0.7638952210312709,49.84401415537344,30.079877171544826,Sandy,GreenCrop,зрошення застосовано,2024-07-25
886,F0151,FARM11,2024,Corn,Corn-V2,70.7,ha,2024-03-13,2024-07-28,6.234272473026067,t_ha,19.714003268862143,42.3,4,183.3354412112385,mm,489.8867229465395,mm,20.457409860100597,0.5465072543825954,0.6722463718615472,49.43271184646711,32.97038999099192,Chernozem,AgroService Ltd,проблема з дренажем,2024-06-16
887,F0119,FARM06,2024,Soy,Soy-V4,29,ha,2024-04-03,2024-07-29,2.867937058676034,t_ha,29.821756178746,109,4,246.90912464866415,mm,419.1259160870686,mm,21.439845563145354,0.7453079864149913,0.8807242017006501,48.55449884758005,29.538418500605506,Sandy,agroservice ltd,проблема з дренажем,2024-07-10
888,F0054,FARM12,2024,WHEAT ,Wheat-V1,245.9,ac,2024-03-31,2024-09-12,NA,t_ha,11.279644238296896,202.8,4,10.945664232919418,in,663.8334121322259,mm,15.356105137616396,NA,NA,49.56398012921121,33.36538589074836,Loam,Pole Plus,норма,2024-08-20
889,F0120,FARM11,2024,Wheat,Wheat-V1,55,ac,2024-05-04,2024-08-25,7.822265973780304,t_ha,20.218908810755238,217.1,4,189.6205203142017,mm,293.20350975031033,mm,17.087858494138345,0.3753664620686322,0.5,49.351761254160664,33.340001792449044,Chernozem,UkrAgroTech,добре,2024-08-10
890,F0173,FARM09,2024,Wheat,Wheat-V5,95,NA,2024-04-01,2024-08-09,5.262129568262026,t_ha,15.439239660743624," 6,1 ",6,0,mm,491.482155630365,mm,13.824114047456533,0.8103355972794816,0.9357088905526325,49.695780777306766,32.89553318708949,NA,agroservice ltd,перевірити,2024-07-24
891,F0110,FARM07,2024,Maize,Corn-V2,284.6,ac,2024-04-19,2024-10-11,157.10971604403892,bu_ac,20.773488281061873,52,1,5.3945881526323225,in,526.9480216433294,NA,15.931346965022385,0.5323386212345212,0.6005275067640469,49.7786507780808,28.85294060078496,CLAY ,SunField Co,зрошення застосовано,2024-07-10
892,F0135,FARM12,2024,Soy,Soy-V3," 94,6",ha,2024-03-20,2024-10-11,2.0301258090185,t_ha,18.322982348734513,53.4,1,178.02001381060109,mm,601.0817830334418,mm,13.386080408701673,0.7819175414275378,0.8702937700785697,48.67350321437791,32.122315931226595,NA,AgroService Ltd,добре,2024-06-12
893,F0018,FARM05,2024,wheat,Wheat-V1,29.9,ha,2024-05-20,2024-10-03,77.72589403372065,bu_ac,28.708287546411157,60.7,4,295.58003002312034,mm,159.66044400120154,mm,18.360134464222938,0.4867778208805248,0.5480028377380222,49.05453972245147,30.744031787103975,Chernozem,AgroService Ltd,добре,2024-07-15
894,F0161,FARM03,2024,Wheat,Wheat-V2,43.6,ha,2024-04-24,2024-09-18,7.183228362817317,t_ha,19.30367785040289,114.6,2,0,mm,693.4982943348587,mm,22.691886255517602,0.7619172712089494,0.8582926892442628,48.78854147093929,31.042263055078223,Sandy,GreenCrop,добре,2024-08-29
895,F0003,FARM01,2024,Corn,Corn-V5,17.6,ha,2024-04-02,2024-08-23,6.222345068352297,t_ha,17.268254621885717,170.8,0,10.122885553562266,in,643.5089216916822,mm,20.552715743426234,0.4547514136880636,0.5641232805559411,49.836275325906,28.9835720234802,chernozem,SunField Co,добре,2024-09-12
896,F0099,FARM12,2024,Soy,Soy-V2,24,ac,2024-04-16,2024-07-30,NA,t_ha,28.330677752150223," 74,2 ",1,202.06500816857442,mm,19.73092385226729,in,12.653627194929868,0.7422859545564279,0.8312009484972804,49.988244747210764,33.796182937197386,NA,GreenCrop,без примітки,2024-05-23
897,F0166,FARM05,2024,Wheat,Wheat-V3,19.5,ac,2024-03-22,2024-09-21,3.4489760100841522,t_ha,21.413335915654898,160.7,0,379.64964722050354,mm,15.343205712269992,in,13.137468068860471,0.8050030592363328,0.9257870808476582,48.712514942226,28.890570213146976,Chernozem,Field Master,перевірити,2024-08-06
898,F0033,FARM08,2024,Sunflower,Sunflower-V5,15.3,ha,2024-05-08,2024-08-04,3.725355938030407,t_ha,20.60274729784578," 109,3 ",4,0,mm,11.280100625815003,in,17.779656806960702,0.5732125988230109,0.6964886378496885,49.8927680000295,33.46568400714826,Chernozem,SunField Co,без примітки,2024-07-25
899,F0061,FARM05,2024,Maize,Corn-V3,60.6,ha,2024-05-13,2024-10-12,NA,bu_ac,19.504111729795113,76.4,6,307.6109573361464,mm,298.7596017308533,mm,13.747323927702382,0.4849092322634533,0.5511025121202692,49.882411058881786,31.75244216183573,chernozem,Field Master,посуха,2024-08-28
900,F0167,FARM03,2024,Corn,Corn-V5,102.1,ha,2024-05-02,2024-07-30,7.0584459693636745,t_ha,11.81019512237981," 144,5 ",6,160.02602101070806,mm,488.30839942675084,mm,19.44469421240501,0.5626979493768886,0.6849196908529848,49.84401415537344,30.079877171544826,Sandy,GreenCrop,зрошення застосовано,2024-06-19
901,F0062,FARM09,2024,Wheat,Wheat-V1," 223,5",ac,16.03.2024,26.09.2024,65.6464142084155,bu_ac,25.066392104607075,90.6,3,0,mm,413.5354637634009,mm,16.50783714442514,0.8259506091941148,0.95,49.80851256471407,31.566230955846144,NA,POLE PLUS,проблема з дренажем,2024-09-04
902,F0059,FARM09,2024,Soy,Soy-V3,162.2,ac,2024-04-02,2024-08-18,2.1812831840943545,t_ha,29.135752563364804,107.5,4,7.270733923027953,in,556.7708818241954,mm,14.91598909208551,0.4359249731292948,0.51622489313595,49.76617471058527,30.517252327460795,Loam,Field Master,проблема з дренажем,2024-06-27
903,F0154,FARM06,2024,Soy,Soy-V4,15.3,ha,2024-03-31,2024-10-02,3.880203464999795,t_ha,21.664070404833183,108.6,0,-0.8418498979423078,in,19.799094026134622,in,17.845397881697863,0.44876915789209304,0.5802629593759775,49.637026182342325,31.349870851341638,Sandy,AgroService Ltd,добре,2024-09-28
904,F0180,FARM08,2024,Wheat,Wheat-V3," 25,0",ha,2024-05-07,2024-08-16,3.3748709976207465,t_ha,30.018077263608575,190,5,286.59209376201034,mm,6.75035212839785,in,12.293255709810182,NA,NA,48.80569585595978,30.47084330999898,loamy,Pole Plus,добре,2024-09-14
905,F0131,FARM09,2024,Corn,Corn-V4,10.8,ha,2024-08-17,2024-04-25,9.480443362612277,t_ha,12.542420317418873,132.9,2,233.54354484472424,mm,22.856582643640206,in,19.730936092091724,0.7714938806835562,0.8704872616101056,49.37046749598859,29.62757496253727,loamy,field master,без примітки,2024-05-07
906,F0067,FARM04,2024,Corn,Corn-V2," 97,1",ha,2024-05-16,2024-10-11,164.7029260868966,bu_ac,34.121938629075885,141.2,5,84.52467571478337,mm,281.36046869913116,mm,20.990501838037744,0.42735822349786756,0.5372624682262539,48.67130609447602,30.94805175618129,Chernozem,agroservice ltd,зрошення застосовано,2024-05-23
907,F0022,FARM01,2024,Wheat,Wheat-V1,237.4,ac,2024-05-11,2024-07-27,114.43900985762278,bu_ac,32.46988805709407,115,5,229.44771986221895,mm,361.0545711242594,mm,18.95466727297753,NA,NA,48.67405671058409,31.407883253819776,Chernozem,UkrAgroTech,норма,2024-05-08
908,F0097,FARM02,2024,Corn,Corn-V1,42.7,ha,2024-05-11,2024-08-30,9.64541536103934,t_ha,17.73070918326266,10,0,0,mm,271.5782670886256,mm,19.13096229103394,NA,NA,49.48942472338444,28.574671022844036,Chernozem,POLE PLUS,посуха,2024-09-12
909,F0045,FARM04,2024,Soy,Soy-V5,65.6,ac,2024-03-14,2024-09-05,NA,t_ha,33.817639887332916,3.1,4,6.613812684796487,in,209.26512194564566,NA,22.452876013005152,0.4729833549587056,0.5777295678155496,48.63255987493694,29.782886407746936,Chernozem,sunfield co,без примітки,2024-06-07
910,F0079,FARM10,2024,Soy,Soy-V2,163,ac,2024-04-19,2024-07-25,NA,t_ha,11.0691018528305,171,6,15.339069120222923,in,6.921657664045017,in,17.81048515252769,0.5615252939984202,0.6500020479550584,48.73916009413311,33.228937569202856,Sandy,AgroService Ltd,посуха,2024-05-05
911,F0140,FARM01,2024,Wheat,Wheat-V4,68.1,ha,2024-05-03,2024-07-27,61.268685793816864,bu_ac,8.299098634161055,32.7,5,109.42148944595829,mm,12.093886707388744,in,19.161694906419143,0.3552230154396966,0.5,48.877923005721996,32.68727189538721,Chernozem,GreenCrop,норма,2024-07-07
912,F0053,FARM03,2024,Sunflower,Sunflower-V2,40.6,ha,2024-03-10,2024-10-04,4.1983244064962495,t_ha,9.441359386779368,160,0,15.234589425014612,in,611.9752018363215,mm,15.914453758625314,0.3813340207794681,0.5,49.336399753715845,32.756670795050916,NA,agroservice ltd,посуха,2024-09-17
913,F0158,FARM02,2024,Corn,Corn-V2,23.8,ha,17.03.2024,14.08.2024,157.02001634795386,bu_ac,23.752378524281085,190,1,60.17084104241803,mm,625.7864419021644,mm,18.140505565097556,0.36279526855796573,0.5,48.561455279117915,30.658290432276207,Loam,UkrAgroTech,норма,2024-06-07
914,F0021,FARM09,2024,Corn,Corn-V5,52.7,ac,2024-04-15,2024-08-13,7.374145211419091,t_ha,17.89746408117935,57,6,0,NA,679.3555625830777,mm,20.370814201654866,0.6283738367725163,0.7675218044780194,48.94283583210548,33.610315172569365,Loam,field master,перевірити,2024-05-24
915,F0092,FARM01,2024,Soy,Soy-V5,81.3,NA,28.03.2024,28.08.2024,38.79972080040009,bu_ac,34.96566034015268,176.1,2,0,mm,277.983666700311,mm,18.386603232007474,0.6149289191467687,0.7266005209181458,33.091440620661714,49.21578340178123,Chernozem,sunfield co,посуха,2024-07-16
916,F0059,FARM09,2024,Soy,Soy-V3,65.6,ha,2024-04-02,2024-08-18,2.1812831840943545,t_ha,29.135752563364804," 107,5 ",4,184.67664164490998,mm,556.7708818241954,NA,14.91598909208551,0.49727014896925537,0.5802206944674253,49.76617471058527,30.517252327460795,NA,Field Master,проблема з дренажем,2024-09-10
917,F0044,FARM02,2024,Soy,Soy-V2," 43,0",ha,2024-04-03,2024-08-16,2.59509133559186,t_ha,22.17825759900734,66.1,0,383.08246675878763,mm,11.913593340111442,in,15.952172871679068,0.8057695366675034,0.9232910747872666,49.43351887770323,29.190381043586882,Chernozem,Field Master,перевірити ,2024-08-11
918,F0043,FARM10,2024,Corn,Corn-V3," 7,1",ha,2024-04-12,2024-08-03,10.715020951582119,t_ha,11.51242827414535,212.9,4,0,mm,534.2105991323479,NA,22.92213953495957,0.3797755489591509,0.5079294625902548,48.81349743588688,28.924607792825906,NA,  UkrAgroTech ,добре,2024-06-09
919,F0017,FARM11,2024,Wheat,Wheat-V3,28.3,ha,07.05.2024,08.09.2024,NA,NA,23.96355865523219,218.7,5,296.03390557458624,mm,9.768455166472343,in,14.853540858486667,NA,NA,49.38711796706217,33.68186379124084,Chernozem,GreenCrop,перевірити ,2024-09-04
920,F0178,FARM04,2024,Soy,Soy-V4,94.9,ha,13.05.2024,29.09.2024,3.3467323697404936,t_ha,17.27106159972027,191.2,0,172.24945093039423,mm,217.30307484976947,mm,21.25247910292819,0.816108578722924,0.9017562053166329,49.10760136450315,29.508594120971395,Chernozem,agroservice ltd,добре ,2024-06-23
921,F0134,FARM09,2024,Wheat,Wheat-V5,147.6,ac,2024-04-09,2024-10-13,49.4309666360359,bu_ac,34.670905199833214,91.7,6,383.4495003335178,mm,654.5788513729349,mm,13.358298656065017,0.3566399873467162,0.5,49.787192783018114,32.46455617097672,Chernozem,Field Master,норма,2024-09-25
922,F0067,FARM04,2024,Corn,Corn-V2,97.1,ha,2024-05-16,2024-10-11,164.7029260868966,bu_ac,34.121938629075885,141.2,5,84.52467571478337,mm,281.36046869913116,mm,20.990501838037744,0.6820466578006744,0.744717028690502,48.67130609447602,30.94805175618129,Chernozem,AgroService Ltd,зрошення застосовано,2024-08-06
923,F0094,FARM04,2024,Sunflower,Sunflower-V1,78.7,ha,2024-04-18,2024-10-07,2.930003578355536,t_ha,18.565608207834885,177.9,4,368.35784160066396,mm,618.6045424081385,mm,13.807362733175978,NA,NA,49.23248761920212,29.0682082680529,Chernozem,field master,проблема з дренажем,2024-06-21
924,F0153,FARM04,2024,Soy,Soy-V2,40.2,ha,2024-05-04,2024-10-13,3.7785891802050173,t_ha,9.40988503023982,216.3,5,5.669904847108708,in,516.24335416127,mm,16.376285347389057,0.7678346314001828,0.8841250717407092,49.09074176510796,33.68834777986352,Clay,agroservice ltd,добре,2024-08-22
925,F0086,FARM10,2024,Wheat,Wheat-V4,189.3,ac,2024-04-14,2024-08-26,6.102835570462048,t_ha,29.41356469434686,148.9,6,388.3000611211173,mm,10.299380461219698,in,12.95841936999932,0.5153937069931999,0.6252625213004648,49.46506709000236,30.871625154437965,Clay,  UkrAgroTech ,посуха,2024-08-02
926,F0139,FARM09,2024,Sunflower,Sunflower-V1,34.1,ha,2024-03-28,2024-08-10,2.344155441527255,t_ha,31.159379738382995,107.4,4,0,mm,639.4701154436916,mm,14.39041486592032,NA,NA,49.24877617804427,29.160470813853202,loamy,UkrAgroTech,зрошення застосовано,2024-05-04
927,F0160,FARM07,2024,Soy,Soy-V3,37.2,ha,03.04.2024,28.07.2024,2.870343387243338,t_ha,18.93694700789638,147.3,5,0,mm,24.452439167419463,in,16.6361293643713,0.7214129261206835,0.8262603230541572,49.85855520456238,31.976748563845177,Chernozem,Field Master,перевірити,2024-05-30
928,F0171,FARM03,2024,Corn,Corn-V4,118.8,ha,2024-04-10,2024-10-08,NA,bu_ac,17.791147832758725,215.3,6,261.87887659762055,mm,20.29208134351973,in,22.187703826930374,0.4430771396961063,0.5193007934605702,49.1256769034192,32.45889498128044,Loam,UkrAgroTech,зрошення застосовано,2024-08-13
929,F0039,FARM12,2024,Corn,Corn-V4,15,NA,2024-05-05,2024-08-31,6.218413362512365,t_ha,34.9502484719269,198.9,3,11.044353845265261,in,227.0042717922479,mm,22.99271099618636,0.5226666640024632,0.6631244952557609,49.59117011536565,31.874453241174578,Chernozem,sunfield co,посуха,2024-09-27
930,F0130,FARM02,2024,Soy,Soy-V3,47.2,ac,2024-04-11,2024-08-14,3.7605760901933536,t_ha,11.435311701381579,194.6,0,0,in,419.93292538682,mm,20.795396254165098,0.4351239904295653,0.5653217296814546,48.77360281185479,32.58427027723333,Clay,Pole Plus,зрошення застосовано,2024-07-08
931,F0039,FARM12,2024,Corn,Corn-V4,37.1,ac,2024-05-05,2024-08-31,99.0193210591141,bu_ac,34.9502484719269,198.9,3,280.52658766973764,mm,227.0042717922479,mm,22.99271099618636,0.3940223122714087,0.5,49.59117011536565,31.874453241174578,Chernozem,sunfield co,посуха,2024-06-28
932,F0039,FARM12,2024,Corn,Corn-V4,15,ha,2024-05-05,2024-08-31,99.0193210591141,bu_ac,34.9502484719269,198.9,3,280.52658766973764,mm,227.0042717922479,mm,22.99271099618636,0.426157794566825,0.5205988716334105,49.59117011536565,31.874453241174578,Chernozem,SunField Co,посуха,2024-05-26
933,F0038,FARM12,2024,Maize,Corn-V2,117.4,NA,2024-04-14,2024-09-20,7.03525630524382,t_ha,30.462836305145174,160.3,2,155.70829702774063,mm,202.8187921619974,mm,19.772323749726638,0.8394039814826101,0.95,48.53040262050182,28.943944481589366,Sandy,UkrAgroTech,без примітки,2024-05-11
934,F0053,FARM03,2024,Sunflower,Sunflower-V2,40.6,ha,2024-03-10,2024-10-04,73.654814149057,bu_ac,48.117118628229946,160,0,15.234589425014612,in,611.9752018363215,mm,15.914453758625314,0.6882027419283986,0.8088658826425671,49.336399753715845,32.756670795050916,NA,AgroService Ltd,посуха,2024-06-22
935,F0171,FARM03,2024,Corn,Corn-V4,118.8,NA,2024-04-10,2024-10-08,NA,t_ha,17.791147832758725,215.3,6,261.87887659762055,mm,515.4188661254011,mm,22.187703826930374,0.378366133919917,0.5155659141484648,49.1256769034192,32.45889498128044,Loam,  UkrAgroTech ,зрошення застосовано,2024-09-17
936,F0031,FARM05,2024,Soy,Soy-V3,109.5,ha,2024-04-03,2024-07-30,33.10999391430278,bu_ac,26.67496727243997,135.5,3,0,mm,667.4061808153056,mm,19.135653902310878,0.5394387217471376,0.6490771817509084,49.35609250772931,33.76655535801966,Chernozem,UkrAgroTech,зрошення застосовано,2024-08-12
937,F0163,FARM10,2024,Wheat,Wheat-V5,25.1,ha,2024-04-10,2024-08-31,NA,bu_ac,34.07951688673347,124.4,2,0,mm,152.8782540000975,mm,13.290560345165431,NA,NA,49.66298577970546,29.82237800655235,Loam,GreenCrop ,добре,2024-05-29
938,F0026,FARM09,2024,Wheat,Wheat-V3,130,ac,2024-04-18,2024-09-23,6.498958412092179,t_ha,8.268493281910196,156.6,2,0,mm,18.091929032866968,in,18.761905073188245,0.4607679612468928,0.5109222814673557,49.091910933538806,30.28095093904296,Chernozem,Field Master,посуха,2024-07-02
939,F0096,FARM09,2024,Corn,Corn-V1,109.3,ha,2024-04-25,2024-08-11,109.01704056123214,bu_ac,12.447058753343299,110.1,6,0,mm,255.2263648249209,mm,14.147910694591701,0.662221493688412,0.7627852440578863,48.50511174380127,31.92066737321392,NA,Field Master,посуха,2024-08-14
940,F0128,FARM09,2024,Wheat,Wheat-V5,135,ac,2024-04-04,2024-09-01,6.533456557197496,t_ha,32.29299695510417," 140,8 ",1,372.56461539072916,mm,209.36940402025357,mm,18.317926909774542,0.44297871752642093,0.5366322994930669,48.75750580350449,29.233339671749157,Chernozem,  UkrAgroTech ,посуха,2024-06-30
941,F0178,FARM04,2024,Soy,Soy-V4,94.9,ha,2024-05-13,2024-09-29,3.3467323697404936,t_ha,17.27106159972027,191.2,0,172.24945093039423,mm,217.30307484976947,mm,21.25247910292819,0.7926570202922448,0.879880505753681,49.10760136450315,29.508594120971395,chernozem,agroservice ltd,добре,2024-09-12
942,F0156,FARM11,2024,Maize,Corn-V5,72.1,ha,2024-04-04,2024-08-14,130.88042286868284,bu_ac,24.276944635203108,130.8,3,3.09100966189262,in,14.145023794478085,in,22.235759356291965,0.7431056323926896,0.7958195858402177,49.31550892784772,30.349800994597377,NA,AgroService Ltd,зрошення застосовано,2024-07-27
943,F0005,FARM11,2024,Sunflower,Sunflower-V1," 83,2",ha,2024-05-09,2024-09-24,72.20260932379844,bu_ac,19.04513090988621,176.2,0,0,in,18.99775354820487,in,14.62618981860578,NA,NA,49.92335815852322,30.392267190224025,Loam,GreenCrop,норма,2024-08-18
944,F0084,FARM08,2024,Soy,Soy-V4,83.5,ac,2024-03-29,2024-10-02,2.389848417136818,NA,33.855568261118606," 32,6 ",5,117.36695780418813,mm,8.080802836334406,in,20.816378625808284,0.742609782051295,0.7967040681047365,49.115645309073386,31.39496738188202,Chernozem,sunfield co,посуха,2024-05-31
945,F0092,FARM01,2024,Soy,Soy-V5," 200,9",ac,2024-03-28,2024-08-28,38.79972080040009,bu_ac,34.96566034015268,176.1,2,0,mm,277.983666700311,mm,18.386603232007474,0.8284200325375423,0.919951273011975,49.21578340178123,33.091440620661714,Chernozem,sunfield co,посуха,2024-06-12
946,F0147,FARM01,2024,Soy,Soy-V2,97,ha,2024-03-14,2024-09-23,1.8107927017845213,t_ha,15.010438249912113,161.9,4,187.22290239529684,mm,232.22202578326687,mm,19.501204959349707,0.8189991993363946,0.895349545427598,49.186465103103316,32.563832794721705,Clay,agroservice ltd,проблема з дренажем,2024-07-18
947,F0032,FARM01,2024,Wheat,Wheat-V2,42.3,NA,2024-05-03,2024-08-14,104.27143439625627,bu_ac,33.50682721869089,66.1,0,5.324145936678479,in,25.439990413976528,in,18.733013882068917,NA,NA,49.57713327798201,32.340360407900064,Loam,field master,добре,2024-06-01
948,F0023,FARM10,2024,Wheat,Wheat-V3," 57,6",ha,2024-04-23,2024-09-02,3.061734013725072,t_ha,17.170026327483356,51.3,3,-46.12821718491614,mm,16.118280746328725,in,14.805122779682279,0.807797797396779,0.9409608228364958,49.21183699728316,29.74882334249979,chernozem,Pole Plus,добре,2024-09-18
949,F0158,FARM02,2024,Corn,Corn-V2,23.8,ha,2024-03-17,2024-08-14,9.860857026651502,NA,23.752378524281085,190,1,60.17084104241803,mm,625.7864419021644,mm,18.140505565097556,0.5,0.3326398772653192,48.561455279117915,30.658290432276207,Loam,  UkrAgroTech ,норма,2024-06-16
950,F0139,FARM09,2024,Sunflower,Sunflower-V1,84.2,ac,2024-03-28,2024-08-10,2.344155441527255,t_ha,31.159379738382995," 107,4 ",4,0,mm,639.4701154436916,mm,14.39041486592032,NA,NA,49.24877617804427,29.160470813853202,loamy,UkrAgroTech,зрошення застосовано,2024-08-06
951,F0097,FARM02,2024,Corn,Corn-V1,42.7,ha,2024-05-11,2024-08-30,9.64541536103934,t_ha,17.73070918326266,10,0,0,mm,271.5782670886256,mm,19.13096229103394,0.5249787488952279,0.651877446915023,49.48942472338444,28.574671022844036,Chernozem,Pole Plus,посуха,2024-08-30
952,F0131,FARM09,2024,Corn,Corn-V4,10.8,ha,2024-04-25,2024-08-17,9.480443362612277,t_ha,12.542420317418873," 132,9 ",2,233.54354484472424,mm,580.5571991484612,mm,19.730936092091724,NA,NA,49.37046749598859,29.62757496253727,Loam,Field Master,без примітки,2024-06-17
953,F0129,FARM02,2024,Sunflower,Sunflower-V5,9.8,ha,2024-05-05,2024-09-10,3.6075285420287404,t_ha,21.95108951162547,24.3,6,362.88919892394915,mm,216.50692605180666,mm,20.830986829241738,0.5299402453470975,0.6715617748210206,49.636939675061036,28.520252504077742,NA,sunfield co,посуха,2024-05-23
954,F0113,FARM03,2024,Corn,Corn-V4,203.3,ac,2024-03-24,2024-09-19,NA,t_ha,26.015472364611924,94.3,3,78.30122853629291,mm,21.06274393667636,in,20.876404938055202,0.48899023295380173,0.6273130265297369,48.954723811713045,28.707863647216932,Loam,UkrAgroTech,без примітки,2024-05-12
955,F0086,FARM10,2024,Wheat,Wheat-V4,76.6,ha,2024-04-14,2024-08-26,90.68106345411661,bu_ac,29.41356469434686,148.9,6,388.3000611211173,mm,261.60426371498033,mm,12.95841936999932,0.6190210425062105,0.697181049385108,49.46506709000236,30.871625154437965,Clay,UkrAgroTech,посуха,2024-06-04
956,F0121,FARM11,2024,Corn,Corn-V5,57.5,ha,2024-05-06,2024-08-14,96.29939538930917,bu_ac,19.37474780413322,216.3,4,0,mm,512.8700844827108,mm,20.40337445726618,0.5532249291660264,0.6402729602297768,48.62279555547237,33.540336509191434,Loam,AgroService Ltd,посуха,2024-07-03
957,F0180,FARM08,2024,Wheat,Wheat-V3,25,ha,07.05.2024,16.08.2024,50.14667158426072,bu_ac,30.018077263608575,190,5,286.59209376201034,mm,171.45894406130537,mm,12.293255709810182,0.6064227530965581,0.6690581453032791,48.80569585595978,30.47084330999898,Loam,Pole Plus,добре,2024-08-18
958,F0032,FARM01,2024,Wheat,Wheat-V2,104.6,ac,2024-05-03,2024-08-14,7.017467534868047,NA,33.50682721869089,66.1,0,135.23330679163337,mm,646.1757565150037,mm,18.733013882068917,0.6394546019379049,0.7196932145860045,49.57713327798201,32.340360407900064,NA,Field Master,добре,2024-06-24
959,F0164,FARM03,2024,Maize,Corn-V4,85.1,ha,2024-04-30,2024-10-11,NA,bu_ac,33.77032370865345,215.2,0,73.30882124369964,mm,592.9097151616588,mm,15.549476432148367,0.3557901801774278,0.5,49.914415598589464,30.158200040886644,Clay,  UkrAgroTech ,зрошення застосовано,2024-08-17
960,F0111,FARM11,2024,Corn,Corn-V4,158.5,ac,2024-03-21,2024-08-14,8.063955106539652,t_ha,21.43571813055314,194,6,266.05504255276173,mm,340.4401483130641,mm,16.69074723124504,NA,NA,49.45520813353639,31.921285093258604,Loam,sunfield co,норма,2024-05-17
961,F0117,FARM10,2024,Wheat,Wheat-V2,77.8,ha,2024-04-13,2024-07-25,7.688482908532023,t_ha,22.67579868552275,107.8,5,0,mm,654.7593226656318,mm,22.50023498479277,0.8032342555467039,0.9092300280928611,48.51653294270579,31.982219828517643,Loam,Field Master,норма,2024-05-02
962,F0152,FARM03,2024,Wheat,Wheat-V3,63.9,ac,2024-05-16,2024-09-18,5.5008091679774225,t_ha,22.96561143663712,24.2,6,394.4960172404535,mm,581.9952062913217,mm,22.873982571763918,0.3972313545178622,0.5011470155557617,49.91272284011962,31.751929140125405,Clay,agroservice ltd,зрошення застосовано,2024-06-26
963,F0148,FARM11,2024,Wheat,Wheat-V5," 80,2",ha,2024-04-04,2024-07-25,7.482028145575896,t_ha,14.90191361727193,187.3,4 apps,87.48800673056394,mm,25.19859218287949,in,16.551106797298416,NA,NA,49.724740576219745,28.782116849329324,Chernozem,  UkrAgroTech ,норма,2024-09-05
964,F0035,FARM04,2024,wheat,Wheat-V5,27,ha,08.05.2024,06.08.2024,7.644562444882467,t_ha,27.39398499787785,11.3,5,0,mm,189.1412785393186,mm,15.657513679238036,0.4854532076511532,0.59045715930406,49.715923784371,31.13657863499597,Chernozem,field master,посуха,2024-09-24
965,F0032,FARM01,2024,wheat,Wheat-V2,42.3,ha,2024-05-03,2024-08-14,104.27143439625627,bu_ac,33.50682721869089,66.1,0,135.23330679163337,mm,646.1757565150037,mm,18.733013882068917,0.7481890301220119,0.8387736758915707,49.57713327798201,32.340360407900064,Loam,Field Master,добре,2024-07-02
966,F0173,FARM09,2024,WHEAT ,Wheat-V5,95,NA,2024-04-01,2024-08-09,5.262129568262026,t_ha,15.439239660743624,6.1,6,0,mm,491.482155630365,mm,13.824114047456533,NA,NA,49.695780777306766,32.89553318708949,Chernozem,AgroService Ltd,перевірити,2024-08-25
967,F0158,FARM02,2024,Corn,Corn-V2,23.8,ha,2024-03-17,2024-08-14,157.02001634795386,bu_ac,23.752378524281085," 190,0 ",1,2.3689307497014975,in,625.7864419021644,mm,18.140505565097556,0.8193695992464199,0.9141948550939559,48.561455279117915,30.658290432276207,Loam,  UkrAgroTech ,норма ,2024-09-29
968,F0136,FARM11,2024,Sunflower,Sunflower-V2,44.3,ac,2024-04-01,2024-09-23,3.381293688621372,NA,25.45047884900123,142.4,2,0,mm,540.1184814749286,mm,18.960239252075553,0.5765806342475116,0.6715697401203214,48.63458840176416,33.68670769157354,Chernozem,UkrAgroTech,без примітки,2024-05-16
969,F0006,FARM11,2024,Sunflower,Sunflower-V3,8.2,ha,2024-03-30,2024-08-19,2.8886611659312624,t_ha,24.448023564182222," 80,7 ",1,0,mm,25.32729184700499,in,19.931904879398644,NA,NA,48.550681429362854,33.47886777517619,Chernozem,  UkrAgroTech ,перевірити,2024-09-20
970,F0027,FARM11,2024,Wheat,Wheat-V1,13.4,NA,2024-04-11,2024-08-25,71.04003579144049,bu_ac,29.219453471014276,92.5,2,0,mm,9.620543273704817,in,16.26963267661631,NA,NA,49.28818153585587,28.92035883822758,NA,AgroService Ltd,без примітки,2024-05-19
971,F0082,FARM10,2024,WHEAT ,Wheat-V4," 19,2",ha,2024-03-29,2024-07-29,6.10893265530467,NA,32.46651548938826,12.3,4,50.7750705932267,mm,18.409271356026373,in,14.567363708978519,0.5986079175723716,0.7017654231283813,49.167345152378545,31.0308623474706,Chernozem,UkrAgroTech,без примітки,2024-05-14
972,F0071,FARM08,2024,Soy,Soy-V4,85.4,ha,2024-03-31,2024-08-22,1.6600233017234132,t_ha,17.47556423721835,84.3,5,194.37614098424092,mm,8.919859541521415,in,14.330625753384084,0.5700030033709481,0.6206315177725628,49.031143221907314,31.1860824765414,NA,GreenCrop,добре,2024-07-09
973,F0163,FARM10,2024,wheat,Wheat-V5,62.1,ac,10.04.2024,31.08.2024,NA,NA,34.07951688673347,124.4,2,0,mm,152.8782540000975,mm,13.290560345165431,0.778409224608913,0.8421460234560072,49.66298577970546,29.82237800655235,Loam,GreenCrop,добре,2024-09-05
974,F0012,FARM08,2024,Wheat,Wheat-V1,59.7,ha,29.03.2024,08.08.2024,56.19418194287776,bu_ac,15.898796650581062,61.5,3,0,mm,7.874246540948691,in,19.253235162701458,0.7194638732122257,0.8201977190328762,49.69919395426847,33.494804591340014,NA,agroservice ltd,без примітки,2024-07-06
975,F0043,FARM10,2024,Corn,Corn-V3,17.6,ac,2024-04-12,2024-08-03,170.62135273219937,bu_ac,11.51242827414535,212.9,4,0,NA,534.2105991323479,NA,22.92213953495957,0.7840017735958099,0.8939403550233691,48.81349743588688,28.924607792825906,NA,UkrAgroTech,добре,2024-05-05
976,F0053,FARM03,2024,Sunflower,Sunflower-V2,40.6,ha,2024-03-10,2024-10-04,4.1983244064962495,t_ha,9.441359386779368,160,0,15.234589425014612,in,24.093511883319746,in,15.914453758625314,NA,NA,49.336399753715845,32.756670795050916,chernozem,AgroService Ltd,посуха,2024-08-15
977,F0151,FARM11,2024,Corn,Corn-V2,70.7,ha,13.03.2024,28.07.2024,6.234272473026067,t_ha,19.714003268862143,42.3,4,183.3354412112385,mm,489.8867229465395,mm,20.457409860100597,0.7585344112245366,0.8955176174174995,49.43271184646711,32.97038999099192,chernozem,AgroService Ltd,проблема з дренажем,2024-05-20
978,F0051,FARM12,2024,Maize,Corn-V3,84.4,ha,2024-04-09,2024-09-25,115.7914151869133,bu_ac,23.58738955296576,48.5,6,61.23316171579063,mm,283.2469788379967,mm,21.54012934677303,0.36091406715568153,0.5,48.692686037635426,32.44254565196391,Loam,  UkrAgroTech ,добре,2024-06-14
979,F0064,FARM03,2024,Wheat,Wheat-V3,57.9,NA,2024-05-02,2024-08-24,3.405883757630363,NA,24.34519357350655,206,2,348.50384613964707,mm,18.473438991923032,in,17.54613612871617,0.456680249562487,0.5790726684965193,48.83223545020539,32.1746045597787,Chernozem,SunField Co,перевірити,2024-06-20
980,F0088,FARM07,2024,Soy,Soy-V2,26.6,ha,2024-04-12,2024-08-31,1.7248178847366944,t_ha,8.521769009064883,180.7,0,0,NA,391.4415149600245,mm,13.934012849349529,0.48226942368783055,0.5504996547708287,49.17844793230435,28.758923526777423,Clay,  UkrAgroTech ,норма,2024-05-23
981,F0011,FARM09,2024,soya,Soy-V2,29.8,ac,2024-03-21,2024-09-10,1.7823932317551225,t_ha,15.288367704488337,168.7,6,0,in,556.8665997125208,mm,19.363613890949637,0.6572953706141561,0.7392610479611903,49.25161404642835,32.07060271275882,Sandy,AgroService Ltd,проблема з дренажем,2024-08-20
982,F0168,FARM08,2024,soya,Soy-V5,72.3,ha,31.03.2024,15.09.2024,44.72467221318292,bu_ac,27.445725149242207,192.8,4,0,in,579.0149890701286,mm,17.33591666794382,0.7766913479659706,0.8953340698266402,49.13223352007242,33.89931096423045,Chernozem,field master,норма,2024-05-16
983,F0177,FARM03,2024,Corn,Corn-V1,110.9,NA,07.04.2024,03.10.2024,128.63359855974366,bu_ac,28.964811307145283,66.4,0,264.2593931988813,mm,403.17249627551064,mm,22.795573237119243,0.46072309256996957,0.5630356585141271,48.66231949161179,30.205634789424018,Loam,AgroService Ltd,посуха,2024-06-27
984,F0070,FARM09,2024,Corn,Corn-V3," 73,6",ha,2024-03-12,2024-09-29,8.051687113009393,t_ha,13.175150722963735,166.7,5,286.4213622175157,mm,189.69100894173607,mm,18.662272981135175,0.6015252406010404,0.7216267908224836,49.69602859024704,31.125947516278366,Loam,UkrAgroTech,без примітки,2024-08-02
985,F0055,FARM06,2024,Maize,Corn-V5,42.2,NA,2024-03-16,2024-09-27,186.27058693495505,bu_ac,18.35420406004414,207.4,2,142.89930392988026,mm,369.53695686534047,mm,16.935861185891554,0.8057951368624344,0.8891944128321484,48.971339052139314,31.83588249845617,Chernozem,POLE PLUS,проблема з дренажем ,2024-09-10
986,F0034,FARM08,2024,Corn,Corn-V5," 68,7",ha,2024-05-04,2024-08-09,10.725200979970396,t_ha,33.02079915814102,195.2,0,347.7899692952633,mm,282.7533442527056,mm,16.33513083262369,NA,NA,48.962404261286835,32.477248424302786,Loam,  UkrAgroTech ,норма,2024-08-20
987,F0120,FARM11,2024,WHEAT ,Wheat-V1,22.3,ha,2024-05-04,2024-08-25,116.22980644547258,bu_ac,20.218908810755238,217.1,4,189.6205203142017,NA,11.54344526576025,in,17.087858494138345,0.41699753226712344,0.556882562302053,49.351761254160664,33.340001792449044,Chernozem,UkrAgroTech,добре,2024-08-05
988,F0073,FARM12,2024,Sunflower,Sunflower-V4,74.5,NA,2024-05-03,2024-08-21,2.0788094953168184,t_ha,22.164079687325284,215.4,2,0,mm,282.6434444519691,mm,18.583269954426214,NA,NA,49.987148067534434,32.84651456982037,Chernozem,sunfield co,зрошення застосовано,2024-05-24
989,F0006,FARM11,2024,Sunflower,Sunflower-V3," 8,2",ha,2024-03-30,2024-08-19,50.67826606896951,bu_ac,24.448023564182222,80.7,1,0,mm,643.3132129139267,mm,19.931904879398644,NA,NA,48.550681429362854,33.47886777517619,NA,UkrAgroTech,перевірити,2024-08-29
990,F0029,FARM10,2024,Sunflower,Sunflower-V4,128.7,ac,2024-05-19,2024-08-22,72.08043330250993,bu_ac,30.790966553613544," 163,3 ",2,0,mm,363.9988965704106,NA,16.463625044329092,0.4305618579033762,0.5243314908351748,48.92368549982598,33.29896603370318,Chernozem,UkrAgroTech,проблема з дренажем,2024-06-08
991,F0091,FARM06,2024,Corn,Corn-V5,101.4,ac,2024-04-05,2024-08-04,100.5994922712825,bu_ac,29.548939532134682,100.3,6,0,mm,301.5047265449539,mm,15.749498694902286,0.8013520733453333,0.8684572670143097,49.71939282721793,33.7553081309069,Chernozem,GreenCrop,посуха,2024-05-25
992,F0172,FARM07,2024,Soy,Soy-V2,170.3,ac,2024-03-19,2024-08-31,45.58530407452632,bu_ac,24.415084859821945,212.5,3,372.6175685529597,mm,384.37806216534227,mm,12.69675330631435,0.7375924639869481,0.8515899423277006,49.835118879934306,29.703766385059804,Clay,AgroService Ltd,перевірити,2024-07-21
993,F0087,FARM10,2024,wheat,Wheat-V2," 100,7",ha,2024-04-09,2024-08-24,97.166536573769,bu_ac,13.952209253329784," 42,8 ",4,3.8295167193044066,in,472.65386392828077,mm,19.736648411257192,-0.13548075324390083,0.7603094583144412,49.616789512768854,28.80246420747787,Sandy,GreenCrop ,без примітки,2024-09-03
994,F0090,FARM09,2024,Wheat,Wheat-V5,83.1,NA,2024-04-28,2024-08-15,6.453804947203025,t_ha,17.972606759751216,202.5,5,168.5956076020375,mm,562.6235888223164,mm,21.238950131926686,0.5470675355987623,0.6263748790603131,48.73096422260627,29.940448035718408,Sandy,AgroService Ltd,зрошення застосовано,2024-09-05
995,F0079,FARM10,2024,Soy,Soy-V2,66,NA,2024-04-19,2024-07-25,NA,t_ha,11.0691018528305,171,6,389.61235565366223,mm,175.81010466674343,mm,17.81048515252769,-0.03647299559786915,0.7213980203494429,48.73916009413311,33.228937569202856,Sandy,agroservice ltd,посуха,2024-09-27
996,F0065,FARM09,2024,Corn,Corn-V3,30.5,ha,2024-03-30,2024-09-29,90.86001895376998,bu_ac,34.77548874542117,99.8,6,0,mm,481.85180550208315,mm,18.06953860539943,0.8201618078397587,0.9469292182940989,32.84471268676734,49.889454685844484,loamy,GreenCrop ,перевірити,2024-09-20
997,F0122,FARM02,2024,Soy,Soy-V5," 108,1",ha,2024-04-23,2024-10-06,NA,bu_ac,16.593411370180547,153.1,3,265.24747451767325,mm,195.63122602412477,mm,21.991829907055944,0.457088427641429,0.5942020261660218,48.79575587364379,29.908865246605128,Sandy,GreenCrop,добре,2024-09-19
998,F0165,FARM02,2024,Wheat,Wheat-V1,10.9,ha,2024-04-05,2024-08-07,5.765860571525991,t_ha,15.70379905984737,86.7,2,263.34470976144075,mm,332.7344842487946,mm,15.95848182309419,0.5545715997228399,0.6360519984271377,49.17852524817828,33.677258818270175,Loam,field master,проблема з дренажем,2024-05-07
999,F0008,FARM11,2024,Corn,Corn-V4,34.5,ha,2024-03-26,2024-10-07,178.55556305070783,bu_ac,19.426203463226557,65.2,3,0,in,337.0803668629378,mm,15.070234607439488,0.39470621549990026,0.5,49.568975106118245,31.202223038999833,Clay,UkrAgroTech,проблема з дренажем,2024-09-06
1000,F0014,FARM01,2024,Sunflower,Sunflower-V5,100.3,ha,07.05.2024,31.08.2024,2.067710507288575,t_ha,33.71312448033132,134.9,0,320.32549518626183,mm,501.0063139721751,mm,14.761905671097338,0.40025335832033304,0.5,49.2867364769727,29.94537253516866,Chernozem,GreenCrop,норма,2024-07-30
1001,F0121,FARM11,2024,Corn,Corn-V5,57.5,ha,2024-05-06,2024-08-14,6.0476020304486156,NA,19.37474780413322,216.3,4,0,mm,512.8700844827108,mm,20.40337445726618,0.4589916261844337,0.5109903762349859,48.62279555547237,33.540336509191434,Loam,agroservice ltd,посуха,2024-09-16
1002,F0130,FARM02,2024,Soy,Soy-V3,19.1,ha,2024-04-11,2024-08-14,55.877802231699164,bu_ac,11.435311701381579,194.6,0,0,mm,419.93292538682,mm,20.795396254165098,NA,NA,48.77360281185479,32.58427027723333,Clay,POLE PLUS,зрошення застосовано,2024-06-26
1003,F0100,FARM02,2024,wheat,Wheat-V4,69.6,ac,2024-04-07,2024-08-03,6.526762946275994,t_ha,24.416961741866544,161.5,4,0,mm,400.6871094345115,mm,16.123877361416817,0.7612620833329856,0.8355595742817968,49.06267173125828,30.588034155547156,NA,Field Master,добре,2024-06-15
1004,F0123,FARM08,2024,wheat,Wheat-V3,100.1,ha,06.04.2024,17.08.2024,57.53589068562966,bu_ac,30.95647318707779,14.3,6,356.39447539579123,mm,607.9553066403605,NA,15.641979494132102,0.5345225127181038,0.622608409053646,49.77811908343388,30.24446113924496,Clay,SunField Co,норма,2024-08-13
1005,F0146,FARM05,2024,Wheat,Wheat-V3,83.8,NA,25.04.2024,07.10.2024,7.465281196171418,t_ha,24.580747057218105,61.6,0,342.52868506591767,mm,629.2486561578698,mm,22.852584965527058,0.659708469430916,0.766195412655361,49.09781078606704,29.394144636219835,Chernozem,  UkrAgroTech ,добре,2024-09-11
1006,F0137,FARM10,2024,Soy,Soy-V2,28.9,ha,2024-03-29,2024-08-28,2.121402928372845,t_ha,30.699186260346323,193.8,0,109.95006404118612,mm,22.46767694247872,in,22.94006816041656,0.708003057888709,0.8476428599329665,49.30931271425355,29.305080797411968,Loam,AgroService Ltd,норма,2024-07-05
1007,F0062,FARM09,2024,WHEAT ,Wheat-V1,90.4,ha,2024-03-16,2024-09-26,4.418003676226363,t_ha,25.066392104607075,90.6,3,0,mm,413.5354637634009,mm,16.50783714442514,0.623239879636094,0.7556941800983623,49.80851256471407,31.566230955846144,Chernozem,POLE PLUS,проблема з дренажем,2024-05-21
1008,F0057,FARM05,2024,Soy,Soy-V2," 69,0",ha,2024-03-26,2024-10-14,24.714814388313584,bu_ac,32.87230269191787,91.5,1,330.3481686511077,mm,586.8106604553759,mm,20.688620487460867,0.5347851226339116,0.6651019740384072,48.68904715656815,28.613999391891063,Sandy,Pole Plus,посуха,2024-09-14
1009,F0169,FARM10,2024,Corn,Corn-V5,89.4,ha,15.04.2024,30.09.2024,121.97112967111883,bu_ac,15.85373682784848,143.7,5,0,mm,455.67375008249655,mm,12.820798456668854,0.5444209054345265,0.6491991216316819,48.6472723670844,29.63152911456302,Chernozem,  UkrAgroTech ,перевірити,2024-09-19
1010,F0112,FARM08,2024,wheat,Wheat-V3,111.6,ha,2024-05-02,2024-09-28,5.19323965604417,t_ha,30.761868586065248,73.2,1,140.04889347124845,mm,359.17925545945764,mm,13.28689100407064,0.6694027082063257,0.7909376855706796,49.686820577460345,31.00220091697993,Loam,POLE PLUS,добре,2024-09-25
1011,F0073,FARM12,2024,Sunflower,Sunflower-V4,74.5,NA,03.05.2024,21.08.2024,19.959147218614817,t_ha,22.164079687325284,215.4,2,0,mm,282.6434444519691,mm,18.583269954426214,0.5217411685967818,0.6711972592398524,49.987148067534434,32.84651456982037,Chernozem,SunField Co,зрошення застосовано,2024-09-16
1012,F0087,FARM10,2024,WHEAT ,Wheat-V2,100.7,ha,2024-04-09,2024-08-24,97.166536573769,bu_ac,13.952209253329784,42.8,4,97.26972467033193,mm,18.608419839696094,in,19.736648411257192,0.3782906820066273,0.5,49.616789512768854,28.80246420747787,Sandy,GreenCrop,без примітки,2024-08-07
1013,F0117,FARM10,2024,Wheat,Wheat-V2,77.8,ha,2024-04-13,2024-07-25,114.24194514906425,bu_ac,22.67579868552275,107.8,5,0,mm,25.777926089198104,in,22.50023498479277,0.6946731098229065,0.775092258839868,48.51653294270579,31.982219828517643,Loam,Field Master,норма,2024-07-07
1014,F0108,FARM10,2024,Wheat,Wheat-V5,56.1,ha,2024-05-16,2024-08-29,89.36506822666522,bu_ac,26.784220005385578,170.7,4,217.23426579264924,mm,375.4140221979469,mm,19.0904314131476,NA,NA,49.120600077540615,29.992807520525066,Chernozem,sunfield co,без примітки,2024-07-31
1015,F0125,FARM08,2024,Sunflower,Sunflower-V5,79.6,ha,13.03.2024,15.09.2024,2.351323817577213,t_ha,23.46846050582826," 100,1 ",1,0,mm,27.488698585208244,in,14.377716789254919,0.610163948056288,0.7387705770554021,49.84655638606195,31.991085846658333,Chernozem,Field Master,без примітки,2024-08-22
1016,F0037,FARM09,2024,Wheat,Wheat-V2,20.5,ha,2024-04-26,2024-09-23,NA,bu_ac,16.962209057994187,103.9,6,109.6621275646612,mm,469.98611208982766,mm,18.768763575470075,0.5281620418187231,0.6357357845641672,49.38881930866651,32.95508813529835,Clay,POLE PLUS,норма,2024-07-21
1017,F0114,FARM04,2024,Wheat,Wheat-V5,28.3,NA,2024-05-16,2024-08-16,3.132714224746451,t_ha,18.424006418557838,119.4,1,0,mm,175.6747178384103,mm,19.000138474162668,0.5952832979615778,0.7311176830204204,49.533308472967704,31.22206176491082,Clay,sunfield co,посуха,2024-07-12
1018,F0149,FARM05,2024,Soy,Soy-V5,10.9,ha,2024-05-13,2024-10-01,NA,t_ha,29.975142693379894,185.3,6,0,mm,651.6299025621265,mm,13.660696795443073,NA,NA,32.664559510047084,49.39738446773309,Chernozem,AgroService Ltd,без примітки,2024-08-22
1019,F0006,FARM11,2024,Sunflower,Sunflower-V3," 8,2",ha,2024-03-30,2024-08-19,50.67826606896951,bu_ac,24.448023564182222,80.7,1,0,mm,643.3132129139267,NA,19.931904879398644,0.4009766979375854,0.5444275378482416,48.550681429362854,33.47886777517619,Chernozem,UkrAgroTech,перевірити,2024-08-28
1020,F0057,FARM05,2024,Soy,Soy-V2,69,ha,2024-03-26,2024-10-14,1.6633070083335042,t_ha,32.87230269191787,91.5,1,330.3481686511077,mm,586.8106604553759,mm,20.688620487460867,0.4116741562262177,0.5,48.68904715656815,28.613999391891063,Sandy,POLE PLUS,посуха,2024-07-08
1021,F0125,FARM08,2024,Sunflower,Sunflower-V5,79.6,ha,2024-03-13,2024-09-15,2.351323817577213,NA,23.46846050582826,100.1,1,0,mm,698.2129440642893,NA,14.377716789254919,0.7083902126410976,0.7815689885988831,49.84655638606195,31.991085846658333,Chernozem,Field Master,без примітки,2024-09-04
1022,F0148,FARM11,2024,Wheat,Wheat-V5," 80,2",ha,2024-04-04,2024-07-25,7.482028145575896,t_ha,14.90191361727193," 187,3 ",4,87.48800673056394,mm,640.044241445139,mm,16.551106797298416,0.5623941818717867,0.6250156629830599,49.724740576219745,28.782116849329324,Chernozem,UkrAgroTech,норма,2024-08-12
1023,F0085,FARM01,2024,Corn,Corn-V5,43.1,ha,2024-03-22,2024-09-10,5.885165813146159,t_ha,20.907615615054965,148.5,2,81.63947711000219,NA,153.01108391722664,mm,19.693877591053024,0.7009459339547902,0.808491241862066,49.037773122534155,33.29814495395497,Chernozem,GreenCrop,добре,2024-09-03
1024,F0139,FARM09,2024,Sunflower,Sunflower-V1,34.1,ha,2024-03-28,2024-08-10,2.344155441527255,t_ha,31.159379738382995,107.4,4,0,mm,639.4701154436916,mm,14.39041486592032,0.7057729081949219,0.7780277197714894,49.24877617804427,29.160470813853202,Loam,UkrAgroTech,зрошення застосовано,2024-05-26
1025,F0078,FARM04,2024,Wheat,Wheat-V4,149.5,ac,2024-03-15,2024-09-30,3.7667646219488233,t_ha,9.50673251086846,207.2,4,119.60634811548516,mm,416.9765734812245,mm,20.577170668635517,0.5781694774283096,0.6868391645839438,49.716007533497645,31.84393829084095,Loam,Field Master,проблема з дренажем,2024-06-17
1026,F0135,FARM12,2024,Soy,Soy-V3,233.8,ac,2024-03-20,2024-10-11,2.0301258090185,t_ha,18.322982348734513,53.4,1,7.008661961047287,in,601.0817830334418,mm,13.386080408701673,0.37021056553348897,0.5,48.67350321437791,32.122315931226595,Loam,agroservice ltd,добре,2024-08-20
1027,F0095,FARM07,2024,Sunflower,Sunflower-V4,68.8,ha,2024-04-14,2024-09-11,507.1145564056279,bu_ac,19.77480822848156,34.7,0,162.70057179499418,mm,14.878331164748769,in,22.067487297346815,0.5463997968705371,0.6893841553246602,49.69332296749577,30.564059956158047,NA,field master,зрошення застосовано,2024-05-30
1028,F0028,FARM11,2024,Wheat,Wheat-V4,62.8,ha,2024-05-04,2024-09-28,7.444094479549676,t_ha,0.9268647407880053," 108,1 ",2,0,mm,549.4246130343527,mm,15.948781565064564,0.4227849428076297,0.5,49.552903190766926,30.733149683735334,Chernozem,  UkrAgroTech ,норма,2024-09-28
1029,F0047,FARM08,2024,WHEAT ,Wheat-V2,246.9,ac,2024-05-02,2024-07-29,7.8927314195316285,t_ha,11.249815611867234,67.6,4,0,mm,648.8531290087849,mm,13.743909978074953,0.43797363063786177,0.5,48.61786320869578,30.977074689005036,Chernozem,Field Master,добре ,2024-06-17
1030,F0156,FARM11,2024,Maize,Corn-V5,72.1,ha,04.04.2024,14.08.2024,130.88042286868284,bu_ac,24.276944635203108,130.8,3,78.51164541207254,mm,359.28360437974334,NA,22.235759356291965,0.8520399060100317,0.6602849407447502,49.31550892784772,30.349800994597377,Loam,AgroService Ltd,зрошення застосовано,2024-06-01
1031,F0066,FARM12,2024,Soy,Soy-V5,66.1,ha,2024-03-10,2024-08-01,1.979856226593256,t_ha,31.90986208897084,160.2,5,102.09759729914367,mm,21.015224246377876,in,13.175283188698813,0.6324244973016903,0.7202282239450142,49.48291347293416,30.620346061817838,NA,GreenCrop ,посуха,2024-08-28
1032,F0089,FARM05,2024,Soy,Soy-V5,106.9,NA,2024-04-20,2024-10-08,2.176768392440863,t_ha,29.383761854842305,201.4,4,0,mm,394.36354429926723,mm,22.438791879685596,0.7996751739643514,0.8619210844160988,49.69715944585903,32.28150970572978,Chernozem,SunField Co,зрошення застосовано,2024-08-24
1033,F0125,FARM08,2024,Sunflower,Sunflower-V5," 79,6",ha,2024-03-13,2024-09-15,41.251295045214256,bu_ac,23.46846050582826," 100,1 ",1,0,in,27.488698585208244,in,14.377716789254919,0.6726290673483163,0.7836391072953119,49.84655638606195,31.991085846658333,Chernozem,field master,без примітки,2024-05-28
1034,F0122,FARM02,2024,Soy,Soy-V5,108.1,ha,2024-04-23,2024-10-06,NA,bu_ac,16.593411370180547,153.1,3,265.24747451767325,mm,7.702016772603338,in,21.991829907055944,0.6335620885016396,0.7357004777295515,48.79575587364379,29.908865246605128,Sandy,GreenCrop ,добре,2024-05-26
1035,F0134,FARM09,2024,Wheat,Wheat-V5,147.6,ac,2024-04-09,2024-10-13,3.326704054605216,t_ha,34.670905199833214," 91,7 ",6,15.096437021004638,in,654.5788513729349,mm,13.358298656065017,0.5796039283974096,0.6664377465145662,49.787192783018114,32.46455617097672,Chernozem,Field Master,норма,2024-05-26
1036,F0141,FARM11,2024,Wheat,Wheat-V5,219.5,ac,15.04.2024,09.08.2024,6.451058183563873,t_ha,28.36499449168332,36.1,5,0,NA,390.52997566759586,mm,21.810954986838624,0.687877108133398,0.8220895962091163,49.1347486006557,33.06861239753198,Clay,GreenCrop,перевірити,2024-08-17
1037,F0136,FARM11,2024,Sun-flower,Sunflower-V2," 17,9",ha,2024-09-23,2024-04-01,59.3209419056381,bu_ac,25.45047884900123,142.4,2,0,mm,540.1184814749286,mm,18.960239252075553,0.7231390002649277,0.8616495812311769,48.63458840176416,33.68670769157354,Chernozem,UkrAgroTech,без примітки,2024-08-23
1038,F0030,FARM07,2024,Wheat,Wheat-V3,123.7,ac,25.04.2024,07.08.2024,5.588218572782353,t_ha,32.997949754819274,150.9,3,11.953060955678179,in,470.2351025072858,mm,17.842249265871942,0.4830400537699461,0.5335209429729729,49.66297258011485,33.915239915442186,Chernozem,AgroService Ltd,без примітки,2024-09-26
1039,F0097,FARM02,2024,Corn,Corn-V1,105.5,ac,2024-05-11,2024-08-30,9.64541536103934,t_ha,17.73070918326266,10,0,0,mm,10.692057759394709,in,19.13096229103394,0.43790722617413846,0.5659028400434181,49.48942472338444,28.574671022844036,Chernozem,Pole Plus,посуха,2024-07-31
1040,F0161,FARM03,2024,Wheat,Wheat-V2,107.8,ac,2024-04-24,2024-09-18,7.183228362817317,NA,19.30367785040289," 114,6 ",2,0,in,693.4982943348587,mm,22.691886255517602,0.5658559330273419,0.7028606347739697,48.78854147093929,31.042263055078223,Sandy,GreenCrop,добре,2024-07-06
1041,F0101,FARM07,2024,Sunflower,Sunflower-V2,17,ha,2024-05-16,2024-09-09,3.9986537314485764,NA,29.66828211932443,154.4,6,4.551458043709955,in,614.7301434888504,mm,12.208582530496642,0.7993724385974929,0.8686059965519234,48.70140651554707,28.65725658612838,Loam,SunField Co,зрошення застосовано,2024-07-26
1042,F0116,FARM04,2024,Soy,Soy-V5,107.6,ac,2024-03-26,2024-09-12,NA,t_ha,15.610496307024732,190.6,4,249.96498601976782,mm,566.568944172468,NA,19.374237705254927,0.3956175742438063,0.5347621740307659,49.61296878497536,33.785506481076126,NA,sunfield co,зрошення застосовано,2024-06-01
1043,F0052,FARM04,2024,Wheat,Wheat-V5,106.4,NA,2024-04-15,2024-09-15,4.9587876938749105,t_ha,15.2466960020829,129.8,6,0,mm,175.7571724941954,mm,17.107824750011787,0.7202896423637867,0.8682173523819074,49.35262847162364,31.40098313575378,Loam,field master,перевірити,2024-06-04
1044,F0012,FARM08,2024,Wheat,Wheat-V1,59.7,ha,2024-03-29,2024-08-08,3.7818684447556734,t_ha,15.898796650581062," 61,5 ",3,0,in,200.00586214009672,mm,19.253235162701458,0.8334939043503254,0.9409402092918753,49.69919395426847,33.494804591340014,Clay,AgroService Ltd,без примітки,2024-06-01
1045,F0161,FARM03,2024,wheat,Wheat-V2,43.6,ha,2024-04-24,2024-09-18,106.73444818450695,bu_ac,19.30367785040289,114.6,2,0,in,693.4982943348587,mm,22.691886255517602,0.3984150998527184,0.5,48.78854147093929,31.042263055078223,Sandy,GreenCrop,добре,2024-05-14
1046,F0001,FARM12,2024,Soy,Soy-V2,101.3,ha,2024-03-19,2024-09-12,2.0101221561199054,NA,17.93795979418792,154.9,3,0,mm,23.263835972889996,in,13.458090962609276,0.5085395643487572,0.6269174113636836,49.4540542535414,30.06492411188316,Chernozem,  UkrAgroTech ,перевірити,2024-07-02
1047,F0072,FARM02,2024,Corn,Corn-V1,174,ac,2024-04-20,2024-08-20,121.78274242290456,bu_ac,27.951986566651613,50.5,6,187.96216417104006,mm,293.4435171075165,mm,17.115997955668718,0.38009139175992457,0.5183354564243927,49.868002256372016,29.259328951485458,Loam,  UkrAgroTech ,без примітки,2024-06-17
1048,F0102,FARM03,2024,Sunflower,Sunflower-V5,78.3,ac,2024-04-12,2024-08-05,3.3900716088479386,t_ha,29.590100933797657,193.2,1,5.1852097908056924,in,22.08614961004002,in,17.695493798470125,0.47991787039209155,0.5454521423205733,49.40506355357589,30.06993606412178,Sandy,Pole Plus,зрошення застосовано,2024-08-15
1049,F0057,FARM05,2024,Soy,Soy-V2,69,ha,2024-03-26,2024-10-14,24.714814388313584,bu_ac,32.87230269191787,91.5,1,330.3481686511077,NA,586.8106604553759,mm,20.688620487460867,0.5983674349496141,0.7311728879576549,48.68904715656815,28.613999391891063,Sandy,POLE PLUS,посуха,2024-05-03
1050,F0042,FARM12,2024,Wheat,Wheat-V5,19.6,ha,2024-05-13,2024-08-10,100.04091042302892,bu_ac,27.660729489987716,216.7,6,0,mm,494.1328864078969,mm,17.910219861660153,1.0557090653595516,0.5918853143230081,48.85987726973416,31.057511995159093,loamy,Pole Plus,норма,2024-08-20
1051,F0170,FARM06,2024,Corn,Corn-V3,66.6,ac,2024-03-14,2024-07-28,9.820581229869276,t_ha,8.1330595088657,183.1,5,0,mm,14.056571169415358,in,12.848672702210024,0.4599757170304656,0.5787174361059442,49.51627001135936,30.202405713270885,Sandy,Pole Plus,посуха,2024-09-05
1052,F0054,FARM12,2024,WHEAT ,Wheat-V1,99.5,ha,2024-03-31,2024-09-12,NA,t_ha,11.279644238296896,202.8,4,10.945664232919418,in,663.8334121322259,mm,15.356105137616396,0.4106480273418128,0.5402513026027009,49.56398012921121,33.36538589074836,Loam,Pole Plus,норма,2024-09-18
1053,F0083,FARM07,2024,Corn,Corn-V1,119.5,ha,2024-05-20,2024-07-27,96.64868280457654,bu_ac,20.176201664609835,205.8,2,323.91201201826334,mm,23.748379165864016,in,18.38617093511857,0.5779782944824546,0.6687459647189825,49.92360987884924,30.777254025735893,Sandy,sunfield co,без примітки,2024-06-24
1054,F0051,FARM12,2024,Corn,Corn-V3,84.4,ha,2024-04-09,2024-09-25,7.271700873738155,t_ha,23.58738955296576,48.5,6,2.4107543982594737,in,283.2469788379967,mm,21.54012934677303,0.7998695150250569,0.9226818932918831,48.692686037635426,32.44254565196391,Loam,UkrAgroTech,добре,2024-06-09
1055,F0065,FARM09,2024,Corn,Corn-V3,30.5,ha,2024-03-30,2024-09-29,90.86001895376998,bu_ac,34.77548874542117,99.8,6,0,mm,481.85180550208315,mm,18.06953860539943,0.40023006978444753,0.5451414598152041,49.889454685844484,32.84471268676734,Loam,GreenCrop,перевірити,2024-07-03
1056,F0136,FARM11,2024,Sun-flower,Sunflower-V2,17.9,ha,2024-04-01,2024-09-23,3.381293688621372,t_ha,25.45047884900123,142.4,2,0,mm,540.1184814749286,mm,18.960239252075553,0.4125035699922591,0.5,48.63458840176416,33.68670769157354,chernozem,UkrAgroTech,без примітки,2024-09-20
1057,F0112,FARM08,2024,Wheat,Wheat-V3,275.8,ac,2024-05-02,2024-09-28,77.16552237807088,bu_ac,30.761868586065248,73.2,1 apps,140.04889347124845,mm,359.17925545945764,mm,13.28689100407064,NA,NA,49.686820577460345,31.00220091697993,Loam,Pole Plus,добре,2024-05-14
1058,F0054,FARM12,2024,wheat,Wheat-V1,99.5,ha,2024-03-31,2024-09-12,NA,t_ha,11.279644238296896,202.8,4,10.945664232919418,in,663.8334121322259,mm,15.356105137616396,0.5584723700536415,0.6105776596348732,49.56398012921121,33.36538589074836,Loam,Pole Plus,норма,2024-09-01
1059,F0026,FARM09,2024,Wheat,Wheat-V3,130,ac,2024-04-18,2024-09-23,96.56698977848706,bu_ac,8.268493281910196,156.6,2,0,mm,18.091929032866968,in,18.761905073188245,0.616306112287566,0.760454245028086,49.091910933538806,30.28095093904296,Chernozem,Field Master,посуха,2024-06-03
1060,F0092,FARM01,2024,Soy,Soy-V5,200.9,ac,2024-03-28,2024-08-28,2.611221209866926,t_ha,34.96566034015268,176.1,2,0,mm,277.983666700311,mm,18.386603232007474,0.5306321105919778,0.32620632595848287,49.21578340178123,33.091440620661714,Chernozem,SunField Co,посуха,2024-06-26
1061,F0007,FARM02,2024,Corn,Corn-V3,137.9,ac,2024-05-10,2024-10-12,9.336246751481667,t_ha,23.95917408587411,70.1,5,177.66979649895802,mm,588.0648773279972,mm,15.72732785064727,0.6619026737986132,0.7842619134346023,49.740570404905824,28.654298932748848,Sandy,Field Master,зрошення застосовано,2024-07-07
1062,F0048,FARM10,2024,Wheat,Wheat-V1,7.1,ha,2024-04-22,2024-07-28,91.999503074665,bu_ac,26.46387166250497,4.1,0,384.81228700838983,mm,180.19466057885438,mm,16.956649717874825,NA,NA,49.01796225197799,28.747218930426985,Chernozem,GreenCrop ,без примітки,2024-06-11
1063,F0042-ALT,FARM12,2024,WHEAT ,Wheat-V5,48.6,ac,2024-05-13,2024-08-10,6.732753271469846,t_ha,27.660729489987716,216.7,6,0,mm,494.1328864078969,mm,17.910219861660153,0.826705307373777,0.8965128983603791,48.85983918812284,31.057683962076116,Loam,POLE PLUS,норма,2024-08-05
1064,F0007,FARM02,2024,Corn,Corn-V3,55.8,ha,2024-05-10,2024-10-12,148.66634954588642,bu_ac,23.95917408587411,70.1,5,177.66979649895802,mm,588.0648773279972,mm,15.72732785064727,0.44431009902618823,0.5488828701432794,49.740570404905824,28.654298932748848,Sandy,Field Master,зрошення застосовано,2024-07-21
1065,F0082,FARM10,2024,WHEAT ,Wheat-V4,19.2,ha,2024-03-29,2024-07-29,6.10893265530467,t_ha,32.46651548938826,12.3,4,50.7750705932267,NA,467.5954924430698,mm,14.567363708978519,0.4878448902396485,0.6366150732152164,49.167345152378545,31.0308623474706,Chernozem,  UkrAgroTech ,без примітки,2024-09-03
1066,F0038,FARM12,2024,Corn,Corn-V2,290,ac,2024-04-14,2024-09-20,7.03525630524382,NA,30.462836305145174,160.3,2,155.70829702774063,mm,202.8187921619974,mm,19.772323749726638,NA,NA,48.53040262050182,28.943944481589366,Sandy,UkrAgroTech,без примітки,2024-05-16
1067,F0128,FARM09,2024,wheat,Wheat-V5,135,ac,2024-04-04,2024-09-01,6.533456557197496,t_ha,32.29299695510417,140.8,1,372.56461539072916,mm,209.36940402025357,mm,18.317926909774542,0.8264932426624,0.9015854960074648,48.75750580350449,29.233339671749157,Chernozem,UkrAgroTech,посуха ,2024-05-24
1068,F0054,FARM12,2024,Wheat,Wheat-V1,245.9,ac,2024-03-31,2024-09-12,NA,bu_ac,11.279644238296896,202.8,4,278.0198715161532,mm,26.135173705993147,in,15.356105137616396,0.5646688479697332,0.7023488372797146,49.56398012921121,33.36538589074836,Loam,POLE PLUS,норма,2024-09-15
1069,F0126,FARM09,2024,wheat,Wheat-V5,6.6,ha,2024-05-16,2024-09-12,96.43702020171204,bu_ac,34.60148771526292," 107,3 ",1,226.57641526311636,mm,12.987277053450565,in,22.9114323889371,0.3557790880091488,0.5,48.60969832455506,31.912795842677824,Loam,Field Master,посуха,2024-06-28
1070,F0172,FARM07,2024,Soy,Soy-V2,68.9,ha,2024-03-19,2024-08-31,45.58530407452632,bu_ac,24.415084859821945,212.5,3,372.6175685529597,mm,384.37806216534227,mm,12.69675330631435,1.0791202279063874,0.5662256610579789,49.835118879934306,29.703766385059804,Clay,AgroService Ltd,перевірити,2024-07-17
1071,F0175,FARM06,2024,Wheat,Wheat-V2," 12,7",ha,2024-05-04,2024-10-10,115.26082619543106,bu_ac,28.24534971592948,77.6,3,0,mm,15.455459952207766,in,18.48305880976841,0.44544104803353546,0.5509787871036678,49.68776870567584,32.85975864349492,Clay,AgroService Ltd,без примітки,2024-06-20
1072,F0152,FARM03,2024,wheat,Wheat-V3,25.8,ha,2024-05-16,2024-09-18,81.73564885553377,bu_ac,22.96561143663712,24.2,6,394.4960172404535,NA,22.913197098083533,in,22.873982571763918,0.7175077059306204,0.8163480809889734,49.91272284011962,31.751929140125405,Clay,agroservice ltd,зрошення застосовано,2024-07-03
1073,F0115,FARM06,2024,wheat,Wheat-V2," 84,6",ha,2024-05-11,2024-09-26,3.1285439368803054,t_ha,34.41846174537204,180.4,2,393.06053766049445,NA,183.60017689410597,mm,21.49193315464072,0.7153308086795732,0.7793610597029328,49.75043270652369,29.703541767967867,Loam,AgroService Ltd,без примітки,2024-05-01
1074,F0156,FARM11,2024,Corn,Corn-V5," 72,1",ha,2024-04-04,2024-08-14,8.219290556153283,t_ha,24.276944635203108,130.8,3,78.51164541207254,mm,359.28360437974334,mm,22.235759356291965,0.6750975698465481,0.7868147708941251,49.31550892784772,30.349800994597377,Loam,agroservice ltd,зрошення застосовано,2024-08-11
1075,F0121,FARM11,2024,Corn,Corn-V5,57.5,ha,06.05.2024,14.08.2024,6.0476020304486156,t_ha,19.37474780413322,216.3,4,0,mm,20.191735609555543,in,20.40337445726618,0.8202609417727217,0.8821777284145355,48.62279555547237,33.540336509191434,Loam,AgroService Ltd,посуха,2024-07-17
1076,F0151,FARM11,2024,Corn,Corn-V2,70.7,ha,2024-03-13,2024-07-28,6.234272473026067,t_ha,19.714003268862143," 42,3 ",4,183.3354412112385,mm,489.8867229465395,mm,20.457409860100597,0.7555452819447964,0.844459716277197,49.43271184646711,32.97038999099192,Chernozem,agroservice ltd,проблема з дренажем,2024-08-15
1077,F0037,FARM09,2024,Wheat,Wheat-V2,20.5,NA,2024-04-26,2024-09-23,NA,t_ha,16.962209057994187," 103,9 ",6,109.6621275646612,mm,469.98611208982766,mm,18.768763575470075,0.567167277354747,0.6266727868467569,49.38881930866651,32.95508813529835,Clay,Pole Plus,норма,2024-05-13
1078,F0103,FARM04,2024,Corn,Corn-V1," 111,3",ha,01.05.2024,28.08.2024,5.178210637765005,t_ha,24.153885109815747,8.9,3,3.6568897377560283,in,535.5808192514814,mm,18.506399986101314,0.5498433868866414,0.6923245249548926,49.557062817221045,28.921630821413828,Chernozem,Field Master,перевірити,2024-07-14
1079,F0048,FARM10,2024,wheat,Wheat-V1,7.1,ha,2024-04-22,2024-07-28,91.999503074665,bu_ac,26.46387166250497,4.1,0,384.81228700838983,mm,180.19466057885438,mm,16.956649717874825,0.39864958289545027,0.5,49.01796225197799,28.747218930426985,chernozem,GreenCrop,без примітки,2024-08-01
1080,F0047,FARM08,2024,wheat,Wheat-V2," 99,9",ha,2024-05-02,2024-07-29,7.8927314195316285,t_ha,11.249815611867234,67.6,4,0,in,648.8531290087849,mm,13.743909978074953,0.44126686968374995,0.5027321034343913,48.61786320869578,30.977074689005036,Chernozem,Field Master,добре,2024-06-11
1081,F0094,FARM04,2024,Sunflower,Sunflower-V1,78.7,ha,2024-04-18,2024-10-07,2.930003578355536,t_ha,18.565608207834885,177.9,4,368.35784160066396,mm,24.3545095436275,in,13.807362733175978,0.8352198966545984,0.95,49.23248761920212,29.0682082680529,Chernozem,field master,проблема з дренажем,2024-07-21
1082,F0033,FARM08,2024,Sun-flower,Sunflower-V5,15.3,ha,2024-05-08,2024-08-04,3.725355938030407,t_ha,20.60274729784578,109.3,4,0,mm,286.51455589570105,mm,17.779656806960702,0.5417178151197731,0.6178344225278124,49.8927680000295,33.46568400714826,Chernozem,SunField Co,без примітки,2024-05-25
1083,F0174,FARM04,2024,Corn,Corn-V1,6.5,ha,2024-03-18,2024-10-07,10.633934138342738,t_ha,33.40831537498161,218.8,2,186.893791181501,mm,11.12007130786234,in,16.436864268500358,0.7455378739628941,0.8244953851215541,49.6052515952331,32.44228378771851,Sandy,field master,норма ,2024-08-15
1084,F0096,FARM09,2024,Corn,Corn-V1,109.3,ha,25.04.2024,11.08.2024,109.01704056123214,bu_ac,12.447058753343299,110.1,6,0,mm,10.048282079721295,in,14.147910694591701,0.8137993244687095,0.8811797221889719,48.50511174380127,31.92066737321392,Sandy,Field Master,посуха,2024-06-02
1085,F0141,FARM11,2024,Wheat,Wheat-V5,88.8,ha,2024-04-15,2024-08-09,95.85524789842307,bu_ac,28.36499449168332,36.1,5,0,mm,15.375195892425035,in,21.810954986838624,0.8139634811319411,0.911769463517703,49.1347486006557,33.06861239753198,Clay,GreenCrop,перевірити,2024-05-27
1086,F0004,FARM04,2024,Soy,Soy-V3,89.3,ha,2024-05-14,2024-09-24,3.6313035796629265,NA,24.181020002113655,167.7,5,70.20687271142378,mm,10.825325776162874,in,13.058448714902624,0.790402936656028,0.9054141293279826,49.49969187557697,33.00418895693403,NA,Field Master,добре,2024-05-22
1087,F0088,FARM07,2024,Soy,Soy-V2,26.6,ha,2024-04-12,2024-08-31,1.7248178847366944,NA,8.521769009064883,180.7,0,0,mm,391.4415149600245,mm,13.934012849349529,0.4542574745370075,0.5344509721267968,49.17844793230435,28.758923526777423,Clay,  UkrAgroTech ,норма,2024-09-09
1088,F0045,FARM04,2024,Soy,Soy-V5," 26,5",ha,14.03.2024,05.09.2024,NA,t_ha,33.817639887332916,3.1,4,6.613812684796487,in,8.238784328568727,in,22.452876013005152,0.40002106365282086,0.5269233091734349,48.63255987493694,29.782886407746936,chernozem,SunField Co,без примітки,2024-08-29
1089,F0108,FARM10,2024,Wheat,Wheat-V5,56.1,ha,2024-05-16,2024-08-29,6.014269091654569,t_ha,26.784220005385578,170.7,4,217.23426579264924,NA,375.4140221979469,mm,19.0904314131476,NA,NA,49.120600077540615,29.992807520525066,Chernozem,SunField Co,без примітки,2024-06-15
1090,F0011,FARM09,2024,Soy,Soy-V2,12.1,ha,2024-03-21,2024-09-10,1.7823932317551225,t_ha,15.288367704488337,168.7,6,0,in,21.923881878445705,in,19.363613890949637,NA,NA,49.25161404642835,32.07060271275882,Sandy,AgroService Ltd,проблема з дренажем,2024-05-05
1091,F0136,FARM11,2024,Sunflower,Sunflower-V2,17.9,ha,2024-04-01,2024-09-23,59.3209419056381,bu_ac,25.45047884900123,142.4,2,0,in,-1.4522760680246014,in,18.960239252075553,0.6966646854067221,0.8305262018926441,48.63458840176416,33.68670769157354,Chernozem,UkrAgroTech,без примітки,2024-07-02
1092,F0063,FARM02,2024,Corn,Corn-V2,27.1,ha,2024-03-10,2024-09-21,5.591409159824252,t_ha,13.186535700690001,201.6,1,313.34581619594246,mm,17.251443596351454,in,21.33092327415943,0.6422555028926581,0.7190379320643842,49.96069988476997,31.866894032699058,Loam,POLE PLUS,зрошення застосовано,2024-06-25
1093,F0170,FARM06,2024,Corn,Corn-V3,27,ha,2024-03-14,2024-07-28,156.37868200428784,bu_ac,8.1330595088657,183.1,5,0,mm,357.03690770315006,mm,12.848672702210024,0.6817583466414362,0.7718404787359759,49.51627001135936,30.202405713270885,Sandy,Pole Plus,посуха,2024-08-25
1094,F0093,FARM12,2024,Wheat,Wheat-V3,15.9,ha,2024-05-14,2024-07-27,88.012651903596307,bu_ac,12.945244940463454,72.1,4 apps,0,mm,632.7473153942265,mm,13.9202224528417,0.7174353414680809,0.8201887428294867,30.807204102511985,48.67061713130213,Loam,AgroService Ltd,норма,2024-07-28
1095,F0107,FARM08,2024,Corn,Corn-V3,167.7,ac,2024-04-02,2024-08-21,7.6183836637064815,t_ha,25.764335512649268," 156,7 ",5,128.58381224796176,NA,290.2303160633892,mm,12.319094770820811,0.3580563595984131,0.5,49.41644257587334,33.41691162278829,Chernozem,UkrAgroTech,перевірити,2024-09-06
1096,F0134,FARM09,2024,Wheat,Wheat-V5,59.7,ha,2024-04-09,2024-10-13,3.326704054605216,t_ha,34.670905199833214,91.7,6,383.4495003335178,mm,25.77082092019429,in,13.358298656065017,NA,NA,49.787192783018114,32.46455617097672,Chernozem,Field Master,норма,2024-06-11
1097,F0119,FARM06,2024,soya,Soy-V4,29,ha,2024-04-03,2024-07-29,42.61422078270482,bu_ac,29.821756178746,109,4,9.720831679081266,in,419.1259160870686,mm,21.439845563145354,0.5132705038646236,0.656727560958825,48.55449884758005,29.538418500605506,Sandy,AgroService Ltd,проблема з дренажем,2024-06-28
1098,F0089,FARM05,2024,Soy,Soy-V5,106.9,ha,20.04.2024,08.10.2024,2.176768392440863,t_ha,29.383761854842305," 201,4 ",4,0,mm,394.36354429926723,mm,22.438791879685596,0.6149911359185353,0.700772283342667,49.69715944585903,32.28150970572978,Chernozem,sunfield co,зрошення застосовано,2024-05-29
1099,F0163,FARM10,2024,Wheat,Wheat-V5,25.1,ha,2024-04-10,2024-08-31,NA,t_ha,34.07951688673347,124.4,2,0,mm,152.8782540000975,mm,13.290560345165431,NA,NA,49.66298577970546,29.82237800655235,Loam,GreenCrop ,добре,2024-05-27
1100,F0036-ALT,FARM06,2024,Sunflower,Sunflower-V5,254.3,ac,2024-04-21,2024-08-07,34.831458406130736,bu_ac,10.878711528144777,97.2,5,0,mm,357.3639764334075,NA,13.82031901855953,0.3529625904280692,0.5,49.74525277163079,32.28800152208083,NA,UkrAgroTech,добре,2024-08-29
1101,F0102,FARM03,2024,Sunflower,Sunflower-V5,78.3,ac,2024-04-12,2024-08-05,59.47494050610418,bu_ac,29.590100933797657,193.2,1,5.1852097908056924,in,560.9882000950165,mm,17.695493798470125,NA,NA,49.40506355357589,30.06993606412178,Sandy,Pole Plus,зрошення застосовано,2024-07-08
1102,F0063,FARM02,2024,Corn,Corn-V2,27.1,ha,2024-03-10,2024-09-21,5.591409159824252,t_ha,13.186535700690001,201.6,1,313.34581619594246,mm,438.1866673473269,mm,21.33092327415943,0.5363936914596706,0.6084647223819047,49.96069988476997,31.866894032699058,Loam,Pole Plus,зрошення застосовано,2024-07-05
1103,F0082,FARM10,2024,Wheat,Wheat-V4,19.2,NA,2024-03-29,2024-07-29,6.10893265530467,NA,32.46651548938826,12.3,4,50.7750705932267,mm,467.5954924430698,mm,14.567363708978519,0.7829872413072735,0.8931022901786491,49.167345152378545,31.0308623474706,NA,UkrAgroTech,без примітки,2024-05-11
1104,F0092,FARM01,2024,soya,Soy-V5,200.9,ac,2024-03-28,2024-08-28,2.611221209866926,t_ha,34.96566034015268,176.1,2,0,in,10.944238846468938,in,18.386603232007474,0.5701343397609889,0.6743649541866034,49.21578340178123,33.091440620661714,Chernozem,sunfield co,посуха,2024-07-25
1105,F0113,FARM03,2024,Corn,Corn-V4,203.3,ac,2024-03-24,2024-09-19,NA,bu_ac,26.015472364611924,94.3,3,78.30122853629291,mm,534.9936959915794,mm,20.876404938055202,0.3940939436666667,0.5361583892488853,48.954723811713045,28.707863647216932,Loam,  UkrAgroTech ,без примітки,2024-07-21
1106,F0085,FARM01,2024,Corn,Corn-V5,106.5,ac,22.03.2024,10.09.2024,93.71283141952483,bu_ac,20.907615615054965,148.5,2,3.2141526421260704,in,153.01108391722664,mm,19.693877591053024,0.684590251557529,0.7507559520425274,49.037773122534155,33.29814495395497,Chernozem,GreenCrop ,добре,2024-07-31
1107,F0093,FARM12,2024,Wheat,Wheat-V3,15.9,ha,2024-05-14,2024-07-27,88.012651903596307,bu_ac,12.945244940463454,72.1,4,0,in,632.7473153942265,mm,13.9202224528417,0.4325757903512567,0.500479959603399,48.67061713130213,30.807204102511985,Loam,AgroService Ltd,норма,2024-08-15
1108,F0050,FARM01,2024,Soy,Soy-V3,94.2,NA,2024-04-17,2024-10-06,1.6846730092074722,t_ha,25.5337087335065,136,0,301.3413671753369,mm,412.05596568761393,mm,12.098440325818956,0.6260672630975023,0.6761978153372183,49.787299213327934,28.58746999834711,Sandy,  UkrAgroTech ,посуха,2024-06-05
1109,F0063,FARM02,2024,Corn,Corn-V2,66.9,ac,10.03.2024,21.09.2024,89.03517770420784,bu_ac,13.186535700690001,201.6,1,313.34581619594246,mm,438.1866673473269,mm,21.33092327415943,0.7086136209778487,0.8519480258459224,49.96069988476997,31.866894032699058,loamy,Pole Plus,зрошення застосовано,2024-06-26
1110,F0163,FARM10,2024,Wheat,Wheat-V5,62.1,ac,2024-04-10,2024-08-31,NA,bu_ac,34.07951688673347,124.4,2,0,mm,152.8782540000975,mm,13.290560345165431,0.8493796782800928,0.95,49.66298577970546,29.82237800655235,loamy,GreenCrop,добре,2024-07-29
1111,F0024-ALT,FARM10,2024,Wheat,Wheat-V2,71.4,ha,2024-04-13,2024-07-30,4.762097687460482,t_ha,19.154896181542426,181.3,5,9.32607262974649,in,588.7861508992501,mm,18.82153136911802,0.728808377077803,0.8251541170757264,49.741161018563574,28.569321627411014,Loam,  UkrAgroTech ,добре,2024-05-06
1112,F0121,FARM11,2024,Corn,Corn-V5,142.1,ac,2024-05-06,2024-08-14,96.29939538930917,bu_ac,19.37474780413322,216.3,4,0,mm,512.8700844827108,mm,20.40337445726618,0.8148278334643692,0.940064053889364,48.62279555547237,33.540336509191434,Loam,AgroService Ltd,посуха,2024-09-09
1113,F0157,FARM08,2024,Wheat,Wheat-V1,107.3,ha,2024-05-14,2024-09-13,NA,t_ha,33.100179970031604,174,6,0,in,517.6518210209906,mm,20.84256383473985,0.5006291277473792,0.6077898398507386,49.663739359313624,30.301349016147668,Chernozem,POLE PLUS,перевірити ,2024-09-30
1114,F0167,FARM03,2024,Corn,Corn-V5,102.1,ha,2024-05-02,2024-07-30,7.0584459693636745,t_ha,11.81019512237981,144.5,6,160.02602101070806,mm,488.30839942675084,mm,19.44469421240501,0.8334666937822476,0.95,49.84401415537344,30.079877171544826,Sandy,GreenCrop,зрошення застосовано,2024-06-17
1115,F0160,FARM07,2024,Soy,Soy-V3,37.2,ha,03.04.2024,28.07.2024,2.870343387243338,t_ha,18.93694700789638,147.3,5,0,NA,621.0919548524544,mm,16.6361293643713,NA,NA,49.85855520456238,31.976748563845177,Chernozem,field master,перевірити,2024-07-17
1116,F0064,FARM03,2024,Wheat,Wheat-V3,57.9,ha,2024-05-02,2024-08-24,3.405883757630363,t_ha,24.34519357350655,206,2,348.50384613964707,mm,18.473438991923032,in,17.54613612871617,NA,NA,48.83223545020539,32.1746045597787,Chernozem,sunfield co,перевірити ,2024-05-01
1117,F0081,FARM11,2024,Soy,Soy-V3,102.2,ha,2024-03-21,2024-09-03,NA,t_ha,31.022788552334532,54.4,5,99.40350014949217,NA,593.7410652521066,mm,21.848467608215287,0.4865412994055077,0.6311993536539375,49.64354762136284,33.545173297272534,chernozem,field master,добре,2024-09-26
1118,F0095,FARM07,2024,Sunflower,Sunflower-V4," 68,8",ha,2024-04-14,2024-09-11,45.50964323142054,bu_ac,19.77480822848156,34.7,0,6.405534322637567,in,377.9096115846187,mm,22.067487297346815,0.50594467590563,0.5631401809165254,49.69332296749577,30.564059956158047,NA,Field Master,зрошення застосовано,2024-09-02
1119,F0156,FARM11,2024,Corn,Corn-V5,178.2,ac,2024-04-04,2024-08-14,8.219290556153283,t_ha,24.276944635203108,130.8,3,78.51164541207254,NA,14.145023794478085,in,22.235759356291965,0.795473967702128,0.8572248399723321,49.31550892784772,30.349800994597377,Loam,AgroService Ltd,зрошення застосовано,2024-07-30
1120,F0009,FARM04,2024,Corn,Corn-V2,35,ac,2024-03-22,2024-09-21,187.49461583066497,bu_ac,12.932549148332328,102.4,5,0,in,245.38206818979234,mm,21.16372923878953,0.4983333291253075,0.5728567566955461,49.20708387859026,33.922112769877074,Chernozem,Pole Plus,норма,2024-08-20
1121,F0149,FARM05,2024,soya,Soy-V5,26.9,ac,2024-05-13,2024-10-01,NA,bu_ac,29.975142693379894,185.3,6,0,mm,651.6299025621265,mm,13.660696795443073,0.4267586320871487,0.5725114942528307,49.39738446773309,32.664559510047084,Chernozem,AgroService Ltd,без примітки,2024-06-20
1122,F0092,FARM01,2024,Soy,Soy-V5,81.3,ha,2024-03-28,2024-08-28,38.79972080040009,bu_ac,34.96566034015268," 176,1 ",2,0,in,277.983666700311,mm,18.386603232007474,0.8352699427865445,0.9305679732235148,49.21578340178123,33.091440620661714,chernozem,SunField Co,посуха,2024-09-09
1123,F0169,FARM10,2024,Corn,Corn-V5,89.4,ha,2024-04-15,2024-09-30,121.97112967111883,bu_ac,15.85373682784848,143.7,5 apps,0,mm,455.67375008249655,mm,12.820798456668854,0.7836542441742494,0.8568930400302633,48.6472723670844,29.63152911456302,Chernozem,  UkrAgroTech ,перевірити ,2024-06-14
1124,F0177,FARM03,2024,Corn,Corn-V1," 110,9",ha,2024-04-07,2024-10-03,8.078189989551902,NA,28.964811307145283,66.4,0,10.403913118066193,in,403.17249627551064,mm,22.795573237119243,0.6196699725929647,0.7434792902786285,48.66231949161179,30.205634789424018,NA,agroservice ltd,посуха,2024-05-28
1125,F0177,FARM03,2024,Corn,Corn-V1," 110,9",ha,2024-04-07,2024-10-03,8.078189989551902,NA,28.964811307145283,66.4,0,10.403913118066193,in,403.17249627551064,mm,22.795573237119243,0.6196699725929647,0.7434792902786285,48.66231949161179,30.205634789424018,NA,agroservice ltd,посуха,2024-05-28
1126,F0166,FARM05,2024,Wheat,Wheat-V3,7.9,ha,2024-03-22,2024-09-21,51.247786182528266,bu_ac,21.413335915654898,160.7,0,379.64964722050354,mm,389.7174250916578,mm,13.137468068860471,0.5770755716599524,0.628657718282193,48.712514942226,28.890570213146976,Chernozem,field master,перевірити,2024-05-19
1127,F0041,FARM06,2024,Sunflower,Sunflower-V5,25.1,ha,08.04.2024,05.10.2024,43.070590547531054,bu_ac,24.47740547079593,149.1,1,0,mm,590.5649965978228,mm,16.42417799611576,NA,NA,49.27202126573399,29.58394480904611,loamy,sunfield co,зрошення застосовано,2024-09-15
1128,F0171,FARM03,2024,Corn,Corn-V4,293.7,ac,2024-04-10,2024-10-08,NA,t_ha,17.791147832758725,215.3,6,261.87887659762055,mm,515.4188661254011,mm,22.187703826930374,NA,NA,49.1256769034192,32.45889498128044,Loam,  UkrAgroTech ,зрошення застосовано,2024-09-16
1129,F0051,FARM12,2024,Corn,Corn-V3,84.4,ha,2024-04-09,2024-09-25,115.7914151869133,bu_ac,23.58738955296576,48.5,6,61.23316171579063,mm,283.2469788379967,mm,21.54012934677303,0.752282212045975,0.8839628900866956,32.44254565196391,48.692686037635426,Loam,UkrAgroTech,добре,2024-05-18
1130,F0119,FARM06,2024,Soy,Soy-V4,29,NA,2024-04-03,2024-07-29,2.867937058676034,t_ha,29.821756178746,109,4,246.90912464866415,mm,419.1259160870686,mm,21.439845563145354,0.5572896192548796,0.613212057808414,48.55449884758005,29.538418500605506,Sandy,agroservice ltd,проблема з дренажем,2024-07-30
1131,F0062,FARM09,2024,Wheat,Wheat-V1,223.5,ac,16.03.2024,26.09.2024,4.418003676226363,t_ha,25.066392104607075,90.6,3,0,mm,413.5354637634009,mm,16.50783714442514,0.4379887103801593,0.5162684160750359,49.80851256471407,31.566230955846144,Chernozem,Pole Plus,проблема з дренажем,2024-06-19
1132,F0167,FARM03,2024,Corn,Corn-V5,102.1,ha,2024-05-02,2024-07-30,7.0584459693636745,t_ha,11.81019512237981,144.5,6,160.02602101070806,mm,488.30839942675084,mm,19.44469421240501,0.5387992916163057,0.6086893547093496,49.84401415537344,30.079877171544826,Sandy,GreenCrop ,зрошення застосовано,2024-06-21
1133,F0030,FARM07,2024,Wheat,Wheat-V3,123.7,ac,2024-04-25,2024-08-07,5.588218572782353,t_ha,32.997949754819274,150.9,3,303.60774827422574,mm,470.2351025072858,mm,17.842249265871942,NA,NA,49.66297258011485,33.915239915442186,Chernozem,AgroService Ltd,без примітки,2024-09-20
1134,F0035,FARM04,2024,Wheat,Wheat-V5,66.8,ac,2024-05-08,2024-08-06,113.58933796259238,bu_ac,27.39398499787785,11.3,5,0,mm,189.1412785393186,mm,15.657513679238036,NA,NA,31.13657863499597,49.715923784371,Chernozem,Field Master,посуха,2024-07-23
1135,F0123,FARM08,2024,Wheat,Wheat-V3,247.4,ac,06.04.2024,17.08.2024,3.872165443142876,t_ha,30.95647318707779,14.3,6,356.39447539579123,NA,607.9553066403605,mm,15.641979494132102,0.5328030401375144,0.6445349866058677,49.77811908343388,30.24446113924496,Clay,sunfield co,норма,2024-05-27
1136,F0095,FARM07,2024,Sunflower,Sunflower-V4,68.8,ha,2024-04-14,2024-09-11,2.5940496641909707,t_ha,19.77480822848156,34.7,0,6.405534322637567,in,14.878331164748769,in,22.067487297346815,0.365109340660274,0.5,49.69332296749577,30.564059956158047,Loam,Field Master,зрошення застосовано,2024-07-28
1137,F0039,FARM12,2024,Corn,Corn-V4,15,ha,2024-05-05,2024-08-31,6.218413362512365,t_ha,34.9502484719269,198.9,3,280.52658766973764,mm,227.0042717922479,mm,22.99271099618636,0.47302122788969425,0.5255593412788585,49.59117011536565,31.874453241174578,chernozem,SunField Co,посуха,2024-05-15
1138,F0066,FARM12,2024,Soy,Soy-V5," 66,1",ha,2024-03-10,2024-08-01,1.979856226593256,t_ha,31.90986208897084,160.2,5,102.09759729914367,mm,533.786695857998,mm,13.175283188698813,0.47668679398484526,0.5270607029553502,49.48291347293416,30.620346061817838,Loam,GreenCrop ,посуха,2024-06-29
1139,F0098,FARM06,2024,Corn,Corn-V3,94.3,ha,14.03.2024,14.10.2024,9.876105005620047,t_ha,14.54257819079794,141.9,3,202.75624794885516,mm,25.293132771946873,in,12.269382697995752,0.41434375315438954,0.5,49.70930212263251,30.622921599367636,Chernozem,UkrAgroTech,добре,2024-07-09
1140,F0169,FARM10,2024,Corn,Corn-V5,89.4,NA,2024-04-15,2024-09-30,-0.47725557815283537,t_ha,15.85373682784848,143.7,5,0,mm,17.93991142057073,in,12.820798456668854,NA,NA,48.6472723670844,29.63152911456302,Chernozem,UkrAgroTech,перевірити,2024-06-22
1141,F0106,FARM08,2024,Sunflower,Sunflower-V3,92.9,ha,2024-05-06,2024-09-14,4.163936704513617,t_ha,18.101373933721334,99.2,4,0,mm,230.38893289631233,mm,15.441293412819505,0.708871465199627,0.760932838032022,48.802430170864334,32.021926630538424,Sandy,UkrAgroTech,зрошення застосовано ,2024-05-29
1142,F0016,FARM11,2024,soya,Soy-V2,45.2,ha,2024-04-27,2024-09-13,NA,bu_ac,21.399339329684153," 217,6 ",2,15.629358939811823,in,24.429230405362397,in,12.320830673677847,0.834585264348425,0.95,49.810932067984254,31.087154991895893,Loam,  UkrAgroTech ,норма,2024-09-24
1143,F0176,FARM04,2024,Soy,Soy-V1,53.6,ha,2024-03-10,2024-08-09,37.55439535567999,bu_ac,26.231627743924037,160.7,1,0,mm,300.3035211120732,mm,18.564889275468886,0.6235676395241171,0.7075288580497726,48.95107018770231,30.064787929418497,loamy,sunfield co,проблема з дренажем,2024-08-04
1144,F0178,FARM04,2024,Soy,Soy-V4,234.6,ac,2024-05-13,2024-09-29,3.3467323697404936,NA,17.27106159972027,191.2,0,172.24945093039423,mm,217.30307484976947,mm,21.25247910292819,NA,NA,49.10760136450315,29.508594120971395,Chernozem,AgroService Ltd,добре,2024-06-15
1145,F0156,FARM11,2024,Corn,Corn-V5,178.2,ac,2024-04-04,2024-08-14,8.219290556153283,t_ha,24.276944635203108,130.8,3,78.51164541207254,mm,359.28360437974334,mm,22.235759356291965,0.8231650394387543,0.95,49.31550892784772,30.349800994597377,NA,agroservice ltd,зрошення застосовано,2024-06-09
1146,F0010,FARM11,2024,Corn,Corn-V3,97.5,ha,09.04.2024,30.09.2024,8.576223785756156,t_ha,33.94990235893056,0.8,3,0,mm,358.02558216964826,mm,17.11128444923088,0.5134481906658038,0.6066911990521475,48.529781022499776,28.984314635482153,Chernozem,field master,проблема з дренажем,2024-07-19
1147,F0020,FARM09,2024,Wheat,Wheat-V5,146.8,ac,2024-04-14,2024-08-21,4.126031083986163,NA,15.103385385824367,146.9,0,13.703891828722197,in,22.750679922829143,in,14.666194134391844,0.6621573480311781,0.7181100090499967,49.69430242420454,33.80321978305187,Chernozem,sunfield co,добре,2024-07-01
1148,F0144,FARM07,2024,Soy,Soy-V2,63.3,ha,2024-05-13,2024-09-19,45.33818463502897,bu_ac,13.919538143323734,5.9,0,128.2055058167316,mm,643.9867452252656,mm,22.30574955465272,0.534446356841363,0.6094659100286662,49.29231072146259,31.272586572988892,Loam,POLE PLUS,проблема з дренажем,2024-07-21
1149,F0105,FARM08,2024,Corn,Corn-V4,94.7,ha,2024-05-20,2024-09-08,88.10882459195913,bu_ac,27.99906311929226,200,6,130.15923919156194,mm,15.86289729512348,in,12.352574530988932,0.5634125861339271,0.6961441993247717,49.33057358032931,32.407537905354985,Sandy,Field Master,проблема з дренажем ,2024-05-21
1150,F0175,FARM06,2024,WHEAT ,Wheat-V2,12.7,ha,2024-05-04,2024-10-10,7.75705360295251,NA,28.24534971592948,77.6,3,0,mm,392.56868278607726,NA,18.48305880976841,0.8430771994404495,0.95,49.68776870567584,32.85975864349492,NA,AgroService Ltd,без примітки,2024-07-06
1151,F0069,FARM05,2024,Soy,Soy-V1,10.1,ha,2024-03-19,2024-08-03,23.997979761719883,bu_ac,31.1472301739268,162.3,4,234.41104751545936,mm,457.8039458836429,NA,21.600855943048373,NA,NA,48.76715906085679,33.17149420317682,Chernozem,SunField Co,добре,2024-06-11
1152,F0096,FARM09,2024,Corn,Corn-V1,109.3,ha,2024-04-25,2024-08-11,6.846270147245377,t_ha,12.447058753343299,110.1,6,0,in,255.2263648249209,mm,14.147910694591701,0.8260030849138275,0.9272884909063577,48.50511174380127,31.92066737321392,Sandy,field master,посуха,2024-05-16
1153,F0122,FARM02,2024,Soy,Soy-V5,108.1,NA,2024-04-23,2024-10-06,NA,t_ha,16.593411370180547,153.1,3,265.24747451767325,mm,195.63122602412477,mm,21.991829907055944,0.3627400356577709,0.5,48.79575587364379,29.908865246605128,Sandy,GreenCrop ,добре,2024-06-26
1154,F0075,FARM05,2024,Wheat,Wheat-V4,72.9,ha,2024-04-26,2024-10-09,4.641496212687343,t_ha,27.030563293024898,136.9,6,359.3832022626884,NA,410.4126699618064,mm,12.50206284946762,0.3793677273439243,0.5,48.99341193875345,28.67462091157772,Chernozem,UkrAgroTech,без примітки,2024-07-09
1155,F0061,FARM05,2024,Corn,Corn-V3,60.6,ha,2024-05-13,2024-10-12,NA,bu_ac,19.504111729795113,76.4,6,307.6109573361464,mm,11.762189044521785,in,13.747323927702382,NA,NA,49.882411058881786,31.75244216183573,Chernozem,Field Master,посуха,2024-09-26
1156,F0147,FARM01,2024,soya,Soy-V2,97,ha,14.03.2024,23.09.2024,1.8107927017845213,t_ha,15.010438249912113,161.9,4,187.22290239529684,mm,232.22202578326687,mm,19.501204959349707,0.4513028128072619,0.5773980335332454,49.186465103103316,32.563832794721705,Clay,agroservice ltd,проблема з дренажем,2024-09-24
1157,F0103,FARM04,2024,Corn,Corn-V1,275.1,ac,2024-05-01,2024-08-28,82.45558340390136,bu_ac,24.153885109815747,8.9,3,3.6568897377560283,in,535.5808192514814,mm,18.506399986101314,0.6884629001375288,0.7654976541409269,49.557062817221045,28.921630821413828,Chernozem,field master,перевірити,2024-09-21
1158,F0057,FARM05,2024,Soy,Soy-V2,69,ha,2024-03-26,2024-10-14,1.6633070083335042,t_ha,32.87230269191787,91.5,1,330.3481686511077,NA,586.8106604553759,mm,20.688620487460867,0.7294456855393946,0.840235873684287,48.68904715656815,28.613999391891063,Sandy,POLE PLUS,посуха,2024-06-18
1159,F0177,FARM03,2024,Corn,Corn-V1,274,ac,2024-04-07,2024-10-03,8.078189989551902,NA,28.964811307145283,66.4,0,264.2593931988813,mm,15.872932924232703,in,22.795573237119243,0.7452912074746564,0.8082709297537803,48.66231949161179,30.205634789424018,Loam,agroservice ltd,посуха,2024-07-21
1160,F0122,FARM02,2024,Soy,Soy-V5,-2.4,NA,2024-04-23,2024-10-06,NA,bu_ac,16.593411370180547,153.1,3,265.24747451767325,mm,195.63122602412477,mm,21.991829907055944,0.8356685189297423,0.9024217711063102,48.79575587364379,29.908865246605128,Sandy,GreenCrop ,добре,2024-09-17
1161,F0031,FARM05,2024,Soy,Soy-V3,109.5,ha,03.04.2024,30.07.2024,2.228302590432577,NA,26.67496727243997,135.5,3,0,in,667.4061808153056,NA,19.135653902310878,0.6270082978531718,0.7753395037958398,49.35609250772931,33.76655535801966,Chernozem,  UkrAgroTech ,зрошення застосовано,2024-08-30
1162,F0159,FARM05,2024,Soy,Soy-V3,82.4,ac,2024-04-01,2024-09-27,2.6886429379228503,NA,31.782064005499706,135.1,5,225.66881695529446,mm,670.4425037140027,mm,15.658486388856545,0.5331875336356461,0.6507505221059545,49.43161847706465,33.26612068808126,Clay,AgroService Ltd,перевірити,2024-05-31
1163,F0164,FARM03,2024,Corn,Corn-V4," 210,2",ac,2024-04-30,2024-10-11,NA,t_ha,33.77032370865345,215.2,0,2.886174064712584,in,592.9097151616588,NA,15.549476432148367,0.46955293966457246,0.5261347081745044,49.914415598589464,30.158200040886644,Clay,  UkrAgroTech ,зрошення застосовано,2024-08-14
1164,F0100,FARM02,2024,Wheat,Wheat-V4,69.6,ac,2024-04-07,2024-08-03,6.526762946275994,t_ha,24.416961741866544,161.5,4,0,mm,400.6871094345115,mm,16.123877361416817,0.8166880866279825,0.8809509553015232,49.06267173125828,30.588034155547156,Chernozem,field master,добре,2024-06-19
1165,F0037,FARM09,2024,Wheat,Wheat-V2,20.5,ha,2024-04-26,2024-09-23,NA,bu_ac,16.962209057994187,103.9,6,109.6621275646612,NA,18.503390239756996,in,18.768763575470075,0.498595645558089,0.5752350727329031,49.38881930866651,32.95508813529835,Clay,Pole Plus,норма,2024-08-10
1166,F0157,FARM08,2024,Wheat,Wheat-V1,107.3,ha,2024-05-14,2024-09-13,NA,bu_ac,33.100179970031604,174,6,0,in,20.37999295358231,in,20.84256383473985,0.7571014216169715,0.8273185825441033,49.663739359313624,30.301349016147668,Chernozem,POLE PLUS,перевірити,2024-05-01
1167,F0125,FARM08,2024,Sunflower,Sunflower-V5,196.7,ac,2024-03-13,2024-09-15,2.351323817577213,t_ha,23.46846050582826,100.1,1,0,mm,698.2129440642893,mm,14.377716789254919,NA,NA,49.84655638606195,31.991085846658333,Chernozem,field master,без примітки,2024-09-20
1168,F0108,FARM10,2024,wheat,Wheat-V5,56.1,ha,2024-05-16,2024-08-29,89.36506822666522,bu_ac,26.784220005385578,170.7,4,217.23426579264924,mm,375.4140221979469,mm,19.0904314131476,0.38318221413064746,0.5164149810560048,49.120600077540615,29.992807520525066,Chernozem,SunField Co,без примітки,2024-05-30
1169,F0075,FARM05,2024,wheat,Wheat-V4,72.9,ha,2024-04-26,2024-10-09,4.641496212687343,t_ha,27.030563293024898,136.9,6,359.3832022626884,mm,410.4126699618064,mm,12.50206284946762,NA,NA,48.99341193875345,28.67462091157772,Chernozem,  UkrAgroTech ,без примітки,2024-06-09
1170,F0003,FARM01,2024,Corn,Corn-V5,43.5,ac,02.04.2024,23.08.2024,6.222345068352297,t_ha,17.268254621885717,170.8,0,10.122885553562266,in,643.5089216916822,mm,20.552715743426234,0.8173419173341244,0.8960147874429821,49.836275325906,28.9835720234802,Chernozem,sunfield co,добре,2024-05-29
1171,F0125,FARM08,2024,Sunflower,Sunflower-V5,79.6,ha,2024-03-13,2024-09-15,41.251295045214256,bu_ac,23.46846050582826,100.1,1,0,mm,698.2129440642893,mm,14.377716789254919,NA,NA,49.84655638606195,31.991085846658333,Chernozem,Field Master,без примітки,2024-07-17
1172,F0152,FARM03,2024,Wheat,Wheat-V3,25.8,ha,2024-05-16,2024-09-18,5.5008091679774225,t_ha,22.96561143663712,24.2,6,15.531339261435178,in,22.913197098083533,in,22.873982571763918,0.7231532874517143,0.8327253591036423,49.91272284011962,31.751929140125405,CLAY ,agroservice ltd,зрошення застосовано,2024-05-15
1173,F0099,FARM12,2024,Soy,Soy-V2," 9,7",ha,16.04.2024,30.07.2024,NA,t_ha,28.330677752150223,74.2,1,202.06500816857442,mm,19.73092385226729,in,12.653627194929868,0.4030978024471551,0.5,49.988244747210764,33.796182937197386,Loam,GreenCrop,без примітки,2024-09-11
1174,F0093,FARM12,2024,Wheat,Wheat-V3," 15,9",ha,2024-05-14,2024-07-27,88.012651903596307,bu_ac,12.945244940463454,72.1,4,0,mm,24.911311629693955,in,13.9202224528417,NA,NA,48.67061713130213,30.807204102511985,Loam,AgroService Ltd,норма,2024-08-29
1175,F0010,FARM11,2024,Corn,Corn-V3," 97,5",ha,2024-04-09,2024-09-30,136.56407302159485,bu_ac,33.94990235893056," 0,8 ",3,-30.252361948834732,mm,358.02558216964826,mm,17.11128444923088,0.5536762060597539,0.662063281959854,48.529781022499776,28.984314635482153,chernozem,Field Master,проблема з дренажем,2024-06-09
1176,F0012,FARM08,2024,Wheat,Wheat-V1,59.7,ha,2024-03-29,2024-08-08,3.7818684447556734,t_ha,15.898796650581062,61.5,3,0,in,200.00586214009672,mm,19.253235162701458,0.4215087888529524,0.5586343014379963,49.69919395426847,33.494804591340014,Clay,agroservice ltd,без примітки,2024-08-12
1177,F0016,FARM11,2024,Soy,Soy-V2,45.2,ha,2024-04-27,2024-09-13,NA,t_ha,21.399339329684153," 217,6 ",2,15.629358939811823,in,620.5024522962049,mm,12.320830673677847,0.7617198461899534,0.8957965971436351,49.810932067984254,31.087154991895893,Loam,UkrAgroTech,норма ,2024-05-22
1178,F0130,FARM02,2024,Soy,Soy-V3,19.1,ha,2024-04-11,2024-08-14,3.7605760901933536,NA,11.435311701381579,194.6,0,0,NA,419.93292538682,mm,20.795396254165098,0.7869655234040692,0.9273760941112414,48.77360281185479,32.58427027723333,Clay,POLE PLUS,зрошення застосовано,2024-05-08
1179,F0135,FARM12,2024,Soy,Soy-V3,94.6,NA,2024-03-20,2024-10-11,2.0301258090185,t_ha,18.322982348734513,53.4,1,178.02001381060109,NA,23.664637127300857,in,13.386080408701673,0.4890760478097945,0.5832792591070756,48.67350321437791,32.122315931226595,Loam,agroservice ltd,добре,2024-05-11
1180,F0104,FARM05,2024,Corn,Corn-V5,294,ac,2024-04-25,2024-09-03,135.6372213366317,bu_ac,23.50176070490852,169.8,2,0,in,26.411862298662914,in,17.50824711495079,0.45910519422031937,0.5203040546970442,49.98386206947407,32.580725477786274,Sandy,Field Master,посуха,2024-07-25
1181,F0172,FARM07,2024,Soy,Soy-V2,170.3,ac,2024-03-19,2024-08-31,45.58530407452632,bu_ac,24.415084859821945,212.5,3,372.6175685529597,mm,15.132994573438673,in,12.69675330631435,0.6631064635235816,0.8044414828997105,49.835118879934306,29.703766385059804,Clay,AgroService Ltd,перевірити,2024-09-26
1182,F0083,FARM07,2024,Corn,Corn-V1,295.2,ac,2024-05-20,2024-07-27,6.069537280127406,t_ha,20.176201664609835,205.8,2,12.752441418041865,in,23.748379165864016,in,18.38617093511857,0.4537044248078018,0.5981930458685383,49.92360987884924,30.777254025735893,Sandy,SunField Co,без примітки,2024-05-21
1183,F0119-ALT,FARM06,2024,Soy,Soy-V4,71.5,ac,2024-04-03,2024-07-29,2.867937058676034,t_ha,29.821756178746,109,4,9.720831679081266,in,419.1259160870686,NA,21.439845563145354,NA,NA,48.55469540056102,29.53844910044526,Sandy,agroservice ltd,проблема з дренажем,2024-08-25
1184,F0132,FARM08,2024,Corn,Corn-V4,40.8,ha,2024-04-24,2024-08-23,9.017840614076704,t_ha,28.56416151765734," 74,4 ",2,0,mm,615.835236874409,mm,22.62135248654522,0.578759988443926,0.6751257490599527,48.861345076068766,30.590337796685287,Chernozem,UkrAgroTech,перевірити,2024-07-31
1185,F0026,FARM09,2024,WHEAT ,Wheat-V3,130,ac,2024-04-18,2024-09-23,96.56698977848706,bu_ac,8.268493281910196,156.6,2,0,in,18.091929032866968,in,18.761905073188245,0.52645086313132194,0.62474175975658,49.091910933538806,30.28095093904296,Chernozem,Field Master,посуха,2024-05-16
1186,F0050,FARM01,2024,Soy,Soy-V3,94.2,ha,2024-04-17,2024-10-06,25.032288398327967,bu_ac,25.5337087335065,136,0,11.863833353359722,in,412.05596568761393,NA,12.098440325818956,0.42517500955145804,0.5177322776755318,49.787299213327934,28.58746999834711,Sandy,  UkrAgroTech ,посуха,2024-05-02
1187,F0049,FARM05,2024,Corn,Corn-V5,217.4,ac,2024-04-20,2024-08-14,10.829807770205662,t_ha,22.617144369287416,109.1,5,0,in,15.755028755396722,in,13.98245380166918,0.43264362218324093,0.577308936812915,48.84955125702871,30.407608780310955,Loam,AgroService Ltd,перевірити,2024-05-09
1188,F0007,FARM02,2024,Corn,Corn-V3," 55,8",ha,2024-05-10,2024-10-12,9.336246751481667,t_ha,23.95917408587411,70.1,5,177.66979649895802,mm,588.0648773279972,NA,15.72732785064727,0.5397160282824188,0.6115519900107756,49.740570404905824,28.654298932748848,Sandy,Field Master,зрошення застосовано,2024-05-01
1189,F0028,FARM11,2024,Wheat,Wheat-V4,62.8,ha,2024-05-04,2024-09-28,7.444094479549676,t_ha,22.334980565821752,108.1,2,0,mm,549.4246130343527,mm,15.948781565064564,0.6906306135002523,0.7688667282229289,49.552903190766926,30.733149683735334,Chernozem,  UkrAgroTech ,норма,2024-07-11
1190,F0043,FARM10,2024,Corn,Corn-V3," 7,1",ha,2024-04-12,2024-08-03,10.715020951582119,t_ha,11.51242827414535,212.9,4,0,mm,534.2105991323479,mm,22.92213953495957,0.4659534231992438,0.5785950635792687,48.81349743588688,28.924607792825906,Chernozem,  UkrAgroTech ,добре,2024-07-07
1191,F0068,FARM03,2024,Sunflower,Sunflower-V3,80,ha,2024-04-19,2024-08-16,2.6426274452358482,t_ha,14.55948887532577,117.2,1,274.0152341662906,mm,623.8801267463714,mm,17.97643334325403,0.4235217565670609,0.5,48.91768954402394,29.8566254322161,Loam,UkrAgroTech,норма,2024-06-13
1192,F0144,FARM07,2024,Soy,Soy-V2,63.3,ha,2024-05-13,2024-09-19,3.05125982593745,t_ha,13.919538143323734,5.9,0,128.2055058167316,mm,643.9867452252656,mm,22.30574955465272,0.8031535357236862,0.8899241272360087,49.29231072146259,31.272586572988892,Loam,Pole Plus,проблема з дренажем,2024-05-12
1193,F0053,FARM03,2024,Sunflower,Sunflower-V2,40.6,ha,2024-03-10,2024-10-04,4.1983244064962495,t_ha,9.441359386779368,160,0,386.9585713953711,mm,24.093511883319746,in,15.914453758625314,0.7586862178519368,0.8163264096714556,49.336399753715845,32.756670795050916,Chernozem,agroservice ltd,посуха,2024-08-21
1194,F0024-ALT,FARM10,2024,WHEAT ,Wheat-V2,71.4,ha,13.04.2024,30.07.2024,4.762097687460482,t_ha,19.154896181542426,181.3,5,236.88224479556084,mm,23.18055712201772,in,18.82153136911802,NA,NA,49.741135914303406,28.569432033150736,Loam,  UkrAgroTech ,добре,2024-07-21
1195,F0147,FARM01,2024,Soy,Soy-V2,239.6,ac,14.03.2024,23.09.2024,1.8107927017845213,t_ha,15.010438249912113," 161,9 ",4,187.22290239529684,mm,232.22202578326687,mm,19.501204959349707,0.45695953806862233,0.5081888364395126,49.186465103103316,32.563832794721705,Clay,agroservice ltd,проблема з дренажем,2024-05-06
1196,F0094,FARM04,2024,Sunflower,Sunflower-V1,78.7,ha,2024-04-18,2024-10-07,51.40357155009712,bu_ac,18.565608207834885,177.9,4,368.35784160066396,mm,24.3545095436275,in,13.807362733175978,1.1299989128042944,0.541835378925316,49.23248761920212,29.0682082680529,NA,field master,проблема з дренажем,2024-09-08
1197,F0165,FARM02,2024,Wheat,Wheat-V1,10.9,ha,2024-04-05,2024-08-07,5.765860571525991,NA,15.70379905984737,86.7,2,263.34470976144075,mm,332.7344842487946,mm,15.95848182309419,0.4841058927355334,0.5948362516704946,49.17852524817828,33.677258818270175,Loam,Field Master,проблема з дренажем ,2024-05-22
1198,F0085,FARM01,2024,Corn,Corn-V5," 43,1",ha,2024-03-22,2024-09-10,93.71283141952483,bu_ac,20.907615615054965,148.5,2,3.2141526421260704,in,153.01108391722664,mm,19.693877591053024,0.36663763006217776,0.5,49.037773122534155,33.29814495395497,Chernozem,GreenCrop,добре,2024-09-25
1199,F0011,FARM09,2024,Soy,Soy-V2,29.8,ac,2024-03-21,2024-09-10,26.484297648664526,bu_ac,15.288367704488337,168.7,6,0,mm,21.923881878445705,in,19.363613890949637,0.7256645406829193,0.8224034108454361,49.25161404642835,32.07060271275882,Sandy,AgroService Ltd,проблема з дренажем,2024-09-24
1200,F0176,FARM04,2024,Soy,Soy-V1,132.3,ac,2024-03-10,2024-08-09,37.55439535567999,bu_ac,26.231627743924037,160.7,1,0,mm,300.3035211120732,mm,18.564889275468886,0.7841464356984943,0.9037335880799219,48.95107018770231,30.064787929418497,Loam,SunField Co,проблема з дренажем,2024-09-17
1201,F0085,FARM01,2024,Corn,Corn-V5,43.1,ha,2024-03-22,2024-09-10,93.71283141952483,bu_ac,20.907615615054965,148.5,2,81.63947711000219,mm,6.024058421938057,in,19.693877591053024,0.7915533730061725,0.8632708531571552,49.037773122534155,33.29814495395497,Chernozem,GreenCrop,добре,2024-08-05
1202,F0062,FARM09,2024,Wheat,Wheat-V1," 223,5",ac,16.03.2024,26.09.2024,65.6464142084155,bu_ac,25.066392104607075,90.6,3,0,mm,413.5354637634009,mm,16.50783714442514,0.8259506091941148,0.95,49.80851256471407,31.566230955846144,NA,POLE PLUS,проблема з дренажем,2024-09-04
1203,F0118,FARM04,2024,Wheat,Wheat-V2,89.2,ha,2024-05-15,2024-09-01,NA,t_ha,9.177096034400165,160.8,1,344.1367691732012,mm,538.0492500844412,mm,19.467462910572067,0.7984990352066234,0.913267293269746,48.702890742109624,33.28011959618004,Chernozem,Pole Plus,проблема з дренажем,2024-09-29
1204,F0156,FARM11,2024,Maize,Corn-V5,72.1,ha,2024-04-04,2024-08-14,8.219290556153283,t_ha,24.276944635203108," 130,8 ",3,3.09100966189262,in,359.28360437974334,mm,22.235759356291965,0.8279137697769329,0.95,49.31550892784772,30.349800994597377,Loam,AgroService Ltd,зрошення застосовано,2024-05-15
1205,F0117,FARM10,2024,Wheat,Wheat-V2,192.2,ac,2024-04-13,2024-07-25,114.24194514906425,bu_ac,22.67579868552275,107.8,5,0,mm,654.7593226656318,NA,22.50023498479277,NA,NA,48.51653294270579,31.982219828517643,Loam,Field Master,норма,2024-07-27
1206,F0090,FARM09,2024,Wheat,Wheat-V5,83.1,NA,2024-04-28,2024-08-15,95.8960616226304,bu_ac,17.972606759751216,202.5,5,6.63762234653691,in,562.6235888223164,mm,21.238950131926686,-0.2600731124402955,0.5340906080324203,48.73096422260627,29.940448035718408,NA,agroservice ltd,зрошення застосовано,2024-06-18
1207,F0042,FARM12,2024,Wheat,Wheat-V5,19.6,ha,2024-05-13,2024-08-10,6.732753271469846,t_ha,27.660729489987716," 216,7 ",6,0,mm,494.1328864078969,mm,17.910219861660153,0.5301046271575615,0.6016203592764213,48.85987726973416,31.057511995159093,Loam,POLE PLUS,норма,2024-09-13
1208,F0088,FARM07,2024,Soy,Soy-V2,26.6,ha,2024-04-12,2024-08-31,25.628794721199025,bu_ac,8.521769009064883,180.7,0,0,mm,15.411083266142699,in,13.934012849349529,0.44201168257277457,0.5696140346350148,49.17844793230435,28.758923526777423,Clay,UkrAgroTech,норма,2024-07-20
1209,F0160,FARM07,2024,Soy,Soy-V3,37.2,ha,2024-04-03,2024-07-28,2.870343387243338,NA,18.93694700789638,147.3,5,0,in,621.0919548524544,mm,16.6361293643713,NA,NA,49.85855520456238,31.976748563845177,Chernozem,Field Master,перевірити,2024-05-16
1210,F0078,FARM04,2024,WHEAT ,Wheat-V4,149.5,ac,2024-03-15,2024-09-30,55.96975664114151,bu_ac,9.50673251086846,207.2,4,119.60634811548516,mm,416.9765734812245,mm,20.577170668635517,0.48910110015422104,0.5842984100570902,49.716007533497645,31.84393829084095,Loam,field master,проблема з дренажем,2024-08-27
1211,F0031,FARM05,2024,Soy,Soy-V3,109.5,ha,2024-04-03,2024-07-30,33.10999391430278,bu_ac,26.67496727243997,135.5,3,0,mm,667.4061808153056,mm,19.135653902310878,NA,NA,49.35609250772931,33.76655535801966,Chernozem,UkrAgroTech,зрошення застосовано,2024-06-14
1212,F0143,FARM11,2024,Wheat,Wheat-V2,62.7,ha,2024-03-12,2024-10-01,94.35982856813702,bu_ac,23.03736373805441," 108,7 ",3,376.5658435760997,mm,370.5768399871886,mm,12.390681392513216,NA,NA,49.60252644950431,31.642213608950378,Chernozem,Pole Plus,зрошення застосовано,2024-08-16
1213,F0042-ALT,FARM12,2024,Wheat,Wheat-V5,19.4,ha,2024-05-13,2024-08-10,6.732753271469846,t_ha,27.660729489987716,216.7,6,0,mm,19.454050645980193,in,17.910219861660153,0.48536926894448695,0.5602579056518152,48.859772524144596,31.057656594927288,loamy,Pole Plus,норма,2024-08-03
1214,F0138,FARM03,2024,Wheat,Wheat-V1,118.5,ac,2024-03-13,2024-09-26,104.55022890530361,bu_ac,15.604115300346166,110.5,6,10.826776823483584,in,638.3741977158934,mm,20.817127760965377,NA,NA,49.08998581484007,29.543514587605838,Clay,SunField Co,перевірити,2024-06-13
1215,F0022,FARM01,2024,wheat,Wheat-V1,237.4,ac,2024-05-11,2024-07-27,7.701745363418013,t_ha,32.46988805709407,115,5,9.033374797725156,in,14.214746894655882,in,18.95466727297753,0.6792236739071086,0.7441222483525053,48.67405671058409,31.407883253819776,Chernozem,  UkrAgroTech ,норма,2024-08-16
1216,F0141,FARM11,2024,Wheat,Wheat-V5,88.8,ha,2024-04-15,2024-08-09,6.451058183563873,t_ha,28.36499449168332,36.1,5,0,in,15.375195892425035,in,21.810954986838624,0.7599533671978861,0.8697474828921258,49.1347486006557,33.06861239753198,Clay,GreenCrop ,перевірити,2024-09-22
1217,F0059,FARM09,2024,Soy,Soy-V3,65.6,ha,2024-04-02,2024-08-18,32.41134003111968,bu_ac,46.520673531573266,107.5,4,184.67664164490998,NA,556.7708818241954,mm,14.91598909208551,0.3758509322302416,0.5,49.76617471058527,30.517252327460795,Loam,Field Master,проблема з дренажем,2024-05-30
1218,F0113,FARM03,2024,Corn,Corn-V4,203.3,ac,2024-03-24,2024-09-19,NA,bu_ac,26.015472364611924,94.3,3,78.30122853629291,mm,534.9936959915794,mm,20.876404938055202,0.5679944333620369,0.6437568327644839,48.954723811713045,28.707863647216932,Loam,  UkrAgroTech ,без примітки,2024-06-03
1219,F0100,FARM02,2024,Wheat,Wheat-V4," 28,2",ha,2024-04-07,2024-08-03,6.526762946275994,t_ha,24.416961741866544," 161,5 ",4,0,in,400.6871094345115,mm,16.123877361416817,0.6426105443621054,0.7632125168805942,49.06267173125828,30.588034155547156,NA,field master,добре,2024-05-22
1220,F0176,FARM04,2024,Soy,Soy-V1,53.6,ha,2024-03-10,2024-08-09,2.5274108074372634,NA,26.231627743924037," 160,7 ",1,0,in,11.822973272128868,in,18.564889275468886,0.6461115771904588,0.7250242465641349,48.95107018770231,30.064787929418497,Loam,SunField Co,проблема з дренажем,2024-06-29
1221,F0149,FARM05,2024,Soy,Soy-V5,10.9,ha,2024-05-13,2024-10-01,NA,t_ha,29.975142693379894," 185,3 ",6,0,mm,651.6299025621265,mm,13.660696795443073,0.6205028583295643,0.7017864070367068,49.39738446773309,32.664559510047084,Chernozem,AgroService Ltd,без примітки,2024-06-11
1222,F0030,FARM07,2024,Wheat,Wheat-V3,50,ha,25.04.2024,07.08.2024,5.588218572782353,t_ha,32.997949754819274,150.9,3,303.60774827422574,mm,470.2351025072858,mm,17.842249265871942,NA,NA,49.66297258011485,33.915239915442186,Chernozem,AgroService Ltd,без примітки,2024-06-19
1223,F0101,FARM07,2024,Sunflower,Sunflower-V2,42,ac,2024-05-16,2024-09-09,70.15181984997503,bu_ac,29.66828211932443,154.4,6,115.60703431023285,mm,614.7301434888504,mm,12.208582530496642,0.41803673109970985,0.5351639714790508,48.70140651554707,28.65725658612838,Loam,sunfield co,зрошення застосовано,2024-05-19
1224,F0126,FARM09,2024,Wheat,Wheat-V5,6.6,ha,2024-05-16,2024-09-12,6.490211459575221,t_ha,34.60148771526292,107.3,1,226.57641526311636,mm,12.987277053450565,in,22.9114323889371,NA,NA,48.60969832455506,31.912795842677824,NA,Field Master,посуха,2024-07-06
1225,F0002,FARM02,2024,Wheat,Wheat-V1,171.4,ac,2024-03-23,2024-09-02,4.806339310714975,t_ha,26.463998208288103,100.9,3,0,in,151.70989924808964,mm,16.566699263639748,NA,NA,49.5349362976132,33.65781548029557,Clay,AgroService Ltd,норма,2024-08-04
1226,F0046,FARM12,2024,Maize,Corn-V3,84.5,ha,19.03.2024,30.07.2024,11.263869379879907,NA,17.755124284187332,197.3,3,0,mm,526.8125344184227,mm,12.310517691774294,0.3667190904030576,0.5,49.06077132399287,30.46170370443072,Sandy,Field Master,посуха,2024-08-01
1227,F0022,FARM01,2024,Wheat,Wheat-V1,96.1,ha,2024-05-11,2024-07-27,7.701745363418013,t_ha,32.46988805709407,115,5,229.44771986221895,mm,361.0545711242594,mm,18.95466727297753,0.6505657508037984,0.7728096667909995,48.67405671058409,31.407883253819776,Chernozem,  UkrAgroTech ,норма,2024-07-31
1228,F0102,FARM03,2024,Sunflower,Sunflower-V5,31.7,ha,2024-04-12,2024-08-05,3.3900716088479386,t_ha,29.590100933797657,193.2,1,131.70432868646458,mm,560.9882000950165,mm,17.695493798470125,0.8383704410167411,0.95,49.40506355357589,30.06993606412178,Sandy,Pole Plus,зрошення застосовано,2024-07-13
1229,F0119,FARM06,2024,Soy,Soy-V4,29,ha,2024-04-03,2024-07-29,2.867937058676034,t_ha,29.821756178746,109,4,246.90912464866415,mm,419.1259160870686,mm,21.439845563145354,0.3709826192585751,0.5092790216440335,48.55449884758005,29.538418500605506,Sandy,AgroService Ltd,проблема з дренажем,2024-07-06
1230,F0168,FARM08,2024,soya,Soy-V5,72.3,ha,31.03.2024,15.09.2024,44.72467221318292,bu_ac,27.445725149242207,192.8,4,0,in,579.0149890701286,mm,17.33591666794382,0.7766913479659706,0.8953340698266402,49.13223352007242,33.89931096423045,Chernozem,field master,норма,2024-05-16
1231,F0027,FARM11,2024,WHEAT ,Wheat-V1,13.4,NA,2024-04-11,2024-08-25,4.780994408763945,t_ha,29.219453471014276,92.5,2,0,mm,244.36179915210232,mm,16.26963267661631,0.41842194171622393,0.5,49.28818153585587,28.92035883822758,NA,AgroService Ltd,без примітки,2024-05-11
1232,F0018,FARM05,2024,Wheat,Wheat-V1,29.9,ha,2024-05-20,2024-10-03,77.72589403372065,bu_ac,28.708287546411157," 60,7 ",4,295.58003002312034,NA,159.66044400120154,mm,18.360134464222938,0.835494194785133,0.9201889238320291,49.05453972245147,30.744031787103975,Chernozem,AgroService Ltd,добре ,2024-07-08
1233,F0042-ALT,FARM12,2024,Wheat,Wheat-V5,19.6,NA,2024-05-13,2024-08-10,6.732753271469846,NA,27.660729489987716,216.7,6,0,mm,494.1328864078969,mm,17.910219861660153,NA,NA,48.859717933987874,31.05758531652205,NA,Pole Plus,норма,2024-07-18
1234,F0167,FARM03,2024,Corn,Corn-V5," 102,1",ha,2024-05-02,2024-07-30,112.3956364548356,bu_ac,11.81019512237981,144.5,6,160.02602101070806,mm,19.22474013491145,in,19.44469421240501,0.5272891806904226,0.6559168741106987,49.84401415537344,30.079877171544826,Sandy,GreenCrop,зрошення застосовано,2024-08-15
1235,F0024-ALT,FARM10,2024,Wheat,Wheat-V2,71.4,NA,13.04.2024,30.07.2024,4.762097687460482,t_ha,19.154896181542426,181.3,5,236.88224479556084,mm,588.7861508992501,mm,18.82153136911802,NA,NA,49.741145202697815,28.569116687842367,Loam,  UkrAgroTech ,добре,2024-06-16
1236,F0089,FARM05,2024,Soy,Soy-V5,106.9,ha,2024-04-20,2024-10-08,2.176768392440863,t_ha,29.383761854842305,201.4,4,0,mm,394.36354429926723,mm,22.438791879685596,0.44694888349622486,0.5127807535696774,49.69715944585903,32.28150970572978,chernozem,SunField Co,зрошення застосовано,2024-05-01
1237,F0016,FARM11,2024,soya,Soy-V2,45.2,ha,2024-04-27,2024-09-13,NA,NA,21.399339329684153," 217,6 ",2,15.629358939811823,in,24.429230405362397,in,12.320830673677847,0.38640591108705846,0.5,49.810932067984254,31.087154991895893,Loam,UkrAgroTech,норма,2024-09-13
1238,F0105,FARM08,2024,Corn,Corn-V4,94.7,ha,2024-05-20,2024-09-08,5.533234184375033,t_ha,27.99906311929226," 200,0 ",6,130.15923919156194,mm,15.86289729512348,in,12.352574530988932,0.7395487294066697,0.8815129263326525,49.33057358032931,32.407537905354985,Sandy,field master,проблема з дренажем,2024-06-04
1239,F0005,FARM11,2024,Sunflower,Sunflower-V1,205.5,ac,2024-05-09,2024-09-24,4.115548731456511,t_ha,19.04513090988621,176.2,0,0,mm,482.5429401244037,mm,14.62618981860578,0.5955022498033941,0.6830897490726784,49.92335815852322,30.392267190224025,Loam,GreenCrop,норма,2024-07-08
1240,F0142,FARM07,2024,Corn,Corn-V1,64.5,ha,2024-05-02,2024-08-01,8.802484347485006,t_ha,19.25800644629635,177,0,0,in,435.8041663770564,mm,21.217082746559754,0.6598404185147956,0.7355155795114114,49.31349099417589,33.76999556794111,Chernozem,POLE PLUS,зрошення застосовано,2024-06-24
1241,F0111,FARM11,2024,Corn,Corn-V4,64.2,NA,2024-03-21,2024-08-14,8.063955106539652,NA,21.43571813055314,194,6,10.474607974518179,in,340.4401483130641,NA,16.69074723124504,0.4239251208724454,0.5412763014435767,49.45520813353639,31.921285093258604,Loam,SunField Co,норма,2024-06-12
1242,F0022,FARM01,2024,wheat,Wheat-V1,96.1,ha,2024-05-11,2024-07-27,7.701745363418013,t_ha,32.46988805709407,115,5,229.44771986221895,mm,361.0545711242594,mm,18.95466727297753,0.6788539447821677,0.7806911211693659,48.67405671058409,31.407883253819776,Chernozem,UkrAgroTech,норма,2024-06-09
1243,F0040,FARM03,2024,Corn,Corn-V3,271.2,ac,2024-05-02,2024-09-14,89.50188206909166,bu_ac,12.81843763566576,194.1,6,0,mm,23.982417823354474,in,13.06016567046754,0.4438090858981013,0.5526261717546731,49.231048672345004,30.595062955955044,Sandy,UkrAgroTech,добре,2024-05-08
1244,F0111,FARM11,2024,Maize,Corn-V4,64.2,ha,21.03.2024,14.08.2024,128.40692844808365,bu_ac,21.43571813055314,194,6,266.05504255276173,mm,13.403155445396226,in,16.69074723124504,0.7477595668984577,0.8159176016924903,49.45520813353639,31.921285093258604,Loam,sunfield co,норма,2024-06-04
1245,F0153,FARM04,2024,Soy,Soy-V2,99.3,ac,2024-05-04,2024-10-13,3.7785891802050173,t_ha,9.40988503023982,216.3,5,144.01558311656117,mm,20.324541502412206,in,16.376285347389057,0.4487932115094736,0.594943816633895,49.09074176510796,33.68834777986352,Clay,AgroService Ltd,добре,2024-09-10
1246,F0139,FARM09,2024,Sunflower,Sunflower-V1," 34,1",ha,2024-03-28,2024-08-10,2.344155441527255,t_ha,31.159379738382995,107.4,4,0,in,25.175988796995735,in,14.39041486592032,0.5939369261264801,0.7263596192933619,49.24877617804427,29.160470813853202,Loam,UkrAgroTech,зрошення застосовано,2024-09-05
1247,F0120,FARM11,2024,Wheat,Wheat-V1,22.3,ha,2024-05-04,2024-08-25,7.822265973780304,t_ha,20.218908810755238,217.1,4,189.6205203142017,mm,293.20350975031033,mm,17.087858494138345,NA,NA,49.351761254160664,33.340001792449044,Chernozem,  UkrAgroTech ,добре,2024-07-17
1248,F0137,FARM10,2024,Soy,Soy-V2,28.9,ha,2024-03-29,2024-08-28,2.121402928372845,t_ha,30.699186260346323,193.8,0,4.328742678786855,in,570.6789943389595,mm,22.94006816041656,0.6137341789668426,0.6890305621782318,49.30931271425355,29.305080797411968,Loam,AgroService Ltd,норма,2024-09-02
1249,F0019,FARM11,2024,Wheat,Wheat-V2,60.7,ha,2024-05-10,2024-09-11,78.92725429806255,bu_ac,32.17060883902013,156.6,4,0,in,271.8910946161486,NA,17.419262438081205,0.3733533615246415,0.5,49.75099767027749,33.50730465129996,Chernozem,UkrAgroTech,норма,2024-09-25
1250,F0051,FARM12,2024,Corn,Corn-V3,84.4,ha,2024-04-09,2024-09-25,115.7914151869133,bu_ac,23.58738955296576,48.5,6,61.23316171579063,mm,283.2469788379967,mm,21.54012934677303,0.8080182072240859,0.9426571289310232,48.692686037635426,32.44254565196391,Loam,UkrAgroTech,добре,2024-05-15
1251,F0107,FARM08,2024,Corn,Corn-V3,67.9,NA,2024-04-02,2024-08-21,7.6183836637064815,t_ha,25.764335512649268,156.7,5,5.062354812911881,in,290.2303160633892,mm,12.319094770820811,0.4713831140194088,0.5747115255333483,49.41644257587334,33.41691162278829,NA,UkrAgroTech,перевірити,2024-06-02
1252,F0049,FARM05,2024,Corn,Corn-V5,88,ha,2024-04-20,2024-08-14,493.7335995328465,bu_ac,22.617144369287416,109.1,5,0,mm,400.17773038707674,NA,13.98245380166918,0.5532959952484816,0.6623050223803147,48.84955125702871,30.407608780310955,Loam,AgroService Ltd,перевірити,2024-07-17
1253,F0002,FARM02,2024,Wheat,Wheat-V1,171.4,ac,2024-03-23,2024-09-02,4.806339310714975,t_ha,26.463998208288103,100.9,3,0,mm,151.70989924808964,mm,16.566699263639748,0.7163421989185735,0.8014737442834302,33.65781548029557,49.5349362976132,Clay,AgroService Ltd,норма,2024-09-26
1254,F0122,FARM02,2024,Soy,Soy-V5,108.1,ha,2024-04-23,2024-10-06,NA,bu_ac,16.593411370180547,153.1,3,10.442813957388712,in,195.63122602412477,mm,21.991829907055944,0.4798458158271387,0.5382879054173827,48.79575587364379,29.908865246605128,Sandy,GreenCrop,добре,2024-05-06
1255,F0078,FARM04,2024,Wheat,Wheat-V4,60.5,NA,2024-03-15,2024-09-30,55.96975664114151,bu_ac,9.50673251086846,207.2,4,119.60634811548516,mm,416.9765734812245,mm,20.577170668635517,0.46750246852170674,0.5990289238747208,49.716007533497645,31.84393829084095,Loam,field master,проблема з дренажем,2024-07-06
1256,F0123,FARM08,2024,Wheat,Wheat-V3,100.1,NA,06.04.2024,17.08.2024,3.872165443142876,t_ha,30.95647318707779,14.3,6,356.39447539579123,mm,23.93524829292758,in,15.641979494132102,0.4398639824008569,0.5016448354581371,49.77811908343388,30.24446113924496,Clay,SunField Co,норма,2024-07-04
1257,F0150,FARM08,2024,Wheat,Wheat-V5,98.2,ha,2024-03-20,2024-08-02,6.154148577013984,t_ha,13.887586144031957,106.7,0,236.79680690402165,mm,15.687517797039074,in,14.52006634278223,-0.2338632037397474,0.6446592724882066,48.95343883008463,33.19040964336554,CLAY ,GreenCrop ,зрошення застосовано,2024-08-24
1258,F0034,FARM08,2024,Corn,Corn-V5,169.9,ac,2024-05-04,2024-08-09,10.725200979970396,t_ha,33.02079915814102,195.2,0,347.7899692952633,mm,282.7533442527056,mm,16.33513083262369,0.4062775966245681,0.5,48.962404261286835,32.477248424302786,Loam,UkrAgroTech,норма,2024-08-08
1259,F0086,FARM10,2024,Wheat,Wheat-V4,76.6,ha,2024-04-14,2024-08-26,6.102835570462048,t_ha,29.41356469434686,148.9,6,388.3000611211173,mm,10.299380461219698,in,12.95841936999932,0.8248797952197492,0.9328795878915116,49.46506709000236,30.871625154437965,Clay,UkrAgroTech,посуха,2024-09-09
1260,F0107,FARM08,2024,Corn,Corn-V3,167.7,ac,2024-04-02,2024-08-21,7.6183836637064815,NA,25.764335512649268,156.7,5,128.58381224796176,mm,11.426390396196425,in,12.319094770820811,0.6812953414861113,0.78500270859804,49.41644257587334,33.41691162278829,Chernozem,  UkrAgroTech ,перевірити,2024-08-23
1261,F0008,FARM11,2024,Corn,Corn-V4,85.2,ac,2024-03-26,2024-10-07,178.55556305070783,bu_ac,19.426203463226557,65.2,3,0,in,337.0803668629378,mm,15.070234607439488,0.6673959441483021,0.7200030238134786,49.568975106118245,31.202223038999833,Clay,UkrAgroTech,проблема з дренажем,2024-09-25
1262,F0169,FARM10,2024,Corn,Corn-V5,89.4,ha,2024-04-15,2024-09-30,121.97112967111883,bu_ac,15.85373682784848," 143,7 ",5,0,in,455.67375008249655,mm,12.820798456668854,0.5482245962135494,0.6081663875374943,48.6472723670844,29.63152911456302,Chernozem,UkrAgroTech,перевірити,2024-05-27
1263,F0030,FARM07,2024,Wheat,Wheat-V3,50,ha,25.04.2024,07.08.2024,5.588218572782353,t_ha,32.997949754819274,150.9,3,303.60774827422574,mm,470.2351025072858,mm,17.842249265871942,0.8193192384438589,0.9066661942983046,49.66297258011485,33.915239915442186,Chernozem,agroservice ltd,без примітки,2024-05-09
1264,F0073,FARM12,2024,Sunflower,Sunflower-V4," 74,5",ha,2024-05-03,2024-08-21,2.0788094953168184,t_ha,22.164079687325284,215.4,2,0,mm,11.127694663463352,in,18.583269954426214,0.57860569646582,0.7227106638252735,49.987148067534434,32.84651456982037,Chernozem,SunField Co,зрошення застосовано,2024-07-17
1265,F0152,FARM03,2024,WHEAT ,Wheat-V3,25.8,ha,2024-05-16,2024-09-18,5.5008091679774225,t_ha,22.96561143663712,24.2,6,394.4960172404535,mm,581.9952062913217,mm,22.873982571763918,0.8352230933029204,0.9355873309774324,49.91272284011962,31.751929140125405,Clay,AgroService Ltd,зрошення застосовано,2024-08-23
1266,F0036,FARM06,2024,Sunflower,Sunflower-V5,102.2,ha,2024-04-21,2024-08-07,1.985393129149452,t_ha,10.878711528144777,97.2,5,0,mm,14.069447891079037,in,13.82031901855953,0.6621883025160059,0.7641828988213092,49.745543451902456,32.28799643377261,Chernozem,UkrAgroTech,добре,2024-06-24
1267,F0003,FARM01,2024,Corn,Corn-V5,17.6,ha,02.04.2024,23.08.2024,99.08192784000474,bu_ac,17.268254621885717," 170,8 ",0,257.12129306048155,NA,25.33499691699536,in,20.552715743426234,NA,NA,49.836275325906,28.9835720234802,Chernozem,SunField Co,добре,2024-08-28
1268,F0162,FARM02,2024,Soy,Soy-V5,23,ha,2024-03-31,2024-07-30,43.67089654764584,bu_ac,12.916325388010591,218.6,6,382.3411257471889,mm,374.05488450312987,mm,18.141030692961067,NA,NA,49.75033556248946,29.383213261691388,NA,AgroService Ltd,зрошення застосовано,2024-07-02
1269,F0003,FARM01,2024,Corn,Corn-V5,43.5,ac,2024-04-02,2024-08-23,6.222345068352297,t_ha,17.268254621885717,170.8,0,257.12129306048155,mm,643.5089216916822,mm,20.552715743426234,0.6430624320870265,0.7671967116184533,49.836275325906,28.9835720234802,Chernozem,SunField Co,добре,2024-05-09
1270,F0010,FARM11,2024,Maize,Corn-V3,97.5,ha,2024-04-09,2024-09-30,136.56407302159485,bu_ac,33.94990235893056,0.8,3 apps,0,mm,358.02558216964826,mm,17.11128444923088,0.4697858368977904,0.5237550027668476,28.984314635482153,48.529781022499776,Chernozem,field master,проблема з дренажем,2024-08-22
1271,F0002,FARM02,2024,WHEAT ,Wheat-V1,69.4,ha,23.03.2024,02.09.2024,71.41663165995506,bu_ac,26.463998208288103,100.9,3,0,mm,151.70989924808964,mm,16.566699263639748,NA,NA,49.5349362976132,33.65781548029557,Clay,AgroService Ltd,норма,2024-09-02
1272,F0068,FARM03,2024,Sunflower,Sunflower-V3,80,ha,2024-04-19,2024-08-16,2.6426274452358482,NA,14.55948887532577,117.2,1,10.788001345129553,in,623.8801267463714,NA,17.97643334325403,0.6057650953531265,0.6933815634576603,48.91768954402394,29.8566254322161,loamy,UkrAgroTech,норма,2024-07-28
1273,F0106,FARM08,2024,Sunflower,Sunflower-V3," 92,9",ha,06.05.2024,14.09.2024,73.05152113181784,bu_ac,18.101373933721334,99.2,4,0,in,9.070430428988674,in,15.441293412819505,0.8132954581174999,0.91600658709649,48.802430170864334,32.021926630538424,Sandy,  UkrAgroTech ,зрошення застосовано,2024-05-20
1274,F0060,FARM07,2024,Wheat,Wheat-V3,56.7,ha,2024-05-11,2024-07-25,82.6890810868837,bu_ac,14.346865569241345,79.2,4,178.00424641463906,mm,371.92779190372676,mm,19.12585721234791,0.4716379824327305,0.5396510370774195,49.61297252285387,32.2830915608597,Chernozem,field master,норма,2024-05-04
1275,F0014,FARM01,2024,Sunflower,Sunflower-V5,100.3,ha,2024-05-07,2024-08-31,36.27562293488728,bu_ac,33.71312448033132,134.9,0,12.611239967963066,in,19.724658030400597,in,14.761905671097338,0.7774109259713441,0.9161935606738552,49.2867364769727,29.94537253516866,Chernozem,GreenCrop ,норма,2024-09-25
1276,F0042,FARM12,2024,Wheat,Wheat-V5,19.6,ha,2024-05-13,2024-08-10,100.04091042302892,bu_ac,27.660729489987716," 216,7 ",6,0,mm,494.1328864078969,mm,17.910219861660153,0.4306549306726083,0.5,48.85987726973416,31.057511995159093,Loam,Pole Plus,норма,2024-05-08
1277,F0119-ALT,FARM06,2024,Soy,Soy-V4,71.2,ac,2024-04-03,2024-07-29,2.867937058676034,t_ha,29.821756178746,109,4,246.90912464866415,mm,419.1259160870686,mm,21.439845563145354,0.4636338118230924,0.519749336107634,48.55452010616255,29.538429869342455,Sandy,AgroService Ltd,проблема з дренажем,2024-05-27
1278,F0041,FARM06,2024,Sunflower,Sunflower-V5,25.1,NA,2024-04-08,2024-10-05,43.070590547531054,bu_ac,24.47740547079593,149.1,1,0,NA,590.5649965978228,mm,16.42417799611576,0.6452616675756871,0.6990458104759455,49.27202126573399,29.58394480904611,loamy,sunfield co,зрошення застосовано,2024-07-05
1279,F0155,FARM12,2024,Wheat,Wheat-V4,55.7,ha,07.05.2024,08.08.2024,94.81897627115582,bu_ac,9.874784131767228,83.4,5,0,mm,422.0934542710893,mm,19.4212010120973,0.4704155163140967,0.5758698004530742,49.641987479628064,32.22231671045022,Clay,  UkrAgroTech ,норма,2024-05-22
1280,F0023,FARM10,2024,Wheat,Wheat-V3,142.4,ac,2024-04-23,2024-09-02,45.49381892607834,bu_ac,17.170026327483356,51.3,3,0,mm,409.4043309567496,mm,14.805122779682279,0.5194328578887507,0.6486668227938934,49.21183699728316,29.74882334249979,Chernozem,POLE PLUS,добре,2024-06-23
1281,F0154,FARM06,2024,Soy,Soy-V4,37.9,ac,2024-03-31,2024-10-02,3.880203464999795,t_ha,21.664070404833183,108.6,0,11.300490398187279,in,502.89698826381937,mm,17.845397881697863,0.6242137507302686,0.6849962493404745,49.637026182342325,31.349870851341638,Sandy,agroservice ltd,добре,2024-06-28
1282,F0033,FARM08,2024,Sunflower,Sunflower-V5,15.3,ha,2024-05-08,2024-08-04,65.3571217198317,bu_ac,20.60274729784578,109.3,4,0,mm,286.51455589570105,mm,17.779656806960702,0.3818549445364624,0.5291153953876346,49.8927680000295,33.46568400714826,NA,sunfield co,без примітки,2024-08-19
1283,F0015,FARM12,2024,Soy,Soy-V4,12.5,ha,2024-04-18,2024-10-09,NA,bu_ac,8.886731988750398,111.7,0,4.168908887700449,in,580.1193816005252,mm,19.334382025059313,0.5041484757326543,0.5968426771229133,48.51713964290591,33.08347146948008,Loam,AgroService Ltd,посуха,2024-07-11
1284,F0155,FARM12,2024,Wheat,Wheat-V4,55.7,ha,2024-05-07,2024-08-08,6.3813171030487865,t_ha,9.874784131767228,83.4,5,0,mm,422.0934542710893,mm,19.4212010120973,0.5594554589129984,0.6590864371508359,49.641987479628064,32.22231671045022,Clay,  UkrAgroTech ,норма,2024-05-31
1285,F0004,FARM04,2024,Soy,Soy-V3,220.7,ac,2024-05-14,2024-09-24,53.956962550712134,bu_ac,24.181020002113655,167.7,5,70.20687271142378,mm,274.96327471453696,mm,13.058448714902624,0.5781778767937794,0.7279183563310653,49.49969187557697,33.00418895693403,Loam,field master,добре,2024-05-23
1286,F0179,FARM11,2024,Wheat,Wheat-V2,83.5,NA,2024-04-12,2024-08-06,3.5220054113306105,t_ha,13.375189827289432,86.4,2,7.767081213015037,in,259.4836881849915,mm,14.542118639685214,0.7061395244905725,0.8269624762004241,49.552445307798216,32.97517384169856,loamy,agroservice ltd,без примітки,2024-06-08
1287,F0042-ALT,FARM12,2024,Wheat,Wheat-V5,19.6,ha,2024-05-13,2024-08-10,100.04091042302892,bu_ac,27.660729489987716," 216,7 ",6,0,mm,494.1328864078969,mm,17.910219861660153,0.4306549306726083,0.5,48.85960946304174,31.05768583955495,Loam,Pole Plus,норма,2024-05-08
1288,F0023,FARM10,2024,Wheat,Wheat-V3,142.4,ac,2024-04-23,2024-09-02,3.061734013725072,t_ha,17.170026327483356,51.3,3,0,mm,16.118280746328725,in,14.805122779682279,NA,NA,49.21183699728316,29.74882334249979,Chernozem,POLE PLUS,добре,2024-07-09
1289,F0074,FARM06,2024,Wheat,Wheat-V5,47.8,ac,2024-05-07,2024-08-05,7.298212038120255,t_ha,34.35369890765287,164.5,1,0,mm,678.8982579833828,mm,22.257242793915793,0.6679408580763265,0.7877056245924905,49.83224447855726,29.877353757942096,NA,SunField Co,зрошення застосовано,2024-05-31
1290,F0116,FARM04,2024,Soy,Soy-V5,43.6,ha,2024-03-26,2024-09-12,NA,t_ha,15.610496307024732,190.6,4,249.96498601976782,mm,566.568944172468,mm,19.374237705254927,0.6142397941090166,0.6889118512626737,49.61296878497536,33.785506481076126,Chernozem,sunfield co,зрошення застосовано,2024-08-09
1291,F0069,FARM05,2024,Soy,Soy-V1,10.1,ha,2024-03-19,2024-08-03,23.997979761719883,bu_ac,31.1472301739268,162.3,4,9.228781398246433,in,457.8039458836429,mm,21.600855943048373,0.3984014896210283,0.513910245639272,48.76715906085679,33.17149420317682,chernozem,SunField Co,добре,2024-05-21
1292,F0021,FARM09,2024,Corn,Corn-V5,21.3,ha,2024-04-15,2024-08-13,117.42269444934858,bu_ac,17.89746408117935,57,6,0,mm,26.746281991459753,in,20.370814201654866,0.5020778295816853,0.5548680231906473,48.94283583210548,33.610315172569365,Loam,Field Master,перевірити,2024-07-15
1293,F0162,FARM02,2024,Soy,Soy-V5,23,ha,2024-03-31,2024-07-30,43.67089654764584,bu_ac,12.916325388010591,218.6,6,382.3411257471889,mm,14.726570256028737,in,18.141030692961067,0.5592714271275326,0.6918936554808169,56.68142644222826,18.92666170024313,Sandy,AgroService Ltd,зрошення застосовано,2024-09-08
1294,F0157,FARM08,2024,Wheat,Wheat-V1,107.3,ha,2024-05-14,2024-09-13,NA,t_ha,33.100179970031604,174,6,0,mm,517.6518210209906,NA,20.84256383473985,0.5486512443982065,0.6816275673685595,49.663739359313624,30.301349016147668,Chernozem,POLE PLUS,перевірити,2024-08-27
1295,F0145,FARM03,2024,Corn,Corn-V4," 64,5",ac,2024-04-12,2024-07-29,NA,t_ha,10.871985610341653,95.5,1,319.4416265701875,mm,252.08336173091084,mm,15.344214049633592,0.41183671427424995,0.5,49.34811512997281,33.22835833417112,Loam,GreenCrop,перевірити,2024-08-20
1296,F0038,FARM12,2024,Corn,Corn-V2," 117,4",ha,2024-04-14,2024-09-20,7.03525630524382,NA,30.462836305145174," 160,3 ",2,155.70829702774063,NA,202.8187921619974,mm,19.772323749726638,0.37052659937180576,0.5,48.53040262050182,28.943944481589366,Sandy,UkrAgroTech,без примітки,2024-09-18
1297,F0145,FARM03,2024,Corn,Corn-V4,64.5,ac,2024-04-12,2024-07-29,NA,bu_ac,10.871985610341653,95.5,1,319.4416265701875,mm,9.92454180042956,in,15.344214049633592,0.39842863988596944,0.5,49.34811512997281,33.22835833417112,Loam,GreenCrop,перевірити,2024-09-22
1298,F0023,FARM10,2024,Wheat,Wheat-V3,57.6,ha,2024-04-23,2024-09-02,45.49381892607834,bu_ac,17.170026327483356," 51,3 ",3,0,mm,409.4043309567496,mm,14.805122779682279,0.5044809023616835,0.597504974831827,49.21183699728316,29.74882334249979,Chernozem,Pole Plus,добре,2024-09-21
1299,F0024,FARM10,2024,Wheat,Wheat-V2,71.8,ha,2024-04-13,2024-07-30,4.762097687460482,t_ha,19.154896181542426,181.3,5,9.32607262974649,in,588.7861508992501,mm,18.82153136911802,0.728808377077803,0.8251541170757264,49.74122151983622,28.569316067039036,Loam,  UkrAgroTech ,добре,2024-05-06
1300,F0041,FARM06,2024,Sunflower,Sunflower-V5,62.1,ac,2024-04-08,2024-10-05,2.45502366120927,t_ha,24.47740547079593,149.1,1,0,mm,-59.75619114586152,mm,16.42417799611576,NA,NA,49.27202126573399,29.58394480904611,loamy,sunfield co,зрошення застосовано,2024-08-03
1301,F0081,FARM11,2024,Soy,Soy-V3,252.6,ac,2024-03-21,2024-09-03,NA,bu_ac,31.022788552334532," 54,4 ",5,99.40350014949217,mm,593.7410652521066,mm,21.848467608215287,0.4294057820457965,0.5713833310874179,49.64354762136284,33.545173297272534,chernozem,field master,добре,2024-06-09
1302,F0046,FARM12,2024,Corn,Corn-V3,84.5,ha,2024-03-19,2024-07-30,179.36097738662272,bu_ac,17.755124284187332,197.3,3,0,mm,20.740650961355225,in,12.310517691774294,NA,NA,49.06077132399287,30.46170370443072,Sandy,Field Master,посуха,2024-07-31
1303,F0117,FARM10,2024,WHEAT ,Wheat-V2,192.2,ac,2024-04-13,2024-07-25,7.688482908532023,t_ha,22.67579868552275,107.8,5,-26.094994828337803,mm,654.7593226656318,mm,22.50023498479277,0.7392914411844685,0.8531471722293645,48.51653294270579,31.982219828517643,Loam,field master,норма ,2024-05-05
1304,F0094,FARM04,2024,Sun-flower,Sunflower-V1,78.7,NA,2024-04-18,2024-10-07,2.930003578355536,t_ha,18.565608207834885,177.9,4,368.35784160066396,mm,618.6045424081385,mm,13.807362733175978,0.43425365516450254,0.5132781413383781,49.23248761920212,29.0682082680529,Chernozem,field master,проблема з дренажем,2024-09-23
1305,F0019,FARM11,2024,Wheat,Wheat-V2,60.7,ha,2024-05-10,2024-09-11,5.31180421425961,t_ha,32.17060883902013,156.6,4,0,mm,271.8910946161486,mm,17.419262438081205,0.3648948187706992,0.5,49.75099767027749,33.50730465129996,chernozem,UkrAgroTech,норма,2024-05-12
1306,F0056,FARM11,2024,Corn,Corn-V1,101.9,ha,2024-04-04,2024-09-18,89.85056468822467,bu_ac,25.900315821403638,32.2,0,257.2361152037047,mm,203.32660430576652,mm,15.078384353080764,0.6671985994558781,0.7366943421075121,48.981845473898574,32.978933228631504,Loam,SunField Co,зрошення застосовано,2024-07-27
1307,F0045,FARM04,2024,Soy,Soy-V5," 26,5",ha,2024-03-14,2024-09-05,NA,bu_ac,33.817639887332916,3.1,4,167.99084219383076,mm,209.26512194564566,NA,22.452876013005152,0.5364990552421659,0.6675362496403977,48.63255987493694,29.782886407746936,Chernozem,SunField Co,без примітки,2024-06-13
1308,F0009,FARM04,2024,Corn,Corn-V2,14.2,ha,22.03.2024,21.09.2024,11.774661874165758,NA,12.932549148332328,102.4,5,0,mm,245.38206818979234,mm,21.16372923878953,0.46891373782418666,0.589177980995737,49.20708387859026,33.922112769877074,Chernozem,Pole Plus,норма,2024-07-08
1309,F0078,FARM04,2024,Wheat,Wheat-V4,60.5,ha,2024-03-15,2024-09-30,3.7667646219488233,t_ha,9.50673251086846," 207,2 ",4,119.60634811548516,mm,416.9765734812245,mm,20.577170668635517,0.6163457250455394,0.6727717723464594,49.716007533497645,31.84393829084095,Loam,Field Master,проблема з дренажем,2024-05-10
1310,F0132,FARM08,2024,Corn,Corn-V4,40.8,ha,24.04.2024,23.08.2024,143.5961881222405,bu_ac,28.56416151765734,74.4,2,0,in,615.835236874409,mm,22.62135248654522,0.5050127249211073,0.5590238223783671,48.861345076068766,30.590337796685287,Chernozem,  UkrAgroTech ,перевірити ,2024-08-27
1311,F0089,FARM05,2024,Soy,Soy-V5,106.9,NA,2024-04-20,2024-10-08,2.176768392440863,NA,29.383761854842305,201.4,4,0,mm,394.36354429926723,mm,22.438791879685596,0.6659166218247264,0.7693005269160493,49.69715944585903,32.28150970572978,Chernozem,SunField Co,зрошення застосовано,2024-08-07
1312,F0088,FARM07,2024,Soy,Soy-V2,26.6,ha,2024-04-12,2024-08-31,1.7248178847366944,t_ha,8.521769009064883,180.7,0,0,in,391.4415149600245,mm,13.934012849349529,NA,NA,49.17844793230435,28.758923526777423,Clay,UkrAgroTech,норма,2024-05-22
1313,F0082,FARM10,2024,Wheat,Wheat-V4,19.2,NA,2024-03-29,2024-07-29,90.77165906842006,bu_ac,32.46651548938826,12.3,4,50.7750705932267,NA,467.5954924430698,mm,14.567363708978519,NA,NA,49.167345152378545,31.0308623474706,Chernozem,  UkrAgroTech ,без примітки,2024-08-30
1314,F0076,FARM03,2024,Soy,Soy-V4,260.3,ac,2024-03-30,2024-08-13,2.2805773965083063,t_ha,28.390503726433963,139.3,4,130.34406080842018,mm,623.5888537485152,mm,18.85033021075651,NA,NA,49.265796064311175,32.96725059500616,Chernozem,AgroService Ltd,добре,2024-05-08
1315,F0111,FARM11,2024,Corn,Corn-V4,64.2,ha,2024-03-21,2024-08-14,128.40692844808365,bu_ac,21.43571813055314,194,6,266.05504255276173,mm,340.4401483130641,mm,16.69074723124504,0.4011393641354516,0.5162641814211383,49.45520813353639,31.921285093258604,Loam,sunfield co,норма,2024-06-18
1316,F0106,FARM08,2024,Sun-flower,Sunflower-V3,229.4,ac,2024-05-06,2024-09-14,73.05152113181784,bu_ac,18.101373933721334,99.2,4,0,mm,230.38893289631233,NA,15.441293412819505,0.4500799174653366,0.5463137406855821,48.802430170864334,32.021926630538424,Sandy,UkrAgroTech,зрошення застосовано,2024-08-08
1317,F0124,FARM09,2024,Wheat,Wheat-V4," 57,3",ha,2024-05-05,2024-08-21,7.964369550580159,t_ha,17.756143552949652,36.6,5,0,mm,527.1573942154646,mm,12.57254916569218,0.39720266407821325,0.5,48.58700871274853,29.276934476479425,Chernozem,AgroService Ltd,без примітки,2024-05-19
1318,F0044,FARM02,2024,soya,Soy-V2,106.1,ac,2024-04-03,2024-08-16,38.560049563029125,bu_ac,22.17825759900734,66.1,0,383.08246675878763,mm,11.913593340111442,in,15.952172871679068,0.6233208989957347,0.5009813415864482,49.43351887770323,29.190381043586882,Chernozem,Field Master,перевірити,2024-06-23
1319,F0147,FARM01,2024,Soy,Soy-V2," 97,0",ha,2024-03-14,2024-09-23,26.906280858611016,bu_ac,15.010438249912113,161.9,4,187.22290239529684,mm,232.22202578326687,mm,19.501204959349707,0.46522846377920357,0.5516424986766651,49.186465103103316,32.563832794721705,Clay,agroservice ltd,проблема з дренажем,2024-07-02
1320,F0036-ALT,FARM06,2024,Sunflower,Sunflower-V5,254.3,ac,2024-04-21,2024-08-07,34.831458406130736,bu_ac,10.878711528144777,97.2,5,0,mm,357.3639764334075,mm,13.82031901855953,0.46412106023635713,0.5470097781158983,49.74566745417137,32.288132922086305,chernozem,UkrAgroTech,добре,2024-09-17
1321,F0064,FARM03,2024,wheat,Wheat-V3,143.1,ac,2024-05-02,2024-08-24,3.405883757630363,NA,24.34519357350655,206,2,348.50384613964707,NA,469.225350394845,mm,17.54613612871617,0.6825283869635314,0.7338825159473344,48.83223545020539,32.1746045597787,Chernozem,sunfield co,перевірити,2024-09-18
1322,F0034,FARM08,2024,Corn,Corn-V5,68.7,ha,04.05.2024,09.08.2024,170.78345509507,bu_ac,33.02079915814102,195.2,0,347.7899692952633,NA,11.132021427271873,in,16.33513083262369,0.675268461368978,0.7697544649941847,48.962404261286835,32.477248424302786,Loam,UkrAgroTech,норма,2024-06-30
1323,F0148,FARM11,2024,Wheat,Wheat-V5,198.2,ac,2024-04-04,2024-07-25,7.482028145575896,NA,14.90191361727193,187.3,4,87.48800673056394,mm,640.044241445139,mm,16.551106797298416,0.38431450750213114,0.5,49.724740576219745,28.782116849329324,Chernozem,UkrAgroTech,норма ,2024-05-05
1324,F0029,FARM10,2024,Sunflower,Sunflower-V4," 52,1",ha,2024-05-19,2024-08-22,4.1085846982430665,t_ha,30.790966553613544,163.3,2,0,in,363.9988965704106,NA,16.463625044329092,0.8057468871353194,0.9358356250682845,48.92368549982598,33.29896603370318,Chernozem,  UkrAgroTech ,проблема з дренажем,2024-05-29
1325,F0100,FARM02,2024,Wheat,Wheat-V4,28.2,ha,2024-04-07,2024-08-03,96.98013293129263,bu_ac,24.416961741866544,161.5,4,0,in,15.775083048602816,in,16.123877361416817,0.7090090210782364,0.857781621441245,49.06267173125828,30.588034155547156,Chernozem,Field Master,добре,2024-08-27
1326,F0051,FARM12,2024,Corn,Corn-V3,84.4,NA,2024-04-09,2024-09-25,7.271700873738155,t_ha,23.58738955296576,48.5,6,2.4107543982594737,in,283.2469788379967,mm,21.54012934677303,0.4841083904262632,0.539380341861397,48.692686037635426,32.44254565196391,Loam,  UkrAgroTech ,добре,2024-07-16
1327,F0063,FARM02,2024,Corn,Corn-V2,66.9,ac,2024-03-10,2024-09-21,5.591409159824252,NA,13.186535700690001," 201,6 ",1,313.34581619594246,mm,438.1866673473269,mm,21.33092327415943,NA,NA,49.96069988476997,31.866894032699058,Loam,Pole Plus,зрошення застосовано ,2024-07-19
1328,F0159,FARM05,2024,Soy,Soy-V3,33.4,NA,2024-04-01,2024-09-27,39.950117948333585,bu_ac,31.782064005499706,135.1,5,225.66881695529446,NA,670.4425037140027,mm,15.658486388856545,0.6355400792323053,0.7490597801748663,49.43161847706465,33.26612068808126,NA,agroservice ltd,перевірити,2024-09-03
1329,F0036,FARM06,2024,Sunflower,Sunflower-V5,252.5,ac,2024-04-21,2024-08-07,1.985393129149452,NA,10.878711528144777,97.2,5,0,mm,357.3639764334075,mm,13.82031901855953,NA,NA,49.745543451902456,32.28799643377261,Chernozem,  UkrAgroTech ,добре,2024-05-15
1330,F0180,FARM08,2024,Wheat,Wheat-V3,61.7,ac,07.05.2024,16.08.2024,3.3748709976207465,t_ha,30.018077263608575,190,5,11.283153297716943,in,6.75035212839785,in,12.293255709810182,0.3852553897537291,0.5314523305976764,48.80569585595978,30.47084330999898,Loam,POLE PLUS,добре,2024-09-29
1331,F0171,FARM03,2024,Corn,Corn-V4,118.8,ha,2024-04-10,2024-10-08,NA,NA,17.791147832758725,215.3,6,261.87887659762055,mm,515.4188661254011,mm,22.187703826930374,0.7769716436974704,0.8566706248559057,49.1256769034192,32.45889498128044,Loam,  UkrAgroTech ,зрошення застосовано,2024-09-07
1332,F0055,FARM06,2024,Corn,Corn-V5,42.2,ha,2024-03-16,2024-09-27,11.697792859515175,t_ha,18.35420406004414,207.4,2,142.89930392988026,mm,369.53695686534047,mm,16.935861185891554,0.8463165776571259,0.95,48.971339052139314,31.83588249845617,Chernozem,Pole Plus,проблема з дренажем,2024-09-25
1333,F0168,FARM08,2024,Soy,Soy-V5,72.3,ha,2024-03-31,2024-09-15,44.72467221318292,bu_ac,27.445725149242207,192.8,4,0,mm,579.0149890701286,mm,17.33591666794382,0.4771376622607931,0.5741129264468326,49.13223352007242,33.89931096423045,Chernozem,Field Master,норма,2024-09-25
1334,F0170,FARM06,2024,Corn,Corn-V3,27,ha,2024-03-14,2024-07-28,156.37868200428784,bu_ac,8.1330595088657," 183,1 ",5,0,mm,14.056571169415358,in,12.848672702210024,0.5573096976382658,0.6780857991194352,49.51627001135936,30.202405713270885,NA,POLE PLUS,посуха,2024-08-26
1335,F0148,FARM11,2024,Wheat,Wheat-V5,80.2,ha,2024-04-04,2024-07-25,111.17426665045907,bu_ac,14.90191361727193,187.3,4,87.48800673056394,mm,640.044241445139,mm,16.551106797298416,0.7822435159701854,0.8375440278556198,49.724740576219745,28.782116849329324,Chernozem,UkrAgroTech,норма,2024-06-13
1336,F0110,FARM07,2024,Corn,Corn-V2,115.2,ha,2024-04-19,2024-10-11,9.866490167565644,NA,57.87423795694485,52,1,137.022539076861,mm,20.745985104068087,in,15.931346965022385,0.4360486410092562,0.5,49.7786507780808,28.85294060078496,Clay,SunField Co,зрошення застосовано,2024-06-11
1337,F0159,FARM05,2024,Soy,Soy-V3,33.4,NA,2024-04-01,2024-09-27,2.6886429379228503,t_ha,31.782064005499706,135.1,5,225.66881695529446,mm,670.4425037140027,mm,15.658486388856545,0.8293752488913014,0.9199693869100883,49.43161847706465,33.26612068808126,Clay,agroservice ltd,перевірити,2024-09-30
1338,F0063,FARM02,2024,Corn,Corn-V2,27.1,ha,2024-03-10,2024-09-21,-0.14155789779033512,t_ha,13.186535700690001,201.6,1,313.34581619594246,mm,438.1866673473269,mm,21.33092327415943,0.42507130003068594,0.5453637055587023,31.866894032699058,49.96069988476997,Loam,POLE PLUS,зрошення застосовано,2024-08-11
1339,F0056,FARM11,2024,Corn,Corn-V1," 101,9",ha,2024-04-04,2024-09-18,5.642615462420508,t_ha,25.900315821403638,32.2,0,257.2361152037047,NA,8.00498442148687,in,15.078384353080764,0.4978078219806775,0.625846078665927,48.981845473898574,32.978933228631504,Loam,sunfield co,зрошення застосовано,2024-09-25
1340,F0101,FARM07,2024,Sunflower,Sunflower-V2,17,ha,2024-05-16,2024-09-09,3.9986537314485764,t_ha,29.66828211932443," 154,4 ",6,115.60703431023285,mm,614.7301434888504,mm,12.208582530496642,0.5546369959134608,0.6594464662019163,48.70140651554707,28.65725658612838,loamy,sunfield co,зрошення застосовано,2024-08-04
1341,F0068,FARM03,2024,Sunflower,Sunflower-V3,80,ha,2024-04-19,2024-08-16,2.6426274452358482,t_ha,14.55948887532577,117.2,1,274.0152341662906,mm,623.8801267463714,mm,17.97643334325403,0.8025140647310763,0.9480634668376297,48.91768954402394,29.8566254322161,Loam,  UkrAgroTech ,норма,2024-08-06
1342,F0132,FARM08,2024,Corn,Corn-V4,40.8,ha,2024-04-24,2024-08-23,9.017840614076704,t_ha,28.56416151765734,74.4,2,0,mm,615.835236874409,mm,22.62135248654522,0.8033387799747288,0.9117638480849564,48.861345076068766,30.590337796685287,Chernozem,UkrAgroTech,перевірити,2024-07-01
1343,F0062,FARM09,2024,Wheat,Wheat-V1,90.4,ha,16.03.2024,26.09.2024,65.6464142084155,bu_ac,25.066392104607075,90.6,3,0,mm,16.280923770212635,in,16.50783714442514,0.4063294049352407,0.5,49.80851256471407,31.566230955846144,Chernozem,Pole Plus,проблема з дренажем,2024-07-16
1344,F0080,FARM04,2024,Soy,Soy-V5,62.2,ac,2024-05-08,2024-09-03,2.089523832895793,t_ha,28.996699631214142,47.2,2,0,mm,326.4474817784503,NA,19.707293085753918,0.5806986629264429,0.7264934566803276,49.301019012641625,29.616434515206144,Loam,agroservice ltd,норма,2024-09-23
1345,F0145,FARM03,2024,Maize,Corn-V4," 64,5",ac,12.04.2024,29.07.2024,NA,t_ha,10.871985610341653,95.5,1,12.576441990952265,in,252.08336173091084,mm,15.344214049633592,0.37109596517402677,0.5,49.34811512997281,33.22835833417112,Loam,GreenCrop,перевірити,2024-08-31
1346,F0055,FARM06,2024,Corn,Corn-V5,42.2,ha,2024-03-16,2024-09-27,186.27058693495505,bu_ac,18.35420406004414,207.4,2,142.89930392988026,mm,369.53695686534047,mm,16.935861185891554,0.6390474817249924,0.7222751535475254,48.971339052139314,31.83588249845617,Chernozem,Pole Plus,проблема з дренажем ,2024-05-24
1347,F0099,FARM12,2024,soya,Soy-V2,24,ac,2024-04-16,2024-07-30,NA,t_ha,28.330677752150223,74.2,1,202.06500816857442,mm,501.1654658475891,mm,12.653627194929868,0.36587245578411964,0.5,49.988244747210764,33.796182937197386,Loam,GreenCrop,без примітки,2024-06-15
1348,F0087,FARM10,2024,wheat,Wheat-V2,100.7,ha,2024-04-09,2024-08-24,97.166536573769,bu_ac,13.952209253329784," 42,8 ",4,97.26972467033193,mm,18.608419839696094,in,19.736648411257192,NA,NA,49.616789512768854,28.80246420747787,Sandy,GreenCrop,без примітки,2024-07-31
1349,F0042-ALT,FARM12,2024,Wheat,Wheat-V5,48.8,ac,2024-05-13,2024-08-10,6.732753271469846,NA,27.660729489987716,216.7,6,0,in,19.454050645980193,in,17.910219861660153,NA,NA,48.85978653593212,31.057510600209937,Loam,Pole Plus,норма,2024-09-19
1350,F0040,FARM03,2024,Corn,Corn-V3,109.7,ha,2024-05-02,2024-09-14,5.620718193938956,t_ha,12.81843763566576,194.1,6,0,mm,609.1534127132036,mm,13.06016567046754,0.4069466291926801,0.5505614784546196,49.231048672345004,30.595062955955044,Sandy,UkrAgroTech,добре,2024-08-11
1351,F0004,FARM04,2024,Soy,Soy-V3,89.3,NA,14.05.2024,24.09.2024,3.6313035796629265,t_ha,24.181020002113655,167.7,5,2.764050106748968,in,274.96327471453696,mm,13.058448714902624,0.388802070193924,0.522888654912822,49.49969187557697,33.00418895693403,Loam,Field Master,добре,2024-06-27
1352,F0043,FARM10,2024,Corn,Corn-V3," 7,1",ha,2024-04-12,2024-08-03,-2.4603412873675206,bu_ac,11.51242827414535,212.9,4,0,in,21.03191335166724,in,22.92213953495957,0.6877445040969178,0.8310129966586828,48.81349743588688,28.924607792825906,NA,UkrAgroTech,добре,2024-09-17
1353,F0178,FARM04,2024,Soy,Soy-V4,234.6,ac,2024-05-13,2024-09-29,49.7285641863372,bu_ac,17.27106159972027,191.2,0,172.24945093039423,mm,217.30307484976947,mm,21.25247910292819,0.4628430425887927,0.5292267448501661,49.10760136450315,29.508594120971395,Chernozem,AgroService Ltd,добре,2024-09-25
1354,F0080,FARM04,2024,Soy,Soy-V5,25.2,ha,2024-05-08,2024-09-03,2.089523832895793,t_ha,28.996699631214142,47.2,2,0,in,326.4474817784503,NA,19.707293085753918,0.7410693649668246,0.8076128690037876,49.301019012641625,29.616434515206144,Loam,AgroService Ltd,норма,2024-09-24
1355,F0009,FARM04,2024,Corn,Corn-V2,35,ac,2024-03-22,2024-09-21,11.774661874165758,t_ha,12.932549148332328,102.4,5,0,mm,245.38206818979234,mm,21.16372923878953,0.4236606526188552,0.5,49.20708387859026,33.922112769877074,Chernozem,Pole Plus,норма,2024-05-08
1356,F0018,FARM05,2024,Wheat,Wheat-V1,29.9,ha,2024-05-20,2024-10-03,5.230952668469399,t_ha,28.708287546411157,60.7,4,11.637009056028361,in,6.285844252015809,in,18.360134464222938,0.4521524497773498,0.5039464697008952,49.05453972245147,30.744031787103975,Chernozem,agroservice ltd,добре,2024-05-18
1357,F0058,FARM01,2024,Wheat,Wheat-V5,23.2,ac,2024-04-14,2024-10-08,5.16768832411617,t_ha,27.77602813160047,35.3,5,0,mm,661.4985143765807,mm,12.695475316839293,0.8217158108251169,0.9348083394579589,49.18076005902374,30.89629959314363,chernozem,Field Master,проблема з дренажем,2024-05-14
1358,F0172,FARM07,2024,Soy,Soy-V2,170.3,ac,2024-03-19,2024-08-31,45.58530407452632,bu_ac,24.415084859821945,212.5,3,372.6175685529597,mm,384.37806216534227,mm,12.69675330631435,0.7944427350535989,0.8618255750276148,49.835118879934306,29.703766385059804,Clay,AgroService Ltd,перевірити,2024-05-07
1359,F0110,FARM07,2024,Corn,Corn-V2,115.2,ha,2024-04-19,2024-10-11,9.866490167565644,t_ha,20.773488281061873,52,1,137.022539076861,mm,526.9480216433294,mm,15.931346965022385,NA,NA,49.7786507780808,28.85294060078496,Clay,SunField Co,зрошення застосовано,2024-06-19
1360,F0103,FARM04,2024,Maize,Corn-V1,111.3,ha,2024-05-01,2024-08-28,5.178210637765005,t_ha,24.153885109815747,8.9,3,3.6568897377560283,in,535.5808192514814,mm,18.506399986101314,0.3606903982814401,0.5,49.557062817221045,28.921630821413828,Chernozem,Field Master,перевірити,2024-07-10
1361,F0064,FARM03,2024,Wheat,Wheat-V3,57.9,ha,2024-05-02,2024-08-24,3.405883757630363,t_ha,24.34519357350655,206,2,348.50384613964707,mm,469.225350394845,mm,17.54613612871617,0.7005796571262181,0.7515842836350203,48.83223545020539,32.1746045597787,Chernozem,SunField Co,перевірити,2024-08-16
1362,F0145,FARM03,2024,Corn,Corn-V4,26.1,ha,2024-04-12,2024-07-29,NA,bu_ac,10.871985610341653,95.5,1,319.4416265701875,mm,-40.50267374422401,mm,15.344214049633592,0.7513213544385507,0.8932196136564017,49.34811512997281,33.22835833417112,loamy,GreenCrop ,перевірити,2024-05-23
1363,F0009,FARM04,2024,Corn,Corn-V2,14.2,ha,2024-03-22,2024-09-21,11.774661874165758,t_ha,12.932549148332328,102.4,5,0,mm,245.38206818979234,NA,21.16372923878953,0.4782619552221149,0.5695030651055276,49.20708387859026,33.922112769877074,Chernozem,Pole Plus,норма,2024-07-07
1364,F0117,FARM10,2024,Wheat,Wheat-V2,77.8,ha,2024-04-13,2024-07-25,7.688482908532023,t_ha,22.67579868552275,107.8,5,0,mm,654.7593226656318,mm,22.50023498479277,NA,NA,48.51653294270579,31.982219828517643,Loam,field master,норма,2024-06-16
1365,F0151,FARM11,2024,Maize,Corn-V2,70.7,ha,2024-03-13,2024-07-28,99.27185466602019,bu_ac,19.714003268862143,42.3,4,7.217930756347973,in,489.8867229465395,mm,20.457409860100597,0.5583356394432485,0.6895856118761003,49.43271184646711,32.97038999099192,NA,agroservice ltd,проблема з дренажем,2024-08-26
1366,F0113,FARM03,2024,Corn,Corn-V4,203.3,ac,2024-03-24,2024-09-19,NA,t_ha,26.015472364611924,94.3,3,78.30122853629291,mm,534.9936959915794,mm,20.876404938055202,0.5712688848376274,0.6980038640554994,48.954723811713045,28.707863647216932,NA,  UkrAgroTech ,без примітки,2024-09-27
1367,F0160,FARM07,2024,Soy,Soy-V3,37.2,NA,2024-04-03,2024-07-28,2.870343387243338,t_ha,18.93694700789638,147.3,5,0,mm,621.0919548524544,mm,16.6361293643713,0.4444820666918531,0.5723755138693377,49.85855520456238,31.976748563845177,Chernozem,field master,перевірити,2024-06-07
1368,F0157,FARM08,2024,Wheat,Wheat-V1,265.2,ac,2024-05-14,2024-09-13,NA,t_ha,33.100179970031604,174,6,0,mm,517.6518210209906,mm,20.84256383473985,0.5519712002947926,0.6685821531806141,49.663739359313624,30.301349016147668,Chernozem,POLE PLUS,перевірити,2024-07-06
1369,F0163,FARM10,2024,Wheat,Wheat-V5,25.1,ha,2024-04-10,2024-08-31,NA,t_ha,1.336967505980283,124.4,2,0,mm,152.8782540000975,mm,13.290560345165431,0.7070415080757811,0.7905476057901978,49.66298577970546,29.82237800655235,Loam,GreenCrop,добре,2024-08-04
1370,F0071,FARM08,2024,Soy,Soy-V4,211.1,ac,2024-03-31,2024-08-22,24.666022313869437,bu_ac,17.47556423721835,84.3,5,194.37614098424092,mm,226.56443235464394,mm,14.330625753384084,0.6493488145293668,0.7351326879346743,49.031143221907314,31.1860824765414,Sandy,GreenCrop,добре ,2024-06-04
1371,F0006,FARM11,2024,Sunflower,Sunflower-V3,8.2,ha,2024-03-30,2024-08-19,2.8886611659312624,t_ha,24.448023564182222,80.7,1,0,NA,25.32729184700499,in,19.931904879398644,0.4561432687565684,0.5786136392503977,48.550681429362854,33.47886777517619,Chernozem,  UkrAgroTech ,перевірити,2024-05-31
1372,F0031,FARM05,2024,Soy,Soy-V3," 109,5",ha,2024-04-03,2024-07-30,2.228302590432577,t_ha,26.67496727243997,135.5,3,0,in,26.27583389036636,in,19.135653902310878,0.4062289380468428,0.513592403777875,49.35609250772931,33.76655535801966,Chernozem,  UkrAgroTech ,зрошення застосовано,2024-09-18
1373,F0072,FARM02,2024,Corn,Corn-V1,70.4,ha,2024-04-20,2024-08-20,7.647956224158406,t_ha,27.951986566651613," 50,5 ",6,187.96216417104006,mm,293.4435171075165,mm,17.115997955668718,0.41561441370286045,0.5,49.868002256372016,29.259328951485458,Loam,UkrAgroTech,без примітки,2024-08-06
1374,F0046,FARM12,2024,Corn,Corn-V3,208.7,ac,2024-03-19,2024-07-30,11.263869379879907,t_ha,17.755124284187332,197.3,3,0,in,20.740650961355225,in,12.310517691774294,0.5798852083040401,0.6621507389005273,49.06077132399287,30.46170370443072,Sandy,Field Master,посуха,2024-06-14
1375,F0124,FARM09,2024,WHEAT ,Wheat-V4,57.3,ha,2024-05-05,2024-08-21,7.964369550580159,t_ha,17.756143552949652,36.6,5,0,mm,527.1573942154646,mm,12.57254916569218,0.6997633845545351,0.8461318345041946,48.58700871274853,29.276934476479425,Chernozem,agroservice ltd,без примітки,2024-08-17
1376,F0126,FARM09,2024,Wheat,Wheat-V5,6.6,ha,2024-05-16,2024-09-12,96.43702020171204,bu_ac,34.60148771526292,107.3,1,226.57641526311636,mm,12.987277053450565,in,22.9114323889371,0.4699353019474074,0.6161082848906516,48.60969832455506,31.912795842677824,Loam,Field Master,посуха,2024-09-27
1377,F0140,FARM01,2024,Wheat,Wheat-V4,68.1,ha,2024-05-03,2024-07-27,4.123382553923875,t_ha,8.299098634161055,32.7,5,109.42148944595829,mm,307.1847223676741,mm,19.161694906419143,0.6126189399743452,0.680096424371004,48.877923005721996,32.68727189538721,Chernozem,GreenCrop,норма,2024-07-26
1378,F0077,FARM04,2024,wheat,Wheat-V4,101.7,ac,2024-03-30,2024-09-05,6.755926354788244,t_ha,30.263744741445407,109.5,5,243.18909210851416,mm,176.70616175746545,mm,17.99898967705667,0.6124033854808658,0.6830470736604184,49.33041619112436,30.646195764256642,Chernozem,AgroService Ltd,норма,2024-05-13
1379,F0108,FARM10,2024,Wheat,Wheat-V5,138.7,ac,2024-05-16,2024-08-29,6.014269091654569,t_ha,26.784220005385578,170.7,4,217.23426579264924,NA,375.4140221979469,mm,19.0904314131476,0.731034146877937,0.8755246388260275,49.120600077540615,29.992807520525066,Chernozem,sunfield co,без примітки,2024-09-17
1380,F0045,FARM04,2024,Soy,Soy-V5,26.5,ha,2024-03-14,2024-09-05,NA,t_ha,33.817639887332916,3.1,4,6.613812684796487,in,209.26512194564566,mm,22.452876013005152,0.3792747254716232,0.5,48.63255987493694,29.782886407746936,Chernozem,SunField Co,без примітки,2024-08-03
1381,F0038,FARM12,2024,Corn,Corn-V2,117.4,ha,2024-04-14,2024-09-20,7.03525630524382,t_ha,30.462836305145174,160.3,2,155.70829702774063,mm,202.8187921619974,mm,19.772323749726638,0.5577610846608877,0.6327796848490834,48.53040262050182,28.943944481589366,Sandy,  UkrAgroTech ,без примітки,2024-08-02
1382,F0091,FARM06,2024,Corn,Corn-V5,101.4,ac,2024-04-05,2024-08-04,100.5994922712825,bu_ac,29.548939532134682,100.3,6,0,mm,11.870264824604485,in,15.749498694902286,0.7998621665406972,0.8543499876046553,49.71939282721793,33.7553081309069,Chernozem,GreenCrop,посуха,2024-07-05
1383,F0170,FARM06,2024,Corn,Corn-V3,27,ha,2024-03-14,2024-07-28,156.37868200428784,bu_ac,8.1330595088657,183.1,5,0,mm,357.03690770315006,mm,12.848672702210024,0.6610974914161488,0.7360235187457874,30.202405713270885,49.51627001135936,Sandy,POLE PLUS,посуха,2024-05-07
1384,F0035,FARM04,2024,WHEAT ,Wheat-V5,27,NA,2024-05-08,2024-08-06,113.58933796259238,bu_ac,27.39398499787785," 11,3 ",5,0,in,7.446507029107032,in,15.657513679238036,0.36465493300929663,0.5,49.715923784371,31.13657863499597,Chernozem,Field Master,посуха,2024-08-01
1385,F0076,FARM03,2024,Soy,Soy-V4,105.3,ha,2024-03-30,2024-08-13,2.2805773965083063,t_ha,28.390503726433963,139.3,4,130.34406080842018,mm,-29.394337840378284,mm,18.85033021075651,0.6515376722905785,0.7846854532137513,49.265796064311175,32.96725059500616,chernozem,AgroService Ltd,добре,2024-08-24
1386,F0111,FARM11,2024,Corn,Corn-V4,158.5,ac,2024-03-21,2024-08-14,128.40692844808365,bu_ac,21.43571813055314,194,6,266.05504255276173,NA,13.403155445396226,in,16.69074723124504,0.46625482304953036,0.5779871517093852,49.45520813353639,31.921285093258604,Loam,SunField Co,норма,2024-06-08
1387,F0032,FARM01,2024,Wheat,Wheat-V2,42.3,ha,2024-05-03,2024-08-14,104.27143439625627,bu_ac,33.50682721869089,66.1,0,135.23330679163337,mm,646.1757565150037,mm,18.733013882068917,0.658117325999774,0.8052946947980673,49.57713327798201,32.340360407900064,Loam,Field Master,добре,2024-07-30
1388,F0133,FARM07,2024,wheat,Wheat-V5,112,ha,2024-04-19,2024-10-13,7.275367293739691,t_ha,29.271521711023524,17.2,6,10.72087398579887,in,20.278052745412626,in,16.89900145982392,0.370077946013771,0.5,49.65165245913761,32.19512559332512,Chernozem,Pole Plus,проблема з дренажем,2024-07-03
1389,F0031,FARM05,2024,Soy,Soy-V3,109.5,ha,2024-04-03,2024-07-30,2.228302590432577,t_ha,26.67496727243997,135.5,3,0,mm,667.4061808153056,mm,19.135653902310878,0.4752473691711202,0.6149913391564041,49.35609250772931,33.76655535801966,Chernozem,  UkrAgroTech ,зрошення застосовано,2024-09-05
1390,F0155,FARM12,2024,Wheat,Wheat-V4,55.7,ha,2024-05-07,2024-08-08,94.81897627115582,bu_ac,9.874784131767228,83.4,5,0,NA,422.0934542710893,mm,19.4212010120973,0.3672031618421897,0.5,49.641987479628064,32.22231671045022,Clay,  UkrAgroTech ,норма,2024-09-29
1391,F0020,FARM09,2024,Wheat,Wheat-V5," 146,8",ac,2024-04-14,2024-08-21,61.30803988092367,bu_ac,15.103385385824367,146.9,0,348.0788524495438,mm,577.8672700398602,mm,14.666194134391844,0.43219058101531116,0.5520885112462565,49.69430242420454,33.80321978305187,Chernozem,SunField Co,добре ,2024-09-15
1392,F0175,FARM06,2024,WHEAT ,Wheat-V2,12.7,ha,2024-05-04,2024-10-10,115.26082619543106,bu_ac,28.24534971592948,77.6,3,0,mm,392.56868278607726,mm,18.48305880976841,0.4839555263984948,0.6150161882629618,49.68776870567584,32.85975864349492,Clay,agroservice ltd,без примітки,2024-09-02
1393,F0086,FARM10,2024,Wheat,Wheat-V4,189.3,ac,2024-04-14,2024-08-26,6.102835570462048,t_ha,29.41356469434686,148.9,6,388.3000611211173,mm,10.299380461219698,in,12.95841936999932,0.6306379941757768,0.7640571378637104,49.46506709000236,30.871625154437965,CLAY ,  UkrAgroTech ,посуха,2024-08-29
1394,F0018,FARM05,2024,Wheat,Wheat-V1,29.9,NA,20.05.2024,03.10.2024,5.230952668469399,t_ha,28.708287546411157,60.7,4,295.58003002312034,mm,159.66044400120154,mm,18.360134464222938,0.8136746251489967,0.95,49.05453972245147,30.744031787103975,Chernozem,agroservice ltd,добре,2024-08-13
1395,F0095,FARM07,2024,Sunflower,Sunflower-V4,68.8,ha,2024-04-14,2024-09-11,2.5940496641909707,t_ha,19.77480822848156," 34,7 ",0,162.70057179499418,mm,377.9096115846187,mm,22.067487297346815,0.5708100246498361,0.6528374232817441,49.69332296749577,30.564059956158047,loamy,Field Master,зрошення застосовано,2024-05-08
1396,F0085,FARM01,2024,Corn,Corn-V5,106.5,ac,22.03.2024,10.09.2024,5.885165813146159,t_ha,20.907615615054965,148.5,2,3.2141526421260704,in,153.01108391722664,mm,19.693877591053024,0.7740928172366693,0.9117169417673722,49.037773122534155,33.29814495395497,Chernozem,GreenCrop,добре,2024-06-23
1397,F0021,FARM09,2024,Corn,Corn-V5,21.3,ha,2024-04-15,2024-08-13,7.374145211419091,NA,17.89746408117935,57,6,0,in,26.746281991459753,in,20.370814201654866,0.4636488793417811,0.5413513283943757,48.94283583210548,33.610315172569365,Loam,Field Master,перевірити,2024-08-03
1398,F0069,FARM05,2024,soya,Soy-V1,24.9,ac,2024-03-19,2024-08-03,23.997979761719883,bu_ac,31.1472301739268,162.3,4,234.41104751545936,mm,457.8039458836429,mm,21.600855943048373,0.8250330406241119,0.8914964651456102,48.76715906085679,33.17149420317682,Chernozem,SunField Co,добре,2024-07-03
1399,F0014,FARM01,2024,Sunflower,Sunflower-V5,100.3,ha,2024-05-07,2024-08-31,2.067710507288575,t_ha,33.71312448033132,134.9,0,12.611239967963066,in,19.724658030400597,in,14.761905671097338,0.3704783282242715,0.5,49.2867364769727,29.94537253516866,Chernozem,GreenCrop,норма,2024-07-06
1400,F0118,FARM04,2024,Wheat,Wheat-V2,220.3,ac,2024-05-15,2024-09-01,NA,t_ha,9.177096034400165,160.8,1,13.54869169973233,in,538.0492500844412,NA,19.467462910572067,0.7728536871960386,0.9182054413249716,48.702890742109624,33.28011959618004,Chernozem,Pole Plus,проблема з дренажем,2024-07-29
1401,F0047,FARM08,2024,Wheat,Wheat-V2,246.9,ac,2024-05-02,2024-07-29,117.27684130061856,bu_ac,11.249815611867234,67.6,4,0,mm,648.8531290087849,mm,13.743909978074953,0.7336157645564526,0.8367954552173614,48.61786320869578,30.977074689005036,Chernozem,Field Master,добре,2024-08-09
1402,F0148,FARM11,2024,Wheat,Wheat-V5,198.2,ac,04.04.2024,25.07.2024,7.482028145575896,NA,14.90191361727193,187.3,4,87.48800673056394,mm,640.044241445139,mm,16.551106797298416,0.40840159871149806,0.5068516193889081,49.724740576219745,28.782116849329324,chernozem,  UkrAgroTech ,норма,2024-09-25
1403,F0041,FARM06,2024,Sunflower,Sunflower-V5," 25,1",ha,2024-04-08,2024-10-05,2.45502366120927,t_ha,24.47740547079593,149.1,1,0,mm,23.250590417237117,in,16.42417799611576,0.39044277255889026,0.534712253883481,49.27202126573399,29.58394480904611,Loam,sunfield co,зрошення застосовано,2024-06-04
1404,F0138,FARM03,2024,Wheat,Wheat-V1,47.9,ha,2024-03-13,2024-09-26,7.036230405326933,t_ha,15.604115300346166,110.5,6,275.000131316483,NA,25.132842429759584,in,20.817127760965377,0.8281160806305706,0.9326904789311811,49.08998581484007,29.543514587605838,Clay,sunfield co,перевірити,2024-06-17
1405,F0040,FARM03,2024,Corn,Corn-V3,271.2,ac,02.05.2024,14.09.2024,89.50188206909166,bu_ac,12.81843763566576,194.1,6,0,NA,609.1534127132036,mm,13.06016567046754,0.6711329666664824,0.7224904885049909,49.231048672345004,30.595062955955044,Sandy,  UkrAgroTech ,добре ,2024-08-23
1406,F0140,FARM01,2024,Wheat,Wheat-V4,68.1,ha,2024-05-03,2024-07-27,4.123382553923875,t_ha,8.299098634161055,32.7,5,109.42148944595829,mm,307.1847223676741,mm,19.161694906419143,0.6751284467987716,0.8161167023470626,48.877923005721996,32.68727189538721,Chernozem,GreenCrop,норма,2024-06-09
1407,F0050,FARM01,2024,Soy,Soy-V3," 94,2",ha,2024-04-17,2024-10-06,1.6846730092074722,t_ha,25.5337087335065,136,0,11.863833353359722,in,412.05596568761393,mm,12.098440325818956,0.4990900588687509,0.6352347713895141,49.787299213327934,28.58746999834711,Sandy,UkrAgroTech,посуха,2024-08-25
1408,F0067,FARM04,2024,Corn,Corn-V2,239.9,ac,2024-05-16,2024-10-11,10.343343758257106,t_ha,34.121938629075885,141.2,5,84.52467571478337,mm,281.36046869913116,mm,20.990501838037744,-0.11998013042146341,0.5826501941075548,48.67130609447602,30.94805175618129,Chernozem,AgroService Ltd,зрошення застосовано,2024-09-04
1409,F0036,FARM06,2024,Sunflower,Sunflower-V5,102.2,ha,2024-04-21,2024-08-07,1.985393129149452,t_ha,10.878711528144777,97.2,5,0,mm,14.069447891079037,in,13.82031901855953,NA,NA,49.745543451902456,32.28799643377261,Chernozem,UkrAgroTech,добре,2024-06-25
1410,F0178,FARM04,2024,Soy,Soy-V4,94.9,ha,2024-05-13,2024-09-29,3.3467323697404936,t_ha,17.27106159972027,191.2,0,6.781474446078513,in,217.30307484976947,mm,21.25247910292819,0.769057056074962,0.8534085670718923,49.10760136450315,29.508594120971395,chernozem,AgroService Ltd,добре,2024-09-17
1411,F0060,FARM07,2024,Wheat,Wheat-V3,56.7,ha,2024-05-11,2024-07-25,82.6890810868837,bu_ac,14.346865569241345,79.2,4,178.00424641463906,mm,14.642826452902629,in,19.12585721234791,NA,NA,49.61297252285387,32.2830915608597,chernozem,Field Master,норма,2024-05-30
1412,F0095,FARM07,2024,Sunflower,Sunflower-V4,68.8,ha,2024-04-14,2024-09-11,2.5940496641909707,t_ha,19.77480822848156,34.7,0,162.70057179499418,NA,377.9096115846187,mm,22.067487297346815,0.5306061716051772,0.5975925543811172,49.69332296749577,30.564059956158047,Loam,Field Master,зрошення застосовано ,2024-09-20
1413,F0091,FARM06,2024,Corn,Corn-V5,41,ha,2024-04-05,2024-08-04,6.31764811463654,t_ha,29.548939532134682," 100,3 ",6,0,mm,301.5047265449539,mm,15.749498694902286,0.5530606997432187,0.6619766064221039,49.71939282721793,33.7553081309069,Chernozem,GreenCrop,посуха,2024-07-04
1414,F0114,FARM04,2024,WHEAT ,Wheat-V5,28.3,ha,2024-05-16,2024-08-16,3.132714224746451,t_ha,18.424006418557838,119.4,1,0,in,6.916327473953161,in,19.000138474162668,NA,NA,49.533308472967704,31.22206176491082,NA,SunField Co,посуха,2024-08-15
1415,F0126,FARM09,2024,Wheat,Wheat-V5," 6,6",ha,2024-05-16,2024-09-12,96.43702020171204,bu_ac,34.60148771526292,107.3,1,8.92033130957151,in,329.87683715764433,mm,22.9114323889371,0.669004752789624,0.7351159336045384,48.60969832455506,31.912795842677824,Loam,Field Master,посуха,2024-09-22
1416,F0110,FARM07,2024,Maize,Corn-V2," 284,6",ac,2024-04-19,2024-10-11,157.10971604403892,bu_ac,20.773488281061873,52,1,137.022539076861,NA,526.9480216433294,NA,15.931346965022385,0.568448638683185,0.7132260381244122,49.7786507780808,28.85294060078496,Clay,sunfield co,зрошення застосовано,2024-08-16
1417,F0042,FARM12,2024,WHEAT ,Wheat-V5,48.5,ac,2024-05-13,2024-08-10,6.732753271469846,t_ha,27.660729489987716,216.7,6,0,mm,494.1328864078969,mm,17.910219861660153,0.826705307373777,0.8965128983603791,48.85987726973416,31.057511995159093,Loam,POLE PLUS,норма,2024-08-05
1418,F0036-ALT,FARM06,2024,Sunflower,Sunflower-V5,254.4,ac,2024-04-21,2024-08-07,1.985393129149452,NA,10.878711528144777,97.2,5,0,mm,357.3639764334075,mm,13.82031901855953,0.5561594787519425,0.6638164118863642,49.74525601551533,32.287839375505364,Chernozem,UkrAgroTech,добре,2024-08-11
1419,F0006,FARM11,2024,Sunflower,Sunflower-V3," 8,2",ha,2024-03-30,2024-08-19,2.8886611659312624,t_ha,24.448023564182222,80.7,1,0,in,643.3132129139267,mm,19.931904879398644,NA,NA,48.550681429362854,33.47886777517619,Chernozem,  UkrAgroTech ,перевірити,2024-05-18
1420,F0168,FARM08,2024,Soy,Soy-V5,72.3,ha,2024-03-31,2024-09-15,3.0099704399472103,NA,27.445725149242207,192.8,4,0,in,22.79586571142239,in,17.33591666794382,0.5553026366047561,0.6513622826430946,49.13223352007242,33.89931096423045,Chernozem,Field Master,норма,2024-09-09
1421,F0008,FARM11,2024,Corn,Corn-V4,34.5,ha,2024-03-26,2024-10-07,11.21328935958445,t_ha,19.426203463226557,65.2,3,0,mm,337.0803668629378,mm,15.070234607439488,0.6202508042566478,0.7451894225087017,49.568975106118245,31.202223038999833,Clay,  UkrAgroTech ,проблема з дренажем,2024-08-21
1422,F0025,FARM05,2024,Wheat,Wheat-V3,40.4,ha,2024-03-27,2024-09-23,7.188766996376216,t_ha,15.889116916572675,167.3,2,0,in,458.71529437135905,mm,12.780669684987515,0.7498889299109578,0.8073355986969545,48.518229485790705,29.87878834747663,loamy,  UkrAgroTech ,без примітки,2024-09-27
1423,F0071,FARM08,2024,Soy,Soy-V4,211.1,ac,2024-03-31,2024-08-22,24.666022313869437,bu_ac,17.47556423721835,84.3,5,194.37614098424092,mm,226.56443235464394,mm,14.330625753384084,0.48781125599052755,0.5696175762452185,49.031143221907314,31.1860824765414,NA,GreenCrop,добре,2024-05-13
1424,F0021,FARM09,2024,Corn,Corn-V5,52.7,ac,2024-04-15,2024-08-13,117.42269444934858,bu_ac,17.89746408117935,57,6,-22.32497433386743,mm,679.3555625830777,mm,20.370814201654866,0.575622191443108,0.649825401417911,48.94283583210548,33.610315172569365,loamy,Field Master,перевірити,2024-08-10
1425,F0073,FARM12,2024,Sunflower,Sunflower-V4,74.5,NA,2024-05-03,2024-08-21,2.0788094953168184,t_ha,22.164079687325284,215.4,2,0,in,282.6434444519691,mm,18.583269954426214,0.3931317108450457,0.5,49.987148067534434,32.84651456982037,Chernozem,sunfield co,зрошення застосовано,2024-08-13
1426,F0118,FARM04,2024,Wheat,Wheat-V2,89.2,ha,2024-05-15,2024-09-01,NA,bu_ac,9.177096034400165,160.8,1,344.1367691732012,mm,538.0492500844412,mm,19.467462910572067,0.8080673136515543,0.9374442988308147,48.702890742109624,33.28011959618004,Chernozem,POLE PLUS,проблема з дренажем,2024-09-18
1427,F0162,FARM02,2024,Soy,Soy-V5,56.8,ac,2024-03-31,2024-07-30,43.67089654764584,bu_ac,12.916325388010591,218.6,6 apps,382.3411257471889,mm,374.05488450312987,mm,18.141030692961067,0.3574062464991584,0.5,49.75033556248946,29.383213261691388,Sandy,agroservice ltd,зрошення застосовано,2024-08-09
1428,F0159,FARM05,2024,Soy,Soy-V3,33.4,ha,2024-04-01,2024-09-27,39.950117948333585,bu_ac,31.782064005499706,135.1,5,8.884599092728129,in,670.4425037140027,mm,15.658486388856545,0.6178997890325263,0.7409007739741355,49.43161847706465,33.26612068808126,Clay,AgroService Ltd,перевірити,2024-05-18
1429,F0007,FARM02,2024,Corn,Corn-V3,55.8,ha,2024-05-10,2024-10-12,148.66634954588642,bu_ac,23.95917408587411,70.1,5,177.66979649895802,mm,588.0648773279972,mm,15.72732785064727,0.6686665067914873,0.7714125951286405,49.740570404905824,28.654298932748848,Sandy,Field Master,зрошення застосовано,2024-05-21
1430,F0057,FARM05,2024,Soy,Soy-V2,69,ha,2024-03-26,2024-10-14,24.714814388313584,bu_ac,32.87230269191787,91.5,1,13.005833411460934,in,586.8106604553759,mm,20.688620487460867,0.41909796863328663,0.5,48.68904715656815,28.613999391891063,Sandy,Pole Plus,посуха,2024-06-28
1431,F0092,FARM01,2024,soya,Soy-V5,200.9,ac,2024-03-28,2024-08-28,2.611221209866926,t_ha,58.82208618987352,176.1,2,0,mm,277.983666700311,mm,18.386603232007474,NA,NA,49.21578340178123,33.091440620661714,Chernozem,SunField Co,посуха,2024-09-21
1432,F0022,FARM01,2024,Wheat,Wheat-V1," 96,1",ha,11.05.2024,27.07.2024,7.701745363418013,t_ha,32.46988805709407,115,5 apps,229.44771986221895,NA,361.0545711242594,mm,18.95466727297753,0.38080559032969175,0.5,48.67405671058409,31.407883253819776,Chernozem,  UkrAgroTech ,норма,2024-08-06
1433,F0125,FARM08,2024,Sunflower,Sunflower-V5,79.6,ha,2024-03-13,2024-09-15,2.351323817577213,t_ha,23.46846050582826,100.1,1,0,in,698.2129440642893,mm,14.377716789254919,0.6578620905289426,0.7741712546208873,49.84655638606195,31.991085846658333,Chernozem,field master,без примітки,2024-06-10
1434,F0052,FARM04,2024,wheat,Wheat-V5,106.4,ha,2024-04-15,2024-09-15,4.9587876938749105,t_ha,15.2466960020829,129.8,6,0,mm,6.919573720243914,in,17.107824750011787,NA,NA,49.35262847162364,31.40098313575378,loamy,Field Master,перевірити,2024-06-08
1435,F0132,FARM08,2024,Corn,Corn-V4,40.8,ha,24.04.2024,23.08.2024,9.017840614076704,t_ha,28.56416151765734,74.4,2,0,in,24.245481766709016,in,22.62135248654522,0.3616926813498139,0.5073188203619793,48.861345076068766,30.590337796685287,Chernozem,UkrAgroTech,перевірити,2024-09-05
1436,F0060,FARM07,2024,Wheat,Wheat-V3,56.7,NA,11.05.2024,25.07.2024,5.564975157147273,t_ha,14.346865569241345,79.2,4,178.00424641463906,mm,371.92779190372676,mm,19.12585721234791,0.8266305573284626,0.9255823170300572,49.61297252285387,32.2830915608597,Chernozem,Field Master,норма,2024-08-05
1437,F0143,FARM11,2024,Wheat,Wheat-V2,62.7,ha,2024-03-12,2024-10-01,94.35982856813702,bu_ac,23.03736373805441,108.7,3,376.5658435760997,mm,370.5768399871886,mm,12.390681392513216,0.4756417705444619,0.5688006079755723,49.60252644950431,31.642213608950378,Chernozem,POLE PLUS,зрошення застосовано,2024-05-02
1438,F0016,FARM11,2024,Soy,Soy-V2,45.2,ha,2024-04-27,2024-09-13,NA,t_ha,21.399339329684153,217.6,2,396.9857170712203,mm,24.429230405362397,in,12.320830673677847,NA,NA,49.810932067984254,31.087154991895893,Loam,UkrAgroTech,норма,2024-07-13
1439,F0019,FARM11,2024,Wheat,Wheat-V2,60.7,ha,2024-05-10,2024-09-11,5.31180421425961,t_ha,32.17060883902013,156.6,4,0,mm,10.70437380378538,in,17.419262438081205,0.4563562826020643,0.5438549276208505,49.75099767027749,33.50730465129996,Chernozem,UkrAgroTech,норма,2024-08-29
1440,F0008,FARM11,2024,Corn,Corn-V4,85.2,ac,2024-03-26,2024-10-07,178.55556305070783,bu_ac,19.426203463226557,65.2,3,0,mm,337.0803668629378,mm,15.070234607439488,0.42929299469105897,0.5,49.568975106118245,31.202223038999833,CLAY ,UkrAgroTech,проблема з дренажем,2024-09-14
1441,F0111,FARM11,2024,Corn,Corn-V4,158.5,ac,21.03.2024,14.08.2024,8.063955106539652,t_ha,21.43571813055314,194,6,10.474607974518179,in,340.4401483130641,mm,16.69074723124504,0.38957421192899344,0.5,49.45520813353639,31.921285093258604,Loam,SunField Co,норма,2024-06-17
1442,F0106,FARM08,2024,Sun-flower,Sunflower-V3,229.4,ac,2024-05-06,2024-09-14,4.163936704513617,t_ha,18.101373933721334,99.2,4,0,in,230.38893289631233,mm,15.441293412819505,NA,NA,48.802430170864334,32.021926630538424,Sandy,  UkrAgroTech ,зрошення застосовано,2024-06-19
1443,F0030,FARM07,2024,Wheat,Wheat-V3," -1,4",NA,2024-04-25,2024-08-07,83.03445130434402,bu_ac,32.997949754819274,150.9,3,303.60774827422574,mm,470.2351025072858,mm,17.842249265871942,0.5771919028135016,0.6329241688363254,49.66297258011485,33.915239915442186,Chernozem,AgroService Ltd,без примітки,2024-09-25
1444,F0081,FARM11,2024,Soy,Soy-V3,102.2,ha,2024-03-21,2024-09-03,NA,t_ha,31.022788552334532,54.4,5,99.40350014949217,mm,593.7410652521066,mm,21.848467608215287,0.679909443273209,0.7534295249730348,49.64354762136284,33.545173297272534,NA,Field Master,добре,2024-08-05
1445,F0007,FARM02,2024,Corn,Corn-V3,137.9,ac,2024-05-10,2024-10-12,148.66634954588642,bu_ac,23.95917408587411,70.1,5,177.66979649895802,mm,588.0648773279972,mm,15.72732785064727,0.7696526369778439,0.9073568618390708,49.740570404905824,28.654298932748848,Sandy,Field Master,зрошення застосовано,2024-06-18
1446,F0084,FARM08,2024,Soy,Soy-V4,33.8,ha,2024-03-29,2024-10-02,2.389848417136818,t_ha,33.855568261118606,32.6,5,117.36695780418813,mm,205.25239204289392,mm,20.816378625808284,0.37386178518645463,0.5,49.115645309073386,31.39496738188202,Chernozem,SunField Co,посуха,2024-08-04
1447,F0056,FARM11,2024,Corn,Corn-V1,101.9,ha,2024-04-04,2024-09-18,5.642615462420508,t_ha,25.900315821403638,32.2,0,10.127406110382076,in,203.32660430576652,NA,15.078384353080764,0.5164485686924308,0.6201192090520635,48.981845473898574,32.978933228631504,Loam,sunfield co,зрошення застосовано,2024-07-22
1448,F0029,FARM10,2024,Sunflower,Sunflower-V4,128.7,ac,2024-05-19,2024-08-22,4.1085846982430665,t_ha,30.790966553613544,163.3,2,0,in,363.9988965704106,mm,16.463625044329092,0.7409235273022204,0.8444766098866239,48.92368549982598,33.29896603370318,Chernozem,  UkrAgroTech ,проблема з дренажем,2024-06-05
1449,F0097,FARM02,2024,Corn,Corn-V1,105.5,ac,2024-05-11,2024-08-30,153.58941657705958,bu_ac,17.73070918326266,10,0,0,in,271.5782670886256,mm,19.13096229103394,0.45689651838038114,0.6054560874821617,49.48942472338444,28.574671022844036,Chernozem,POLE PLUS,посуха,2024-07-11
1450,F0115,FARM06,2024,Wheat,Wheat-V2,84.6,ha,2024-05-11,2024-09-26,3.1285439368803054,t_ha,34.41846174537204,180.4,2,15.474824317342302,in,183.60017689410597,mm,21.49193315464072,0.537186031602323,0.6401895084651187,49.75043270652369,29.703541767967867,Loam,AgroService Ltd,без примітки,2024-05-05
1451,F0112,FARM08,2024,WHEAT ,Wheat-V3,111.6,ha,2024-05-02,2024-09-28,5.19323965604417,NA,30.761868586065248," 73,2 ",1,140.04889347124845,NA,359.17925545945764,mm,13.28689100407064,0.3902265799930319,0.5,49.686820577460345,31.00220091697993,NA,POLE PLUS,добре,2024-07-25
1452,F0058,FARM01,2024,Wheat,Wheat-V5,23.2,ac,2024-04-14,2024-10-08,76.78585919934875,bu_ac,27.77602813160047,35.3,5,0,NA,26.04324859750318,in,12.695475316839293,0.5312683537136763,0.6517092523397877,49.18076005902374,30.89629959314363,Chernozem,Field Master,проблема з дренажем,2024-08-29
1453,F0023,FARM10,2024,WHEAT ,Wheat-V3," 142,4",ac,2024-04-23,2024-09-02,3.061734013725072,t_ha,17.170026327483356,51.3,3,0,mm,16.118280746328725,in,14.805122779682279,0.42852265052497385,0.5,49.21183699728316,29.74882334249979,Chernozem,Pole Plus,добре,2024-05-11
1454,F0078,FARM04,2024,Wheat,Wheat-V4,149.5,ac,2024-03-15,2024-09-30,55.96975664114151,bu_ac,9.50673251086846,207.2,4,119.60634811548516,mm,416.9765734812245,NA,20.577170668635517,0.6133949761511758,0.7115526811685413,49.716007533497645,31.84393829084095,Loam,Field Master,проблема з дренажем,2024-09-14
1455,F0139,FARM09,2024,Sunflower,Sunflower-V1,34.1,ha,28.03.2024,10.08.2024,41.125534061881666,bu_ac,31.159379738382995," 107,4 ",4,0,mm,639.4701154436916,mm,14.39041486592032,0.5686036321800202,0.6379443707410246,49.24877617804427,29.160470813853202,loamy,UkrAgroTech,зрошення застосовано,2024-08-01
1456,F0119,FARM06,2024,Soy,Soy-V4,71.5,ac,2024-04-03,2024-07-29,2.867937058676034,t_ha,29.821756178746,109,4,246.90912464866415,mm,419.1259160870686,mm,21.439845563145354,0.4636338118230924,0.519749336107634,48.55449884758005,29.538418500605506,Sandy,AgroService Ltd,проблема з дренажем,2024-05-27
1457,F0099,FARM12,2024,soya,Soy-V2,9.7,ha,2024-04-16,2024-07-30,NA,t_ha,28.330677752150223,74.2,1,7.95531528222734,in,501.1654658475891,NA,12.653627194929868,0.8154652846511453,0.9324571727076545,49.988244747210764,33.796182937197386,Loam,GreenCrop,без примітки,2024-05-24
1458,F0141,FARM11,2024,Wheat,Wheat-V5,88.8,ha,2024-04-15,2024-08-09,6.451058183563873,t_ha,28.36499449168332,36.1,5,0,mm,390.52997566759586,mm,21.810954986838624,0.5391135276528075,0.6747163703432306,49.1347486006557,33.06861239753198,Clay,GreenCrop,перевірити,2024-05-20
1459,F0054,FARM12,2024,WHEAT ,Wheat-V1,99.5,ha,2024-03-31,2024-09-12,NA,t_ha,11.279644238296896,202.8,4,278.0198715161532,mm,663.8334121322259,mm,15.356105137616396,0.6670096869580447,0.7900122623424977,49.56398012921121,33.36538589074836,Loam,Pole Plus,норма,2024-08-13
1460,F0049,FARM05,2024,Corn,Corn-V5,88,ha,2024-04-20,2024-08-14,172.4491683153768,bu_ac,22.617144369287416,109.1,5,0,in,400.17773038707674,mm,13.98245380166918,0.5034181075403467,0.5596768126124516,48.84955125702871,30.407608780310955,NA,AgroService Ltd,перевірити,2024-05-01
1461,F0177,FARM03,2024,Corn,Corn-V1," 110,9",ha,2024-04-07,2024-10-03,128.63359855974366,bu_ac,28.964811307145283,66.4,0,264.2593931988813,mm,15.872932924232703,in,22.795573237119243,0.7077124355360865,0.7967878442956134,48.66231949161179,30.205634789424018,Loam,AgroService Ltd,посуха,2024-07-06
1462,F0042,FARM12,2024,Wheat,Wheat-V5,48.5,ac,2024-05-13,2024-08-10,6.732753271469846,NA,27.660729489987716,216.7,6,0,in,19.454050645980193,in,17.910219861660153,NA,NA,48.85987726973416,31.057511995159093,Loam,Pole Plus,норма,2024-09-19
1463,F0152,FARM03,2024,Wheat,Wheat-V3,25.8,ha,2024-05-16,2024-09-18,81.73564885553377,bu_ac,22.96561143663712,24.2,6,394.4960172404535,mm,581.9952062913217,NA,22.873982571763918,0.6660637632245198,0.7399829560425132,49.91272284011962,31.751929140125405,Clay,AgroService Ltd,зрошення застосовано,2024-07-17
1464,F0036,FARM06,2024,Sunflower,Sunflower-V5,102.2,ha,2024-04-21,2024-08-07,1.985393129149452,t_ha,10.878711528144777,97.2,5,0,mm,357.3639764334075,mm,13.82031901855953,0.6623590775066986,0.7873004112858325,49.745543451902456,32.28799643377261,Chernozem,  UkrAgroTech ,добре,2024-08-07
1465,F0095,FARM07,2024,Sunflower,Sunflower-V4,169.9,ac,2024-04-14,2024-09-11,45.50964323142054,bu_ac,19.77480822848156," 34,7 ",0,162.70057179499418,NA,377.9096115846187,mm,22.067487297346815,0.4174982537748292,0.5669266374083235,49.69332296749577,30.564059956158047,Loam,Field Master,зрошення застосовано,2024-07-12
1466,F0155,FARM12,2024,wheat,Wheat-V4,55.7,ha,2024-05-07,2024-08-08,94.81897627115582,bu_ac,9.874784131767228,83.4,5,0,mm,422.0934542710893,mm,19.4212010120973,NA,NA,49.641987479628064,32.22231671045022,Clay,UkrAgroTech,норма,2024-08-03
1467,F0011,FARM09,2024,soya,Soy-V2,12.1,ha,2024-03-21,2024-09-10,26.484297648664526,bu_ac,15.288367704488337,168.7,6,0,mm,556.8665997125208,mm,19.363613890949637,0.7419931408017874,0.7923738879151642,49.25161404642835,32.07060271275882,Sandy,agroservice ltd,проблема з дренажем,2024-06-11
1468,F0015,FARM12,2024,Soy,Soy-V4,12.5,ha,2024-04-18,2024-10-09,NA,bu_ac,8.886731988750398,111.7,0,105.8902857475914,mm,580.1193816005252,mm,19.334382025059313,0.460140509204939,0.5973740072222427,48.51713964290591,33.08347146948008,Loam,AgroService Ltd,посуха,2024-09-25
1469,F0153,FARM04,2024,Soy,Soy-V2,40.2,ha,2024-05-04,2024-10-13,3.7785891802050173,t_ha,9.40988503023982,216.3,5,5.669904847108708,in,516.24335416127,NA,16.376285347389057,0.6141930788522586,0.6900795144727453,49.09074176510796,33.68834777986352,Clay,agroservice ltd,добре,2024-09-14
1470,F0054,FARM12,2024,wheat,Wheat-V1,99.5,ha,2024-03-31,2024-09-12,NA,bu_ac,11.279644238296896,202.8,4,10.945664232919418,in,663.8334121322259,mm,15.356105137616396,0.6054212644463405,0.6812986963661387,49.56398012921121,33.36538589074836,NA,Pole Plus,норма,2024-07-29
1471,F0098,FARM06,2024,Maize,Corn-V3,233,ac,2024-03-14,2024-10-14,9.876105005620047,t_ha,14.54257819079794,141.9,3,202.75624794885516,mm,642.4455724074505,mm,12.269382697995752,NA,NA,49.70930212263251,30.622921599367636,Chernozem,UkrAgroTech,добре,2024-07-27
1472,F0009,FARM04,2024,Corn,Corn-V2,35,ac,2024-03-22,2024-09-21,187.49461583066497,bu_ac,12.932549148332328,102.4,5,0,mm,245.38206818979234,mm,21.16372923878953,0.7830455280141905,0.897336427308619,49.20708387859026,33.922112769877074,Chernozem,Pole Plus,норма,2024-06-13
1473,F0137,FARM10,2024,Soy,Soy-V2,28.9,ha,2024-03-29,2024-08-28,2.121402928372845,t_ha,30.699186260346323," 193,8 ",0,4.328742678786855,in,570.6789943389595,mm,22.94006816041656,0.49240467408671973,0.6074947302229702,49.30931271425355,29.305080797411968,Loam,agroservice ltd,норма,2024-06-26
1474,F0073,FARM12,2024,Sunflower,Sunflower-V4,74.5,NA,2024-05-03,2024-08-21,2.0788094953168184,t_ha,22.164079687325284,215.4,2,0,NA,11.127694663463352,in,18.583269954426214,0.35841025030240414,0.5,49.987148067534434,32.84651456982037,Chernozem,SunField Co,зрошення застосовано,2024-05-15
1475,F0018,FARM05,2024,Wheat,Wheat-V1,29.9,ha,2024-05-20,2024-10-03,77.72589403372065,bu_ac,28.708287546411157,60.7,4,295.58003002312034,mm,159.66044400120154,mm,18.360134464222938,0.6399111666483804,0.7147894113557413,49.05453972245147,30.744031787103975,Chernozem,AgroService Ltd,добре,2024-08-29
1476,F0166,FARM05,2024,wheat,Wheat-V3,7.9,ha,22.03.2024,21.09.2024,51.247786182528266,bu_ac,21.413335915654898,160.7,0,379.64964722050354,NA,389.7174250916578,mm,13.137468068860471,NA,NA,48.712514942226,28.890570213146976,Chernozem,Field Master,перевірити,2024-06-17
1477,F0047,FARM08,2024,Wheat,Wheat-V2,99.9,ha,2024-05-02,2024-07-29,7.8927314195316285,t_ha,11.249815611867234,67.6,4,0,mm,648.8531290087849,mm,13.743909978074953,0.5322223450290039,0.6591274937381968,48.61786320869578,30.977074689005036,NA,Field Master,добре,2024-07-28
1478,F0098,FARM06,2024,Corn,Corn-V3,233,ac,2024-03-14,2024-10-14,9.876105005620047,t_ha,14.54257819079794,141.9,3,202.75624794885516,mm,642.4455724074505,mm,12.269382697995752,0.66415775581263,0.7648265184368938,49.70930212263251,30.622921599367636,Chernozem,UkrAgroTech,добре,2024-09-02
1479,F0143,FARM11,2024,Wheat,Wheat-V2,155,ac,2024-03-12,2024-10-01,6.350416462635621,t_ha,23.03736373805441," 108,7 ",3,376.5658435760997,mm,14.589639369574355,in,12.390681392513216,NA,NA,49.60252644950431,31.642213608950378,Chernozem,Pole Plus,зрошення застосовано,2024-07-12
1480,F0121,FARM11,2024,Corn,Corn-V5,142.1,ac,2024-05-06,2024-08-14,6.0476020304486156,t_ha,19.37474780413322,216.3,4,0,mm,512.8700844827108,mm,20.40337445726618,NA,NA,48.62279555547237,33.540336509191434,Loam,AgroService Ltd,посуха,2024-08-09
1481,F0120,FARM11,2024,wheat,Wheat-V1,22.3,ha,2024-05-04,2024-08-25,7.822265973780304,t_ha,20.218908810755238,217.1,4,7.465374815519753,in,11.54344526576025,in,17.087858494138345,0.4272971597034484,0.5042229550890625,49.351761254160664,33.340001792449044,Chernozem,  UkrAgroTech ,добре,2024-07-20
1482,F0013,FARM07,2024,soya,Soy-V4,30.4,ha,2024-03-24,2024-07-31,1.5638884480576962,NA,18.23589786584489,99,3,0,NA,268.4657947975211,mm,15.249980145599693,NA,NA,48.841545167677566,33.74680080015305,NA,UkrAgroTech,перевірити,2024-06-21
1483,F0116,FARM04,2024,Soy,Soy-V5,43.6,ha,26.03.2024,12.09.2024,NA,bu_ac,15.610496307024732,190.6,4,249.96498601976782,mm,566.568944172468,mm,19.374237705254927,0.8307219908107072,0.95,49.61296878497536,33.785506481076126,Chernozem,sunfield co,зрошення застосовано,2024-08-29
1484,F0041,FARM06,2024,Sunflower,Sunflower-V5,25.1,ha,2024-04-08,2024-10-05,2.45502366120927,t_ha,24.47740547079593,149.1,1,0,mm,23.250590417237117,in,16.42417799611576,0.4093695323914289,0.5,49.27202126573399,29.58394480904611,Loam,SunField Co,зрошення застосовано,2024-05-14
1485,F0074,FARM06,2024,wheat,Wheat-V5,47.8,ac,2024-05-07,2024-08-05,108.44297233462488,bu_ac,34.35369890765287,164.5,1,0,mm,678.8982579833828,mm,22.257242793915793,0.4559426094871014,0.5571377605199813,49.83224447855726,29.877353757942096,Loam,sunfield co,зрошення застосовано,2024-05-22
1486,F0001,FARM12,2024,soya,Soy-V2,101.3,NA,2024-03-19,2024-09-12,2.0101221561199054,t_ha,17.93795979418792,154.9,3,0,mm,23.263835972889996,in,13.458090962609276,0.5695840231142938,0.6845411276677623,49.4540542535414,30.06492411188316,Chernozem,UkrAgroTech,перевірити,2024-09-08
1487,F0097,FARM02,2024,Maize,Corn-V1,105.5,ac,2024-05-11,2024-08-30,153.58941657705958,bu_ac,17.73070918326266,10,0,0,mm,271.5782670886256,mm,19.13096229103394,0.35276685308199374,0.5,49.48942472338444,28.574671022844036,chernozem,POLE PLUS,посуха ,2024-06-27
1488,F0175,FARM06,2024,Wheat,Wheat-V2,12.7,ha,2024-05-04,2024-10-10,115.26082619543106,bu_ac,28.24534971592948,77.6,3,0,mm,392.56868278607726,mm,18.48305880976841,0.3613505444023758,0.5,49.68776870567584,32.85975864349492,Clay,AgroService Ltd,без примітки,2024-09-21
1489,F0106,FARM08,2024,Sunflower,Sunflower-V3,92.9,ha,2024-05-06,2024-09-14,73.05152113181784,bu_ac,18.101373933721334,99.2,4,0,mm,230.38893289631233,mm,15.441293412819505,0.736435727821663,0.7977751875529066,48.802430170864334,32.021926630538424,Sandy,  UkrAgroTech ,зрошення застосовано,2024-09-12
1490,F0066,FARM12,2024,Soy,Soy-V5,66.1,NA,2024-03-10,2024-08-01,1.979856226593256,t_ha,31.90986208897084,160.2,5,102.09759729914367,mm,21.015224246377876,in,13.175283188698813,0.7377905925037339,0.8209285392658785,49.48291347293416,30.620346061817838,Loam,GreenCrop ,посуха,2024-06-05
1491,F0061,FARM05,2024,Corn,Corn-V3,60.6,ha,2024-05-13,2024-10-12,NA,bu_ac,19.504111729795113,76.4,6,307.6109573361464,mm,11.762189044521785,in,13.747323927702382,NA,NA,49.882411058881786,31.75244216183573,Chernozem,Field Master,посуха,2024-09-26
1492,F0146,FARM05,2024,Wheat,Wheat-V3,83.8,ha,2024-04-25,2024-10-07,110.9254263918487,bu_ac,24.580747057218105,61.6,0,342.52868506591767,mm,24.77356914007362,in,22.852584965527058,0.6239237473579123,0.6888406236423179,49.09781078606704,29.394144636219835,Chernozem,UkrAgroTech,добре,2024-06-20
1493,F0100,FARM02,2024,Wheat,Wheat-V4,69.6,ac,2024-04-07,2024-08-03,96.98013293129263,bu_ac,24.416961741866544,161.5,4,0,mm,400.6871094345115,mm,16.123877361416817,0.4854305220302194,0.6049881332321092,49.06267173125828,30.588034155547156,Chernozem,Field Master,добре,2024-06-07
1494,F0004,FARM04,2024,soya,Soy-V3," 89,3",ha,14.05.2024,24.09.2024,3.6313035796629265,t_ha,24.181020002113655,167.7,5,70.20687271142378,NA,274.96327471453696,mm,13.058448714902624,0.46270762723870573,0.5776409403420985,49.49969187557697,33.00418895693403,Loam,Field Master,добре,2024-06-11
1495,F0047,FARM08,2024,Wheat,Wheat-V2,99.9,NA,2024-05-02,2024-07-29,117.27684130061856,bu_ac,11.249815611867234,67.6,4,0,mm,25.545398779873423,in,13.743909978074953,0.7382560369092971,0.8618171792011707,48.61786320869578,30.977074689005036,Chernozem,Field Master,добре,2024-07-17
1496,F0150,FARM08,2024,Wheat,Wheat-V5,98.2,ha,2024-03-20,2024-08-02,6.154148577013984,t_ha,13.887586144031957,106.7,0,9.3227089332292,in,398.4629520447925,mm,14.52006634278223,0.7795259864302352,0.8619945750106126,48.95343883008463,33.19040964336554,CLAY ,GreenCrop ,зрошення застосовано,2024-09-27
1497,F0112,FARM08,2024,Wheat,Wheat-V3,275.8,ac,2024-05-02,2024-09-28,-0.09197506331838667,t_ha,30.761868586065248,73.2,1,140.04889347124845,mm,359.17925545945764,mm,13.28689100407064,0.5577080735471099,0.6549433490959927,49.686820577460345,31.00220091697993,Loam,POLE PLUS,добре,2024-06-10
1498,F0109,FARM03,2024,Soy,Soy-V5,77.9,ha,2024-05-19,2024-08-26,1.7733576798345894,t_ha,23.469693066785112,203.7,6,290.31850955216214,mm,235.44656498124823,mm,15.440130766713992,0.63712266869843,0.692181567614898,48.628853849126955,28.692569010023494,Chernozem,UkrAgroTech,зрошення застосовано,2024-09-01
1499,F0147,FARM01,2024,soya,Soy-V2,97,ha,2024-03-14,2024-09-23,26.906280858611016,bu_ac,15.010438249912113,161.9,4,187.22290239529684,mm,232.22202578326687,mm,19.501204959349707,0.3631043649744242,0.5,49.186465103103316,32.563832794721705,Clay,agroservice ltd,проблема з дренажем,2024-09-08
1500,F0151,FARM11,2024,Corn,Corn-V2,174.7,ac,13.03.2024,28.07.2024,99.27185466602019,bu_ac,19.714003268862143,42.3,4,7.217930756347973,in,489.8867229465395,mm,20.457409860100597,0.712781434552744,0.8174342029262334,49.43271184646711,32.97038999099192,Chernozem,AgroService Ltd,проблема з дренажем,2024-09-03
1501,F0178,FARM04,2024,Soy,Soy-V4,94.9,ha,2024-05-13,2024-09-29,49.7285641863372,bu_ac,17.27106159972027,191.2,0,172.24945093039423,NA,217.30307484976947,mm,21.25247910292819,0.5219583044759929,0.6673968698829412,49.10760136450315,29.508594120971395,Chernozem,AgroService Ltd,добре,2024-09-13
1502,F0087,FARM10,2024,Wheat,Wheat-V2,100.7,ha,2024-04-09,2024-08-24,6.539307911414653,t_ha,13.952209253329784,42.8,4,97.26972467033193,mm,472.65386392828077,mm,19.736648411257192,NA,NA,49.616789512768854,28.80246420747787,Sandy,GreenCrop,без примітки,2024-06-18
1503,F0082,FARM10,2024,Wheat,Wheat-V4,19.2,ha,2024-03-29,2024-07-29,90.77165906842006,bu_ac,32.46651548938826,12.3,4,1.99901852729239,in,467.5954924430698,mm,14.567363708978519,0.7307515644002706,0.8738855631323531,49.167345152378545,31.0308623474706,Chernozem,UkrAgroTech,без примітки,2024-08-17
1504,F0006,FARM11,2024,Sunflower,Sunflower-V3," 8,2",ha,2024-03-30,2024-08-19,50.67826606896951,bu_ac,24.448023564182222,80.7,1,0,mm,643.3132129139267,NA,19.931904879398644,0.4009766979375854,0.5444275378482416,48.550681429362854,33.47886777517619,Chernozem,UkrAgroTech,перевірити,2024-08-28
1505,F0107,FARM08,2024,Corn,Corn-V3,167.7,ac,2024-04-02,2024-08-21,121.31184177876564,bu_ac,25.764335512649268,156.7,5,128.58381224796176,mm,290.2303160633892,mm,12.319094770820811,0.6109279630705714,0.7043087062425911,49.41644257587334,33.41691162278829,Chernozem,  UkrAgroTech ,перевірити,2024-08-06
1506,F0080,FARM04,2024,Soy,Soy-V5,25.2,NA,2024-05-08,2024-09-03,2.089523832895793,t_ha,28.996699631214142," 47,2 ",2,0,in,326.4474817784503,mm,19.707293085753918,NA,NA,49.301019012641625,29.616434515206144,Loam,agroservice ltd,норма,2024-08-09
